  0
SECTION
  2
HEADER
  9
$ACADVER
  1
AC1032
  9
$ACADMAINTVER
 90
      327
  9
$DWGCODEPAGE
  3
ANSI_1252
  9
$LASTSAVEDBY
  1
vboxuser
  9
$REQUIREDVERSIONS
160
                 0
  9
$INSBASE
 10
0.0
 20
0.0
 30
0.0
  9
$EXTMIN
 10
4.689574966444639
 20
2.127221986658094
 30
-0.00000001
  9
$EXTMAX
 10
104.882121491608
 20
137.0850481950335
 30
0.00000001
  9
$LIMMIN
 10
0.0
 20
0.0
  9
$LIMMAX
 10
12.0
 20
9.0
  9
$ORTHOMODE
 70
     0
  9
$REGENMODE
 70
     1
  9
$FILLMODE
 70
     1
  9
$QTEXTMODE
 70
     0
  9
$MIRRTEXT
 70
     0
  9
$LTSCALE
 40
1.0
  9
$ATTMODE
 70
     1
  9
$TEXTSIZE
 40
2.5
  9
$TRACEWID
 40
0.05
  9
$TEXTSTYLE
  7
STANDARD
  9
$CLAYER
  8
0
  9
$CELTYPE
  6
CONTINUOUS
  9
$CECOLOR
 62
   256
  9
$CELTSCALE
 40
1.0
  9
$DISPSILH
 70
     0
  9
$DIMSCALE
 40
1.0
  9
$DIMASZ
 40
0.18
  9
$DIMEXO
 40
0.0625
  9
$DIMDLI
 40
0.38
  9
$DIMRND
 40
0.0
  9
$DIMDLE
 40
0.0
  9
$DIMEXE
 40
0.18
  9
$DIMTP
 40
0.0
  9
$DIMTM
 40
0.0
  9
$DIMTXT
 40
0.18
  9
$DIMCEN
 40
0.09
  9
$DIMTSZ
 40
0.0
  9
$DIMTOL
 70
     0
  9
$DIMLIM
 70
     0
  9
$DIMTIH
 70
     1
  9
$DIMTOH
 70
     1
  9
$DIMSE1
 70
     0
  9
$DIMSE2
 70
     0
  9
$DIMTAD
 70
     0
  9
$DIMZIN
 70
     0
  9
$DIMBLK
  1

  9
$DIMASO
 70
     1
  9
$DIMSHO
 70
     1
  9
$DIMPOST
  1

  9
$DIMAPOST
  1

  9
$DIMALT
 70
     0
  9
$DIMALTD
 70
     2
  9
$DIMALTF
 40
25.4
  9
$DIMLFAC
 40
1.0
  9
$DIMTOFL
 70
     0
  9
$DIMTVP
 40
0.0
  9
$DIMTIX
 70
     0
  9
$DIMSOXD
 70
     0
  9
$DIMSAH
 70
     0
  9
$DIMBLK1
  1

  9
$DIMBLK2
  1

  9
$DIMSTYLE
  2
ISO-25
  9
$DIMCLRD
 70
     0
  9
$DIMCLRE
 70
     0
  9
$DIMCLRT
 70
     0
  9
$DIMTFAC
 40
1.0
  9
$DIMGAP
 40
0.09
  9
$DIMJUST
 70
     0
  9
$DIMSD1
 70
     0
  9
$DIMSD2
 70
     0
  9
$DIMTOLJ
 70
     1
  9
$DIMTZIN
 70
     0
  9
$DIMALTZ
 70
     0
  9
$DIMALTTZ
 70
     0
  9
$DIMUPT
 70
     0
  9
$DIMDEC
 70
     4
  9
$DIMTDEC
 70
     4
  9
$DIMALTU
 70
     2
  9
$DIMALTTD
 70
     2
  9
$DIMTXSTY
  7
STANDARD
  9
$DIMAUNIT
 70
     0
  9
$DIMADEC
 70
     0
  9
$DIMALTRND
 40
0.0
  9
$DIMAZIN
 70
     0
  9
$DIMDSEP
 70
    46
  9
$DIMATFIT
 70
     3
  9
$DIMFRAC
 70
     0
  9
$DIMLDRBLK
  1

  9
$DIMLUNIT
 70
     2
  9
$DIMLWD
 70
    -2
  9
$DIMLWE
 70
    -2
  9
$DIMTMOVE
 70
     0
  9
$DIMFXL
 40
1.0
  9
$DIMFXLON
 70
     0
  9
$DIMJOGANG
 40
0.7853981633974483
  9
$DIMTFILL
 70
     0
  9
$DIMTFILLCLR
 70
     0
  9
$DIMARCSYM
 70
     0
  9
$DIMLTYPE
  6

  9
$DIMLTEX1
  6

  9
$DIMLTEX2
  6

  9
$DIMTXTDIRECTION
 70
     0
  9
$LUNITS
 70
     2
  9
$LUPREC
 70
     4
  9
$SKETCHINC
 40
0.1
  9
$FILLETRAD
 40
0.0
  9
$AUNITS
 70
     0
  9
$AUPREC
 70
     0
  9
$MENU
  1
.
  9
$ELEVATION
 40
0.0
  9
$PELEVATION
 40
0.0
  9
$THICKNESS
 40
0.0
  9
$LIMCHECK
 70
     0
  9
$CHAMFERA
 40
0.0
  9
$CHAMFERB
 40
0.0
  9
$CHAMFERC
 40
0.0
  9
$CHAMFERD
 40
0.0
  9
$SKPOLY
 70
     0
  9
$TDCREATE
 40
2461288.821875000
  9
$TDUCREATE
 40
2461288.738541667
  9
$TDUPDATE
 40
2461288.831087963
  9
$TDUUPDATE
 40
2461288.747754630
  9
$TDINDWG
 40
0.0053125000
  9
$TDUSRTIMER
 40
0.0053125000
  9
$USRTIMER
 70
     1
  9
$ANGBASE
 50
0.0
  9
$ANGDIR
 70
     0
  9
$PDMODE
 70
     0
  9
$PDSIZE
 40
0.0
  9
$PLINEWID
 40
0.0
  9
$SPLFRAME
 70
     0
  9
$SPLINETYPE
 70
     6
  9
$SPLINESEGS
 70
     8
  9
$HANDSEED
  5
103BE
  9
$SURFTAB1
 70
     6
  9
$SURFTAB2
 70
     6
  9
$SURFTYPE
 70
     6
  9
$SURFU
 70
     6
  9
$SURFV
 70
     6
  9
$UCSBASE
  2

  9
$UCSNAME
  2

  9
$UCSORG
 10
0.0
 20
0.0
 30
0.0
  9
$UCSXDIR
 10
1.0
 20
0.0
 30
0.0
  9
$UCSYDIR
 10
0.0
 20
1.0
 30
0.0
  9
$UCSORTHOREF
  2

  9
$UCSORTHOVIEW
 70
     0
  9
$UCSORGTOP
 10
0.0
 20
0.0
 30
0.0
  9
$UCSORGBOTTOM
 10
0.0
 20
0.0
 30
0.0
  9
$UCSORGLEFT
 10
0.0
 20
0.0
 30
0.0
  9
$UCSORGRIGHT
 10
0.0
 20
0.0
 30
0.0
  9
$UCSORGFRONT
 10
0.0
 20
0.0
 30
0.0
  9
$UCSORGBACK
 10
0.0
 20
0.0
 30
0.0
  9
$PUCSBASE
  2

  9
$PUCSNAME
  2

  9
$PUCSORG
 10
0.0
 20
0.0
 30
0.0
  9
$PUCSXDIR
 10
1.0
 20
0.0
 30
0.0
  9
$PUCSYDIR
 10
0.0
 20
1.0
 30
0.0
  9
$PUCSORTHOREF
  2

  9
$PUCSORTHOVIEW
 70
     0
  9
$PUCSORGTOP
 10
0.0
 20
0.0
 30
0.0
  9
$PUCSORGBOTTOM
 10
0.0
 20
0.0
 30
0.0
  9
$PUCSORGLEFT
 10
0.0
 20
0.0
 30
0.0
  9
$PUCSORGRIGHT
 10
0.0
 20
0.0
 30
0.0
  9
$PUCSORGFRONT
 10
0.0
 20
0.0
 30
0.0
  9
$PUCSORGBACK
 10
0.0
 20
0.0
 30
0.0
  9
$USERI1
 70
     0
  9
$USERI2
 70
     0
  9
$USERI3
 70
     0
  9
$USERI4
 70
     0
  9
$USERI5
 70
     0
  9
$USERR1
 40
0.0
  9
$USERR2
 40
0.0
  9
$USERR3
 40
0.0
  9
$USERR4
 40
0.0
  9
$USERR5
 40
0.0
  9
$WORLDVIEW
 70
     1
  9
$SHADEDGE
 70
     3
  9
$SHADEDIF
 70
    70
  9
$TILEMODE
 70
     1
  9
$MAXACTVP
 70
    64
  9
$PINSBASE
 10
0.0
 20
0.0
 30
0.0
  9
$PLIMCHECK
 70
     0
  9
$PEXTMIN
 10
1.000000000000000E+20
 20
1.000000000000000E+20
 30
1.000000000000000E+20
  9
$PEXTMAX
 10
-1.000000000000000E+20
 20
-1.000000000000000E+20
 30
-1.000000000000000E+20
  9
$PLIMMIN
 10
0.0
 20
0.0
  9
$PLIMMAX
 10
12.0
 20
9.0
  9
$UNITMODE
 70
     0
  9
$VISRETAIN
 70
     1
  9
$PLINEGEN
 70
     0
  9
$PSLTSCALE
 70
     1
  9
$TREEDEPTH
 70
  3020
  9
$CMLSTYLE
  2
Standard
  9
$CMLJUST
 70
     0
  9
$CMLSCALE
 40
1.0
  9
$PROXYGRAPHICS
 70
     1
  9
$MEASUREMENT
 70
     1
  9
$CELWEIGHT
370
    -1
  9
$ENDCAPS
280
     0
  9
$JOINSTYLE
280
     0
  9
$LWDISPLAY
290
     0
  9
$INSUNITS
 70
     0
  9
$HYPERLINKBASE
  1

  9
$STYLESHEET
  1

  9
$XEDIT
290
     1
  9
$CEPSNTYPE
380
     0
  9
$PSTYLEMODE
290
     1
  9
$FINGERPRINTGUID
  2
{CDD1392F-2EBD-F744-82C4-D8F7932F061A}
  9
$VERSIONGUID
  2
{C059F5A5-4C9E-6D46-8AC3-BEE6823B07BF}
  9
$EXTNAMES
290
     1
  9
$PSVPSCALE
 40
0.0
  9
$OLESTARTUP
290
     0
  9
$SORTENTS
280
   127
  9
$INDEXCTL
280
     0
  9
$HIDETEXT
280
     0
  9
$XCLIPFRAME
280
     2
  9
$HALOGAP
280
     0
  9
$OBSCOLOR
 70
   257
  9
$OBSLTYPE
280
     0
  9
$INTERSECTIONDISPLAY
280
     0
  9
$INTERSECTIONCOLOR
 70
   257
  9
$DIMASSOC
280
     1
  9
$PROJECTNAME
  1

  9
$CAMERADISPLAY
290
     0
  9
$LENSLENGTH
 40
50.0
  9
$CAMERAHEIGHT
 40
0.0
  9
$STEPSPERSEC
 40
2.0
  9
$STEPSIZE
 40
6.0
  9
$3DDWFPREC
 40
2.0
  9
$PSOLWIDTH
 40
0.25
  9
$PSOLHEIGHT
 40
4.0
  9
$LOFTANG1
 40
1.570796326794896
  9
$LOFTANG2
 40
1.570796326794896
  9
$LOFTMAG1
 40
0.0
  9
$LOFTMAG2
 40
0.0
  9
$LOFTPARAM
 70
     7
  9
$LOFTNORMALS
280
     1
  9
$LATITUDE
 40
37.795
  9
$LONGITUDE
 40
-122.394
  9
$NORTHDIRECTION
 40
0.0
  9
$TIMEZONE
 70
 -8000
  9
$LIGHTGLYPHDISPLAY
280
     1
  9
$TILEMODELIGHTSYNCH
280
     1
  9
$CMATERIAL
347
10004
  9
$SOLIDHIST
280
     0
  9
$SHOWHIST
280
     1
  9
$DWFFRAME
280
     2
  9
$DGNFRAME
280
     0
  9
$REALWORLDSCALE
290
     1
  9
$INTERFERECOLOR
 62
     1
  9
$INTERFEREOBJVS
345
10026
  9
$INTERFEREVPVS
346
10023
  9
$CSHADOW
280
     0
  9
$SHADOWPLANELOCATION
 40
0.0
  0
ENDSEC
  0
SECTION
  2
CLASSES
  0
CLASS
  1
ACDBDICTIONARYWDFLT
  2
AcDbDictionaryWithDefault
  3
ObjectDBX Classes
 90
        0
 91
        1
280
     0
281
     0
  0
CLASS
  1
MATERIAL
  2
AcDbMaterial
  3
ObjectDBX Classes
 90
     1153
 91
        3
280
     0
281
     0
  0
CLASS
  1
VISUALSTYLE
  2
AcDbVisualStyle
  3
ObjectDBX Classes
 90
     4095
 91
       24
280
     0
281
     0
  0
CLASS
  1
TABLESTYLE
  2
AcDbTableStyle
  3
ObjectDBX Classes
 90
     4095
 91
        1
280
     0
281
     0
  0
CLASS
  1
SCALE
  2
AcDbScale
  3
ObjectDBX Classes
 90
     1153
 91
       17
280
     0
281
     0
  0
CLASS
  1
MLEADERSTYLE
  2
AcDbMLeaderStyle
  3
ACDB_MLEADERSTYLE_CLASS
 90
     4095
 91
        1
280
     0
281
     0
  0
CLASS
  1
ACDBSECTIONVIEWSTYLE
  2
AcDbSectionViewStyle
  3
ObjectDBX Classes
 90
     1025
 91
        1
280
     0
281
     0
  0
CLASS
  1
ACDBDETAILVIEWSTYLE
  2
AcDbDetailViewStyle
  3
ObjectDBX Classes
 90
     1025
 91
        1
280
     0
281
     0
  0
CLASS
  1
RAPIDRTRENDERSETTINGS
  2
AcDbRapidRTRenderSettings
  3
ObjectDBX Classes
 90
     1024
 91
        7
280
     0
281
     0
  0
CLASS
  1
DICTIONARYVAR
  2
AcDbDictionaryVar
  3
ObjectDBX Classes
 90
        0
 91
       13
280
     0
281
     0
  0
CLASS
  1
CELLSTYLEMAP
  2
AcDbCellStyleMap
  3
ObjectDBX Classes
 90
     1152
 91
        2
280
     0
281
     0
  0
CLASS
  1
MENTALRAYRENDERSETTINGS
  2
AcDbMentalRayRenderSettings
  3
SCENEOE
 90
     1024
 91
        1
280
     0
281
     0
  0
ENDSEC
  0
SECTION
  2
TABLES
  0
TABLE
  2
VPORT
  5
8
330
0
100
AcDbSymbolTable
 70
     1
1001
ACAD
1000
DbSaveVer
1071
      377
  0
VPORT
  5
2E
330
8
100
AcDbSymbolTableRecord
100
AcDbViewportTableRecord
  2
*ACTIVE
 70
     0
 10
0.0
 20
0.0
 11
1.0
 21
1.0
 12
325.0542713274009
 22
126.918579643499
 13
0.0
 23
0.0
 14
10.0
 24
10.0
 15
10.0
 25
10.0
 16
0.0
 26
0.0
 36
1.0
 17
0.0
 27
0.0
 37
0.0
 40
321.7549550126925
 41
2.804216867469879
 42
50.0
 43
0.0
 44
0.0
 50
0.0
 51
0.0
 71
     0
 72
   100
 73
     1
 74
     3
 75
     0
 76
     0
 77
     0
 78
     0
281
     0
 65
     1
110
0.0
120
0.0
130
0.0
111
1.0
121
0.0
131
0.0
112
0.0
122
1.0
132
0.0
 79
     0
146
0.0
348
10022
 60
     3
 61
     5
292
     1
282
     1
141
0.0
142
0.0
 63
   250
421
  3355443
1001
ACAD_NAV_VCDISPLAY
1070
     3
  0
ENDTAB
  0
TABLE
  2
LTYPE
  5
5
330
0
100
AcDbSymbolTable
 70
     1
  0
LTYPE
  5
14
330
5
100
AcDbSymbolTableRecord
100
AcDbLinetypeTableRecord
  2
BYBLOCK
 70
     0
  3

 72
    65
 73
     0
 40
0.0
  0
LTYPE
  5
15
330
5
100
AcDbSymbolTableRecord
100
AcDbLinetypeTableRecord
  2
BYLAYER
 70
     0
  3

 72
    65
 73
     0
 40
0.0
  0
LTYPE
  5
16
330
5
100
AcDbSymbolTableRecord
100
AcDbLinetypeTableRecord
  2
CONTINUOUS
 70
     0
  3
Solid line
 72
    65
 73
     0
 40
0.0
  0
ENDTAB
  0
TABLE
  2
LAYER
  5
2
330
0
100
AcDbSymbolTable
 70
     1
  0
LAYER
  5
50
102
{ACAD_XDICTIONARY
360
10060
102
}
330
2
100
AcDbSymbolTableRecord
100
AcDbLayerTableRecord
  2
0
 70
     0
 62
     7
  6
CONTINUOUS
370
    -3
390
10002
347
10014
348
0
  0
ENDTAB
  0
TABLE
  2
STYLE
  5
3
330
0
100
AcDbSymbolTable
 70
     1
  0
STYLE
  5
11
330
3
100
AcDbSymbolTableRecord
100
AcDbTextStyleTableRecord
  2
STANDARD
 70
     0
 40
0.0
 41
1.0
 50
0.0
 71
     0
 42
2.5
  3
txt
  4

  0
ENDTAB
  0
TABLE
  2
VIEW
  5
6
330
0
100
AcDbSymbolTable
 70
     0
  0
ENDTAB
  0
TABLE
  2
UCS
  5
7
330
0
100
AcDbSymbolTable
 70
     0
  0
ENDTAB
  0
TABLE
  2
APPID
  5
9
330
0
100
AcDbSymbolTable
 70
     2
  0
APPID
  5
12
330
9
100
AcDbSymbolTableRecord
100
AcDbRegAppTableRecord
  2
ACAD
 70
     0
  0
APPID
  5
1006C
330
9
100
AcDbSymbolTableRecord
100
AcDbRegAppTableRecord
  2
ACAD_NAV_VCDISPLAY
 70
     0
  0
ENDTAB
  0
TABLE
  2
DIMSTYLE
  5
A
330
0
100
AcDbSymbolTable
 70
     1
100
AcDbDimStyleTable
 71
     0
  0
DIMSTYLE
105
27
330
A
100
AcDbSymbolTableRecord
100
AcDbDimStyleTableRecord
  2
ISO-25
 70
     0
 41
2.5
 42
0.625
 43
3.75
 44
1.25
 73
     0
 74
     0
 77
     1
 78
     8
140
2.5
141
2.5
143
0.03937007874016
147
0.625
171
     3
172
     1
271
     2
272
     2
274
     3
283
     0
284
     8
340
11
  0
ENDTAB
  0
TABLE
  2
BLOCK_RECORD
  5
1
330
0
100
AcDbSymbolTable
 70
     0
  0
BLOCK_RECORD
  5
1F
330
1
100
AcDbSymbolTableRecord
100
AcDbBlockTableRecord
  2
*MODEL_SPACE
340
10052
 70
     0
280
     1
281
     0
  0
BLOCK_RECORD
  5
1B
330
1
100
AcDbSymbolTableRecord
100
AcDbBlockTableRecord
  2
*PAPER_SPACE
340
10053
 70
     0
280
     1
281
     0
  0
ENDTAB
  0
ENDSEC
  0
SECTION
  2
BLOCKS
  0
BLOCK
  5
20
330
1F
100
AcDbEntity
  8
0
100
AcDbBlockBegin
  2
*MODEL_SPACE
 70
     0
 10
0.0
 20
0.0
 30
0.0
  3
*MODEL_SPACE
  1

  0
ENDBLK
  5
21
330
1F
100
AcDbEntity
  8
0
100
AcDbBlockEnd
  0
BLOCK
  5
1C
330
1B
100
AcDbEntity
 67
     1
  8
0
100
AcDbBlockBegin
  2
*PAPER_SPACE
 70
     0
 10
0.0
 20
0.0
 30
0.0
  3
*PAPER_SPACE
  1

  0
ENDBLK
  5
1D
330
1B
100
AcDbEntity
 67
     1
  8
0
100
AcDbBlockEnd
  0
ENDSEC
  0
SECTION
  2
ENTITIES
  0
SPLINE
  5
100
330
1F
100
AcDbEntity
  8
0
 62
     7
100
AcDbSpline
210
0.0
220
0.0
230
1.0
 70
     8
 71
     3
 72
     8
 73
     4
 74
     0
 42
0.000000001
 43
0.0000000001
 40
0.0
 40
0.0
 40
0.0
 40
0.0
 40
1.0
 40
1.0
 40
1.0
 40
1.0
 10
55.57582299999999
 20
18.41613
 30
0.0
 10
55.916803
 20
18.04405
 30
0.0
 10
56.317003
 20
17.37525
 30
0.0
 10
56.39926299999999
 20
16.24075
 30
0.0
  0
SPLINE
  5
101
330
1F
100
AcDbEntity
  8
0
 62
     7
100
AcDbSpline
210
0.0
220
0.0
230
1.0
 70
     8
 71
     3
 72
     8
 73
     4
 74
     0
 42
0.000000001
 43
0.0000000001
 40
0.0
 40
0.0
 40
0.0
 40
0.0
 40
1.0
 40
1.0
 40
1.0
 40
1.0
 10
56.39926299999999
 20
16.24075
 30
0.0
 10
56.492763
 20
14.95085
 30
0.0
 10
55.93953299999999
 20
10.97799
 30
0.0
 10
55.516753
 20
8.21157
 30
0.0
  0
SPLINE
  5
102
330
1F
100
AcDbEntity
  8
0
 62
     7
100
AcDbSpline
210
0.0
220
0.0
230
1.0
 70
     8
 71
     3
 72
     8
 73
     4
 74
     0
 42
0.000000001
 43
0.0000000001
 40
0.0
 40
0.0
 40
0.0
 40
0.0
 40
1.0
 40
1.0
 40
1.0
 40
1.0
 10
58.914583
 20
16.07474
 30
0.0
 10
59.05531299999999
 20
16.40047
 30
0.0
 10
59.050523
 20
16.76269
 30
0.0
 10
58.90158299999999
 20
17.04354
 30
0.0
  0
SPLINE
  5
103
330
1F
100
AcDbEntity
  8
0
 62
     7
100
AcDbSpline
210
0.0
220
0.0
230
1.0
 70
     8
 71
     3
 72
     8
 73
     4
 74
     0
 42
0.000000001
 43
0.0000000001
 40
0.0
 40
0.0
 40
0.0
 40
0.0
 40
1.0
 40
1.0
 40
1.0
 40
1.0
 10
58.90158299999999
 20
17.04354
 30
0.0
 10
58.386373
 20
18.01549
 30
0.0
 10
56.720813
 20
18.35318
 30
0.0
 10
55.575833
 20
18.41613
 30
0.0
  0
LWPOLYLINE
  5
104
330
1F
100
AcDbEntity
  8
0
 62
     7
100
AcDbPolyline
 90
        2
 70
     0
 43
0.0
 10
55.516753
 20
8.21157
 10
58.914583
 20
16.07474
  0
SPLINE
  5
105
330
1F
100
AcDbEntity
  8
0
 62
     7
100
AcDbSpline
210
0.0
220
0.0
230
1.0
 70
     8
 71
     3
 72
     8
 73
     4
 74
     0
 42
0.000000001
 43
0.0000000001
 40
0.0
 40
0.0
 40
0.0
 40
0.0
 40
1.0
 40
1.0
 40
1.0
 40
1.0
 10
53.609503
 20
16.2409
 30
0.0
 10
53.691803
 20
17.37525
 30
0.0
 10
54.091813
 20
18.0439
 30
0.0
 10
54.432793
 20
18.41613
 30
0.0
  0
SPLINE
  5
106
330
1F
100
AcDbEntity
  8
0
 62
     7
100
AcDbSpline
210
0.0
220
0.0
230
1.0
 70
     8
 71
     3
 72
     8
 73
     4
 74
     0
 42
0.000000001
 43
0.0000000001
 40
0.0
 40
0.0
 40
0.0
 40
0.0
 40
1.0
 40
1.0
 40
1.0
 40
1.0
 10
54.432793
 20
18.41613
 30
0.0
 10
53.256563
 20
18.35153
 30
0.0
 10
51.551663
 20
17.99888
 30
0.0
 10
51.075493
 20
16.97759
 30
0.0
  0
SPLINE
  5
107
330
1F
100
AcDbEntity
  8
0
 62
     7
100
AcDbSpline
210
0.0
220
0.0
230
1.0
 70
     8
 71
     3
 72
     8
 73
     4
 74
     0
 42
0.000000001
 43
0.0000000001
 40
0.0
 40
0.0
 40
0.0
 40
0.0
 40
1.0
 40
1.0
 40
1.0
 40
1.0
 10
51.075493
 20
16.97759
 30
0.0
 10
50.955103
 20
16.71946
 30
0.0
 10
50.96183299999999
 20
16.38402
 30
0.0
 10
51.093193
 20
16.07998
 30
0.0
  0
LWPOLYLINE
  5
108
330
1F
100
AcDbEntity
  8
0
 62
     7
100
AcDbPolyline
 90
        2
 70
     1
 43
0.0
 10
55.575833
 20
18.41613
 10
55.575833
 20
18.41613
  0
SPLINE
  5
109
330
1F
100
AcDbEntity
  8
0
 62
     7
100
AcDbSpline
210
0.0
220
0.0
230
1.0
 70
     8
 71
     3
 72
     8
 73
     4
 74
     0
 42
0.000000001
 43
0.0000000001
 40
0.0
 40
0.0
 40
0.0
 40
0.0
 40
1.0
 40
1.0
 40
1.0
 40
1.0
 10
54.49147299999999
 20
8.21591
 30
0.0
 10
54.06884300000001
 20
10.98203
 30
0.0
 10
53.516243
 20
14.9516
 30
0.0
 10
53.609563
 20
16.2409
 30
0.0
  0
LWPOLYLINE
  5
10A
330
1F
100
AcDbEntity
  8
0
 62
     7
100
AcDbPolyline
 90
        2
 70
     0
 43
0.0
 10
51.093193
 20
16.07998
 10
54.49147299999999
 20
8.21591
  0
LWPOLYLINE
  5
10B
330
1F
100
AcDbEntity
  8
0
 62
     7
100
AcDbPolyline
 90
        2
 70
     1
 43
0.0
 10
53.609563
 20
16.2409
 10
53.609563
 20
16.2409
  0
SPLINE
  5
10C
330
1F
100
AcDbEntity
  8
0
 62
     7
100
AcDbSpline
210
0.0
220
0.0
230
1.0
 70
     8
 71
     3
 72
     8
 73
     4
 74
     0
 42
0.000000001
 43
0.0000000001
 40
0.0
 40
0.0
 40
0.0
 40
0.0
 40
1.0
 40
1.0
 40
1.0
 40
1.0
 10
42.609063
 20
15.97632
 30
0.0
 10
42.88992299999999
 20
16.17896
 30
0.0
 10
43.066833
 20
16.48465
 30
0.0
 10
43.08239299999999
 20
16.79422
 30
0.0
  0
SPLINE
  5
10D
330
1F
100
AcDbEntity
  8
0
 62
     7
100
AcDbSpline
210
0.0
220
0.0
230
1.0
 70
     8
 71
     3
 72
     8
 73
     4
 74
     0
 42
0.000000001
 43
0.0000000001
 40
0.0
 40
0.0
 40
0.0
 40
0.0
 40
1.0
 40
1.0
 40
1.0
 40
1.0
 10
43.08239299999999
 20
16.79422
 30
0.0
 10
43.15269299999999
 20
18.18775
 30
0.0
 10
41.09289299999999
 20
19.59608
 30
0.0
 10
40.537453
 20
19.89684
 30
0.0
  0
SPLINE
  5
10E
330
1F
100
AcDbEntity
  8
0
 62
     7
100
AcDbSpline
210
0.0
220
0.0
230
1.0
 70
     8
 71
     3
 72
     8
 73
     4
 74
     0
 42
0.000000001
 43
0.0000000001
 40
0.0
 40
0.0
 40
0.0
 40
0.0
 40
1.0
 40
1.0
 40
1.0
 40
1.0
 10
40.537453
 20
19.89684
 30
0.0
 10
40.535453
 20
19.89784
 30
0.0
 10
40.533453
 20
19.89984
 30
0.0
 10
40.53045299999999
 20
19.90084
 30
0.0
  0
LWPOLYLINE
  5
10F
330
1F
100
AcDbEntity
  8
0
 62
     7
100
AcDbPolyline
 90
        3
 70
     0
 43
0.0
 10
34.734643
 20
10.34374
 10
34.727643
 20
10.28854
 10
42.609063
 20
15.97632
  0
LWPOLYLINE
  5
110
330
1F
100
AcDbEntity
  8
0
 62
     7
100
AcDbPolyline
 90
        2
 70
     0
 43
0.0
 10
40.53045299999999
 20
19.90084
 10
34.734643
 20
10.34374
  0
SPLINE
  5
111
330
1F
100
AcDbEntity
  8
0
 62
     7
100
AcDbSpline
210
0.0
220
0.0
230
1.0
 70
     8
 71
     3
 72
     8
 73
     4
 74
     0
 42
0.000000001
 43
0.0000000001
 40
0.0
 40
0.0
 40
0.0
 40
0.0
 40
1.0
 40
1.0
 40
1.0
 40
1.0
 10
35.031503
 20
12.61694
 30
0.0
 10
35.798853
 20
14.95011
 30
0.0
 10
37.742583
 20
19.92407
 30
0.0
 10
38.414823
 20
20.82722
 30
0.0
  0
SPLINE
  5
112
330
1F
100
AcDbEntity
  8
0
 62
     7
100
AcDbSpline
210
0.0
220
0.0
230
1.0
 70
     8
 71
     3
 72
     8
 73
     4
 74
     0
 42
0.000000001
 43
0.0000000001
 40
0.0
 40
0.0
 40
0.0
 40
0.0
 40
1.0
 40
1.0
 40
1.0
 40
1.0
 10
38.414823
 20
20.82722
 30
0.0
 10
38.089543
 20
20.90972
 30
0.0
 10
37.756493
 20
20.96376
 30
0.0
 10
37.437803
 20
20.96376
 30
0.0
  0
SPLINE
  5
113
330
1F
100
AcDbEntity
  8
0
 62
     7
100
AcDbSpline
210
0.0
220
0.0
230
1.0
 70
     8
 71
     3
 72
     8
 73
     4
 74
     0
 42
0.000000001
 43
0.0000000001
 40
0.0
 40
0.0
 40
0.0
 40
0.0
 40
1.0
 40
1.0
 40
1.0
 40
1.0
 10
37.437803
 20
20.96376
 30
0.0
 10
37.021893
 20
20.96376
 30
0.0
 10
36.688983
 20
20.87496
 30
0.0
 10
36.420243
 20
20.69232
 30
0.0
  0
SPLINE
  5
114
330
1F
100
AcDbEntity
  8
0
 62
     7
100
AcDbSpline
210
0.0
220
0.0
230
1.0
 70
     8
 71
     3
 72
     8
 73
     4
 74
     0
 42
0.000000001
 43
0.0000000001
 40
0.0
 40
0.0
 40
0.0
 40
0.0
 40
1.0
 40
1.0
 40
1.0
 40
1.0
 10
36.420243
 20
20.69232
 30
0.0
 10
36.19083300000002
 20
20.53649
 30
0.0
 10
36.029013
 20
20.25219
 30
0.0
 10
35.987133
 20
19.9317
 30
0.0
  0
LWPOLYLINE
  5
115
330
1F
100
AcDbEntity
  8
0
 62
     7
100
AcDbPolyline
 90
        2
 70
     0
 43
0.0
 10
35.987133
 20
19.9317
 10
35.031503
 20
12.61694
  0
LWPOLYLINE
  5
116
330
1F
100
AcDbEntity
  8
0
 62
     7
100
AcDbPolyline
 90
        2
 70
     1
 43
0.0
 10
35.987133
 20
19.9317
 10
35.987133
 20
19.9317
  0
SPLINE
  5
117
330
1F
100
AcDbEntity
  8
0
 62
     7
100
AcDbSpline
210
0.0
220
0.0
230
1.0
 70
     8
 71
     3
 72
     8
 73
     4
 74
     0
 42
0.000000001
 43
0.0000000001
 40
0.0
 40
0.0
 40
0.0
 40
0.0
 40
1.0
 40
1.0
 40
1.0
 40
1.0
 10
29.692603
 20
23.26692
 30
0.0
 10
30.020863
 20
23.37744
 30
0.0
 10
30.280193
 20
23.61717
 30
0.0
 10
30.386673
 20
23.9082
 30
0.0
  0
SPLINE
  5
118
330
1F
100
AcDbEntity
  8
0
 62
     7
100
AcDbSpline
210
0.0
220
0.0
230
1.0
 70
     8
 71
     3
 72
     8
 73
     4
 74
     0
 42
0.000000001
 43
0.0000000001
 40
0.0
 40
0.0
 40
0.0
 40
0.0
 40
1.0
 40
1.0
 40
1.0
 40
1.0
 10
30.386673
 20
23.9082
 30
0.0
 10
30.851333
 20
25.17925
 30
0.0
 10
29.410393
 20
27.06735
 30
0.0
 10
28.869013
 20
27.62847
 30
0.0
  0
SPLINE
  5
119
330
1F
100
AcDbEntity
  8
0
 62
     7
100
AcDbSpline
210
0.0
220
0.0
230
1.0
 70
     8
 71
     3
 72
     8
 73
     4
 74
     0
 42
0.000000001
 43
0.0000000001
 40
0.0
 40
0.0
 40
0.0
 40
0.0
 40
1.0
 40
1.0
 40
1.0
 40
1.0
 10
28.869013
 20
27.62847
 30
0.0
 10
28.868573
 20
27.62891
 30
0.0
 10
28.868123
 20
27.62935
 30
0.0
 10
28.867013
 20
27.63047
 30
0.0
  0
LWPOLYLINE
  5
11A
330
1F
100
AcDbEntity
  8
0
 62
     7
100
AcDbPolyline
 90
        3
 70
     0
 43
0.0
 10
20.505163
 20
20.21406
 10
20.481963
 20
20.16356
 10
29.692603
 20
23.26692
  0
SPLINE
  5
11B
330
1F
100
AcDbEntity
  8
0
 62
     7
100
AcDbSpline
210
0.0
220
0.0
230
1.0
 70
     8
 71
     3
 72
     8
 73
     4
 74
     0
 42
0.000000001
 43
0.0000000001
 40
0.0
 40
0.0
 40
0.0
 40
0.0
 40
1.0
 40
1.0
 40
1.0
 40
1.0
 10
25.601313
 20
29.66383
 30
0.0
 10
25.451463
 20
29.66383
 30
0.0
 10
25.312083
 20
29.64343
 30
0.0
 10
25.174943
 20
29.60163
 30
0.0
  0
SPLINE
  5
11C
330
1F
100
AcDbEntity
  8
0
 62
     7
100
AcDbSpline
210
0.0
220
0.0
230
1.0
 70
     8
 71
     3
 72
     8
 73
     4
 74
     0
 42
0.000000001
 43
0.0000000001
 40
0.0
 40
0.0
 40
0.0
 40
0.0
 40
1.0
 40
1.0
 40
1.0
 40
1.0
 10
25.174943
 20
29.60163
 30
0.0
 10
24.909783
 20
29.52053
 30
0.0
 10
24.671103
 20
29.29685
 30
0.0
 10
24.536353
 20
29.00298
 30
0.0
  0
LWPOLYLINE
  5
11D
330
1F
100
AcDbEntity
  8
0
 62
     7
100
AcDbPolyline
 90
        2
 70
     0
 43
0.0
 10
28.867013
 20
27.63047
 10
20.505163
 20
20.21406
  0
SPLINE
  5
11E
330
1F
100
AcDbEntity
  8
0
 62
     7
100
AcDbSpline
210
0.0
220
0.0
230
1.0
 70
     8
 71
     3
 72
     8
 73
     4
 74
     0
 42
0.000000001
 43
0.0000000001
 40
0.0
 40
0.0
 40
0.0
 40
0.0
 40
1.0
 40
1.0
 40
1.0
 40
1.0
 10
21.460803
 20
22.29779
 30
0.0
 10
22.883643
 20
24.3
 30
0.0
 10
26.211493
 20
28.4773
 30
0.0
 10
27.120473
 20
29.14086
 30
0.0
  0
SPLINE
  5
11F
330
1F
100
AcDbEntity
  8
0
 62
     7
100
AcDbSpline
210
0.0
220
0.0
230
1.0
 70
     8
 71
     3
 72
     8
 73
     4
 74
     0
 42
0.000000001
 43
0.0000000001
 40
0.0
 40
0.0
 40
0.0
 40
0.0
 40
1.0
 40
1.0
 40
1.0
 40
1.0
 10
27.120473
 20
29.14086
 30
0.0
 10
26.631733
 20
29.44072
 30
0.0
 10
26.099473
 20
29.66385
 30
0.0
 10
25.601313
 20
29.66385
 30
0.0
  0
LWPOLYLINE
  5
120
330
1F
100
AcDbEntity
  8
0
 62
     7
100
AcDbPolyline
 90
        2
 70
     0
 43
0.0
 10
24.536353
 20
29.00298
 10
21.460803
 20
22.29779
  0
LWPOLYLINE
  5
121
330
1F
100
AcDbEntity
  8
0
 62
     7
100
AcDbPolyline
 90
        2
 70
     1
 43
0.0
 10
25.601313
 20
29.66385
 10
25.601313
 20
29.66385
  0
SPLINE
  5
122
330
1F
100
AcDbEntity
  8
0
 62
     7
100
AcDbSpline
210
0.0
220
0.0
230
1.0
 70
     8
 71
     3
 72
     8
 73
     4
 74
     0
 42
0.000000001
 43
0.0000000001
 40
0.0
 40
0.0
 40
0.0
 40
0.0
 40
1.0
 40
1.0
 40
1.0
 40
1.0
 10
20.905853
 20
34.60973
 30
0.0
 10
20.951653
 20
34.60373
 30
0.0
 10
20.998153
 20
34.60073
 30
0.0
 10
21.044043
 20
34.60073
 30
0.0
  0
SPLINE
  5
123
330
1F
100
AcDbEntity
  8
0
 62
     7
100
AcDbSpline
210
0.0
220
0.0
230
1.0
 70
     8
 71
     3
 72
     8
 73
     4
 74
     0
 42
0.000000001
 43
0.0000000001
 40
0.0
 40
0.0
 40
0.0
 40
0.0
 40
1.0
 40
1.0
 40
1.0
 40
1.0
 10
21.044043
 20
34.60073
 30
0.0
 10
21.297233
 20
34.60073
 30
0.0
 10
21.535463
 20
34.69073
 30
0.0
 10
21.697583
 20
34.84764000000001
 30
0.0
  0
SPLINE
  5
124
330
1F
100
AcDbEntity
  8
0
 62
     7
100
AcDbSpline
210
0.0
220
0.0
230
1.0
 70
     8
 71
     3
 72
     8
 73
     4
 74
     0
 42
0.000000001
 43
0.0000000001
 40
0.0
 40
0.0
 40
0.0
 40
0.0
 40
1.0
 40
1.0
 40
1.0
 40
1.0
 10
21.697583
 20
34.84764000000001
 30
0.0
 10
22.528493
 20
35.65133
 30
0.0
 10
22.200673
 20
37.73864
 30
0.0
 10
21.923553
 20
38.56746
 30
0.0
  0
SPLINE
  5
125
330
1F
100
AcDbEntity
  8
0
 62
     7
100
AcDbSpline
210
0.0
220
0.0
230
1.0
 70
     8
 71
     3
 72
     8
 73
     4
 74
     0
 42
0.000000001
 43
0.0000000001
 40
0.0
 40
0.0
 40
0.0
 40
0.0
 40
1.0
 40
1.0
 40
1.0
 40
1.0
 10
21.923553
 20
38.56746
 30
0.0
 10
21.922553
 20
38.57146
 30
0.0
 10
21.921553
 20
38.57445999999999
 30
0.0
 10
21.920553
 20
38.57836
 30
0.0
  0
LWPOLYLINE
  5
126
330
1F
100
AcDbEntity
  8
0
 62
     7
100
AcDbPolyline
 90
        3
 70
     0
 43
0.0
 10
11.970953
 20
35.78277
 10
11.933153
 20
35.75157
 10
20.905853
 20
34.60973
  0
SPLINE
  5
127
330
1F
100
AcDbEntity
  8
0
 62
     7
100
AcDbSpline
210
0.0
220
0.0
230
1.0
 70
     8
 71
     3
 72
     8
 73
     4
 74
     0
 42
0.000000001
 43
0.0000000001
 40
0.0
 40
0.0
 40
0.0
 40
0.0
 40
1.0
 40
1.0
 40
1.0
 40
1.0
 10
19.533373
 20
41.74468499999998
 30
0.0
 10
19.325643
 20
41.74468499999998
 30
0.0
 10
19.101313
 20
41.657985
 30
0.0
 10
18.917813
 20
41.506745
 30
0.0
  0
LWPOLYLINE
  5
128
330
1F
100
AcDbEntity
  8
0
 62
     7
100
AcDbPolyline
 90
        2
 70
     0
 43
0.0
 10
21.920553
 20
38.57836
 10
11.970953
 20
35.78277
  0
SPLINE
  5
129
330
1F
100
AcDbEntity
  8
0
 62
     7
100
AcDbSpline
210
0.0
220
0.0
230
1.0
 70
     8
 71
     3
 72
     8
 73
     4
 74
     0
 42
0.000000001
 43
0.0000000001
 40
0.0
 40
0.0
 40
0.0
 40
0.0
 40
1.0
 40
1.0
 40
1.0
 40
1.0
 10
13.830333
 20
37.31479
 30
0.0
 10
15.955483
 20
38.44705
 30
0.0
 10
19.920113
 20
40.332464
 30
0.0
 10
21.045793
 20
40.598364
 30
0.0
  0
SPLINE
  5
12A
330
1F
100
AcDbEntity
  8
0
 62
     7
100
AcDbSpline
210
0.0
220
0.0
230
1.0
 70
     8
 71
     3
 72
     8
 73
     4
 74
     0
 42
0.000000001
 43
0.0000000001
 40
0.0
 40
0.0
 40
0.0
 40
0.0
 40
1.0
 40
1.0
 40
1.0
 40
1.0
 10
21.045793
 20
40.598364
 30
0.0
 10
20.669523
 20
41.173995
 30
0.0
 10
20.192303
 20
41.650765
 30
0.0
 10
19.647183
 20
41.736015
 30
0.0
  0
SPLINE
  5
12B
330
1F
100
AcDbEntity
  8
0
 62
     7
100
AcDbSpline
210
0.0
220
0.0
230
1.0
 70
     8
 71
     3
 72
     8
 73
     4
 74
     0
 42
0.000000001
 43
0.0000000001
 40
0.0
 40
0.0
 40
0.0
 40
0.0
 40
1.0
 40
1.0
 40
1.0
 40
1.0
 10
19.647183
 20
41.736015
 30
0.0
 10
19.610083
 20
41.742015
 30
0.0
 10
19.571783
 20
41.745015
 30
0.0
 10
19.533373
 20
41.745015
 30
0.0
  0
LWPOLYLINE
  5
12C
330
1F
100
AcDbEntity
  8
0
 62
     7
100
AcDbPolyline
 90
        2
 70
     0
 43
0.0
 10
18.917813
 20
41.506745
 10
13.830333
 20
37.31479
  0
SPLINE
  5
12D
330
1F
100
AcDbEntity
  8
0
 62
     7
100
AcDbSpline
210
0.0
220
0.0
230
1.0
 70
     8
 71
     3
 72
     8
 73
     4
 74
     0
 42
0.000000001
 43
0.0000000001
 40
0.0
 40
0.0
 40
0.0
 40
0.0
 40
1.0
 40
1.0
 40
1.0
 40
1.0
 10
69.03435299999999
 20
19.89701
 30
0.0
 10
68.355983
 20
19.52357
 30
0.0
 10
66.421373
 20
18.14588999999999
 30
0.0
 10
66.489423
 20
16.79439
 30
0.0
  0
SPLINE
  5
12E
330
1F
100
AcDbEntity
  8
0
 62
     7
100
AcDbSpline
210
0.0
220
0.0
230
1.0
 70
     8
 71
     3
 72
     8
 73
     4
 74
     0
 42
0.000000001
 43
0.0000000001
 40
0.0
 40
0.0
 40
0.0
 40
0.0
 40
1.0
 40
1.0
 40
1.0
 40
1.0
 10
66.489423
 20
16.79439
 30
0.0
 10
66.504923
 20
16.48496
 30
0.0
 10
66.68204300000001
 20
16.17928
 30
0.0
 10
66.962903
 20
15.97664
 30
0.0
  0
LWPOLYLINE
  5
12F
330
1F
100
AcDbEntity
  8
0
 62
     7
100
AcDbPolyline
 90
        2
 70
     0
 43
0.0
 10
19.533373
 20
41.745015
 10
19.533373
 20
41.74468499999998
  0
SPLINE
  5
130
330
1F
100
AcDbEntity
  8
0
 62
     7
100
AcDbSpline
210
0.0
220
0.0
230
1.0
 70
     8
 71
     3
 72
     8
 73
     4
 74
     0
 42
0.000000001
 43
0.0000000001
 40
0.0
 40
0.0
 40
0.0
 40
0.0
 40
1.0
 40
1.0
 40
1.0
 40
1.0
 10
69.041403
 20
19.90121
 30
0.0
 10
69.038403
 20
19.90021
 30
0.0
 10
69.03640300000001
 20
19.89821
 30
0.0
 10
69.03440299999999
 20
19.89721
 30
0.0
  0
LWPOLYLINE
  5
131
330
1F
100
AcDbEntity
  8
0
 62
     7
100
AcDbPolyline
 90
        4
 70
     0
 43
0.0
 10
66.962903
 20
15.97664
 10
74.844313
 20
10.28886
 10
74.83731299999998
 20
10.34406
 10
69.041403
 20
19.90121
  0
LWPOLYLINE
  5
132
330
1F
100
AcDbEntity
  8
0
 62
     7
100
AcDbPolyline
 90
        2
 70
     0
 43
0.0
 10
69.03440299999999
 20
19.89721
 10
69.03435299999999
 20
19.89701
  0
SPLINE
  5
133
330
1F
100
AcDbEntity
  8
0
 62
     7
100
AcDbSpline
210
0.0
220
0.0
230
1.0
 70
     8
 71
     3
 72
     8
 73
     4
 74
     0
 42
0.000000001
 43
0.0000000001
 40
0.0
 40
0.0
 40
0.0
 40
0.0
 40
1.0
 40
1.0
 40
1.0
 40
1.0
 10
80.70421299999997
 20
27.63016
 30
0.0
 10
80.702213
 20
27.62816
 30
0.0
 10
80.701213
 20
27.62616
 30
0.0
 10
80.699213
 20
27.62416
 30
0.0
  0
SPLINE
  5
134
330
1F
100
AcDbEntity
  8
0
 62
     7
100
AcDbSpline
210
0.0
220
0.0
230
1.0
 70
     8
 71
     3
 72
     8
 73
     4
 74
     0
 42
0.000000001
 43
0.0000000001
 40
0.0
 40
0.0
 40
0.0
 40
0.0
 40
1.0
 40
1.0
 40
1.0
 40
1.0
 10
80.699213
 20
27.62416
 30
0.0
 10
80.16157300000001
 20
27.06693
 30
0.0
 10
78.72063299999997
 20
25.17883
 30
0.0
 10
79.185443
 20
23.90778
 30
0.0
  0
SPLINE
  5
135
330
1F
100
AcDbEntity
  8
0
 62
     7
100
AcDbSpline
210
0.0
220
0.0
230
1.0
 70
     8
 71
     3
 72
     8
 73
     4
 74
     0
 42
0.000000001
 43
0.0000000001
 40
0.0
 40
0.0
 40
0.0
 40
0.0
 40
1.0
 40
1.0
 40
1.0
 40
1.0
 10
79.185443
 20
23.90778
 30
0.0
 10
79.29177299999998
 20
23.61675
 30
0.0
 10
79.551253
 20
23.37702
 30
0.0
 10
79.87952299999998
 20
23.2665
 30
0.0
  0
LWPOLYLINE
  5
136
330
1F
100
AcDbEntity
  8
0
 62
     7
100
AcDbPolyline
 90
        3
 70
     0
 43
0.0
 10
89.089643
 20
20.16351
 10
89.06644300000001
 20
20.21401
 10
80.70421299999997
 20
27.63016
  0
SPLINE
  5
137
330
1F
100
AcDbEntity
  8
0
 62
     7
100
AcDbSpline
210
0.0
220
0.0
230
1.0
 70
     8
 71
     3
 72
     8
 73
     4
 74
     0
 42
0.000000001
 43
0.0000000001
 40
0.0
 40
0.0
 40
0.0
 40
0.0
 40
1.0
 40
1.0
 40
1.0
 40
1.0
 10
82.451153
 20
29.14069
 30
0.0
 10
83.360283
 20
28.47683
 30
0.0
 10
86.687823
 20
24.29983
 30
0.0
 10
88.110663
 20
22.29777
 30
0.0
  0
LWPOLYLINE
  5
138
330
1F
100
AcDbEntity
  8
0
 62
     7
100
AcDbPolyline
 90
        2
 70
     0
 43
0.0
 10
79.87952299999998
 20
23.2665
 10
89.089643
 20
20.16351
  0
SPLINE
  5
139
330
1F
100
AcDbEntity
  8
0
 62
     7
100
AcDbSpline
210
0.0
220
0.0
230
1.0
 70
     8
 71
     3
 72
     8
 73
     4
 74
     0
 42
0.000000001
 43
0.0000000001
 40
0.0
 40
0.0
 40
0.0
 40
0.0
 40
1.0
 40
1.0
 40
1.0
 40
1.0
 10
85.035123
 20
29.00311
 30
0.0
 10
84.900373
 20
29.29683
 30
0.0
 10
84.661693
 20
29.52071
 30
0.0
 10
84.39653299999998
 20
29.60161
 30
0.0
  0
SPLINE
  5
13A
330
1F
100
AcDbEntity
  8
0
 62
     7
100
AcDbSpline
210
0.0
220
0.0
230
1.0
 70
     8
 71
     3
 72
     8
 73
     4
 74
     0
 42
0.000000001
 43
0.0000000001
 40
0.0
 40
0.0
 40
0.0
 40
0.0
 40
1.0
 40
1.0
 40
1.0
 40
1.0
 10
84.39653299999998
 20
29.60161
 30
0.0
 10
84.259543
 20
29.64351
 30
0.0
 10
84.120013
 20
29.66381
 30
0.0
 10
83.97046299999997
 20
29.66381
 30
0.0
  0
LWPOLYLINE
  5
13B
330
1F
100
AcDbEntity
  8
0
 62
     7
100
AcDbPolyline
 90
        2
 70
     0
 43
0.0
 10
88.110663
 20
22.29777
 10
85.035123
 20
29.00311
  0
SPLINE
  5
13C
330
1F
100
AcDbEntity
  8
0
 62
     7
100
AcDbSpline
210
0.0
220
0.0
230
1.0
 70
     8
 71
     3
 72
     8
 73
     4
 74
     0
 42
0.000000001
 43
0.0000000001
 40
0.0
 40
0.0
 40
0.0
 40
0.0
 40
1.0
 40
1.0
 40
1.0
 40
1.0
 10
83.97046299999997
 20
29.66381
 30
0.0
 10
83.472143
 20
29.66381
 30
0.0
 10
82.940193
 20
29.44068
 30
0.0
 10
82.451153
 20
29.14067
 30
0.0
  0
LWPOLYLINE
  5
13D
330
1F
100
AcDbEntity
  8
0
 62
     7
100
AcDbPolyline
 90
        3
 70
     1
 43
0.0
 10
83.97046299999997
 20
29.66381
 10
83.97046299999997
 20
30.62513
 10
83.97046299999997
 20
30.62513
  0
LWPOLYLINE
  5
13E
330
1F
100
AcDbEntity
  8
0
 62
     7
100
AcDbPolyline
 90
        2
 70
     1
 43
0.0
 10
82.451153
 20
29.14067
 10
82.451153
 20
29.14067
  0
SPLINE
  5
13F
330
1F
100
AcDbEntity
  8
0
 62
     7
100
AcDbSpline
210
0.0
220
0.0
230
1.0
 70
     8
 71
     3
 72
     8
 73
     4
 74
     0
 42
0.000000001
 43
0.0000000001
 40
0.0
 40
0.0
 40
0.0
 40
0.0
 40
1.0
 40
1.0
 40
1.0
 40
1.0
 10
87.651123
 20
38.5786
 30
0.0
 10
87.650123
 20
38.5746
 30
0.0
 10
87.649123
 20
38.5716
 30
0.0
 10
87.648123
 20
38.5677
 30
0.0
  0
SPLINE
  5
140
330
1F
100
AcDbEntity
  8
0
 62
     7
100
AcDbSpline
210
0.0
220
0.0
230
1.0
 70
     8
 71
     3
 72
     8
 73
     4
 74
     0
 42
0.000000001
 43
0.0000000001
 40
0.0
 40
0.0
 40
0.0
 40
0.0
 40
1.0
 40
1.0
 40
1.0
 40
1.0
 10
87.648123
 20
38.5677
 30
0.0
 10
87.365913
 20
37.70314000000001
 30
0.0
 10
87.04706299999998
 20
35.64769
 30
0.0
 10
87.874093
 20
34.84788
 30
0.0
  0
SPLINE
  5
141
330
1F
100
AcDbEntity
  8
0
 62
     7
100
AcDbSpline
210
0.0
220
0.0
230
1.0
 70
     8
 71
     3
 72
     8
 73
     4
 74
     0
 42
0.000000001
 43
0.0000000001
 40
0.0
 40
0.0
 40
0.0
 40
0.0
 40
1.0
 40
1.0
 40
1.0
 40
1.0
 10
87.874093
 20
34.84788
 30
0.0
 10
88.03635300000001
 20
34.691
 30
0.0
 10
88.27459300000002
 20
34.60097000000001
 30
0.0
 10
88.52763299999997
 20
34.60097000000001
 30
0.0
  0
SPLINE
  5
142
330
1F
100
AcDbEntity
  8
0
 62
     7
100
AcDbSpline
210
0.0
220
0.0
230
1.0
 70
     8
 71
     3
 72
     8
 73
     4
 74
     0
 42
0.000000001
 43
0.0000000001
 40
0.0
 40
0.0
 40
0.0
 40
0.0
 40
1.0
 40
1.0
 40
1.0
 40
1.0
 10
88.52763299999997
 20
34.60097000000001
 30
0.0
 10
88.57353299999997
 20
34.60097000000001
 30
0.0
 10
88.62003299999997
 20
34.60397
 30
0.0
 10
88.66582300000002
 20
34.60997000000001
 30
0.0
  0
LWPOLYLINE
  5
143
330
1F
100
AcDbEntity
  8
0
 62
     7
100
AcDbPolyline
 90
        3
 70
     0
 43
0.0
 10
97.638353
 20
35.75151
 10
97.60055300000001
 20
35.78270999999999
 10
87.651123
 20
38.5786
  0
LWPOLYLINE
  5
144
330
1F
100
AcDbEntity
  8
0
 62
     7
100
AcDbPolyline
 90
        2
 70
     0
 43
0.0
 10
88.66582300000002
 20
34.60997000000001
 10
97.638353
 20
35.75151
  0
SPLINE
  5
145
330
1F
100
AcDbEntity
  8
0
 62
     7
100
AcDbSpline
210
0.0
220
0.0
230
1.0
 70
     8
 71
     3
 72
     8
 73
     4
 74
     0
 42
0.000000001
 43
0.0000000001
 40
0.0
 40
0.0
 40
0.0
 40
0.0
 40
1.0
 40
1.0
 40
1.0
 40
1.0
 10
90.65366299999999
 20
41.506745
 30
0.0
 10
90.47016300000001
 20
41.65794499999999
 30
0.0
 10
90.24583300000001
 20
41.74468499999998
 30
0.0
 10
90.038253
 20
41.74468499999998
 30
0.0
  0
SPLINE
  5
146
330
1F
100
AcDbEntity
  8
0
 62
     7
100
AcDbSpline
210
0.0
220
0.0
230
1.0
 70
     8
 71
     3
 72
     8
 73
     4
 74
     0
 42
0.000000001
 43
0.0000000001
 40
0.0
 40
0.0
 40
0.0
 40
0.0
 40
1.0
 40
1.0
 40
1.0
 40
1.0
 10
90.038253
 20
41.74468499999998
 30
0.0
 10
89.99965300000003
 20
41.74468499999998
 30
0.0
 10
89.961353
 20
41.74168499999999
 30
0.0
 10
89.92429300000003
 20
41.735685
 30
0.0
  0
SPLINE
  5
147
330
1F
100
AcDbEntity
  8
0
 62
     7
100
AcDbSpline
210
0.0
220
0.0
230
1.0
 70
     8
 71
     3
 72
     8
 73
     4
 74
     0
 42
0.000000001
 43
0.0000000001
 40
0.0
 40
0.0
 40
0.0
 40
0.0
 40
1.0
 40
1.0
 40
1.0
 40
1.0
 10
89.92429300000003
 20
41.735685
 30
0.0
 10
89.36556299999997
 20
41.648385
 30
0.0
 10
88.893423
 20
41.162905
 30
0.0
 10
88.527623
 20
40.597744
 30
0.0
  0
SPLINE
  5
148
330
1F
100
AcDbEntity
  8
0
 62
     7
100
AcDbSpline
210
0.0
220
0.0
230
1.0
 70
     8
 71
     3
 72
     8
 73
     4
 74
     0
 42
0.000000001
 43
0.0000000001
 40
0.0
 40
0.0
 40
0.0
 40
0.0
 40
1.0
 40
1.0
 40
1.0
 40
1.0
 10
88.527623
 20
40.597744
 30
0.0
 10
89.655993
 20
40.330044
 30
0.0
 10
93.617193
 20
38.44628
 30
0.0
 10
95.74113299999998
 20
37.31460999999999
 30
0.0
  0
LWPOLYLINE
  5
149
330
1F
100
AcDbEntity
  8
0
 62
     7
100
AcDbPolyline
 90
        2
 70
     0
 43
0.0
 10
95.74113299999998
 20
37.31479
 10
90.65366299999999
 20
41.506745
  0
LWPOLYLINE
  5
14A
330
1F
100
AcDbEntity
  8
0
 62
     7
100
AcDbPolyline
 90
        2
 70
     0
 43
0.0
 10
95.74113299999998
 20
37.31460999999999
 10
95.74113299999998
 20
37.31479
  0
SPLINE
  5
14B
330
1F
100
AcDbEntity
  8
0
 62
     7
100
AcDbSpline
210
0.0
220
0.0
230
1.0
 70
     8
 71
     3
 72
     8
 73
     4
 74
     0
 42
0.000000001
 43
0.0000000001
 40
0.0
 40
0.0
 40
0.0
 40
0.0
 40
1.0
 40
1.0
 40
1.0
 40
1.0
 10
95.26929
 20
56.429095
 30
0.0
 10
96.24348000000001
 20
58.403035
 30
0.0
 10
97.02594000000001
 20
60.50664499999999
 30
0.0
 10
97.47878
 20
62.770715
 30
0.0
  0
SPLINE
  5
14C
330
1F
100
AcDbEntity
  8
0
 62
     7
100
AcDbSpline
210
0.0
220
0.0
230
1.0
 70
     8
 71
     3
 72
     8
 73
     4
 74
     0
 42
0.000000001
 43
0.0000000001
 40
0.0
 40
0.0
 40
0.0
 40
0.0
 40
1.0
 40
1.0
 40
1.0
 40
1.0
 10
97.47878
 20
62.770715
 30
0.0
 10
98.99928
 20
70.37336500000002
 30
0.0
 10
97.23352
 20
75.96259499999998
 30
0.0
 10
95.81440999999999
 20
80.453655
 30
0.0
  0
SPLINE
  5
14D
330
1F
100
AcDbEntity
  8
0
 62
     7
100
AcDbSpline
210
0.0
220
0.0
230
1.0
 70
     8
 71
     3
 72
     8
 73
     4
 74
     0
 42
0.000000001
 43
0.0000000001
 40
0.0
 40
0.0
 40
0.0
 40
0.0
 40
1.0
 40
1.0
 40
1.0
 40
1.0
 10
95.81440999999999
 20
80.453655
 30
0.0
 10
95.13918000000002
 20
82.590915
 30
0.0
 10
94.54456
 20
84.478705
 30
0.0
 10
94.52392000000001
 20
86.06965500000002
 30
0.0
  0
SPLINE
  5
14E
330
1F
100
AcDbEntity
  8
0
 62
     7
100
AcDbSpline
210
0.0
220
0.0
230
1.0
 70
     8
 71
     3
 72
     8
 73
     4
 74
     0
 42
0.000000001
 43
0.0000000001
 40
0.0
 40
0.0
 40
0.0
 40
0.0
 40
1.0
 40
1.0
 40
1.0
 40
1.0
 10
94.52392000000001
 20
86.06965500000002
 30
0.0
 10
94.60052000000001
 20
86.722595
 30
0.0
 10
94.66719000000001
 20
87.379285
 30
0.0
 10
94.70727999999999
 20
88.04254499999997
 30
0.0
  0
SPLINE
  5
14F
330
1F
100
AcDbEntity
  8
0
 62
     7
100
AcDbSpline
210
0.0
220
0.0
230
1.0
 70
     8
 71
     3
 72
     8
 73
     4
 74
     0
 42
0.000000001
 43
0.0000000001
 40
0.0
 40
0.0
 40
0.0
 40
0.0
 40
1.0
 40
1.0
 40
1.0
 40
1.0
 10
94.70727999999999
 20
88.04254499999997
 30
0.0
 10
95.17852000000001
 20
92.30778499999999
 30
0.0
 10
94.88943
 20
94.610745
 30
0.0
 10
94.14076999999997
 20
97.605835
 30
0.0
  0
SPLINE
  5
150
330
1F
100
AcDbEntity
  8
0
 62
     7
100
AcDbSpline
210
0.0
220
0.0
230
1.0
 70
     8
 71
     3
 72
     8
 73
     4
 74
     0
 42
0.000000001
 43
0.0000000001
 40
0.0
 40
0.0
 40
0.0
 40
0.0
 40
1.0
 40
1.0
 40
1.0
 40
1.0
 10
94.14076999999997
 20
97.605835
 30
0.0
 10
93.77720999999999
 20
99.05993500000001
 30
0.0
 10
93.80981
 20
99.80664500000001
 30
0.0
 10
93.85498
 20
100.840055
 30
0.0
  0
SPLINE
  5
151
330
1F
100
AcDbEntity
  8
0
 62
     7
100
AcDbSpline
210
0.0
220
0.0
230
1.0
 70
     8
 71
     3
 72
     8
 73
     4
 74
     0
 42
0.000000001
 43
0.0000000001
 40
0.0
 40
0.0
 40
0.0
 40
0.0
 40
1.0
 40
1.0
 40
1.0
 40
1.0
 10
93.85498
 20
100.840055
 30
0.0
 10
93.90207999999999
 20
101.915935
 30
0.0
 10
93.96071
 20
103.254875
 30
0.0
 10
93.57741
 20
105.810435
 30
0.0
  0
SPLINE
  5
152
330
1F
100
AcDbEntity
  8
0
 62
     7
100
AcDbSpline
210
0.0
220
0.0
230
1.0
 70
     8
 71
     3
 72
     8
 73
     4
 74
     0
 42
0.000000001
 43
0.0000000001
 40
0.0
 40
0.0
 40
0.0
 40
0.0
 40
1.0
 40
1.0
 40
1.0
 40
1.0
 10
93.57741
 20
105.810435
 30
0.0
 10
93.05203
 20
109.312655
 30
0.0
 10
92.25506000000001
 20
110.385995
 30
0.0
 10
91.33231999999999
 20
111.628775
 30
0.0
  0
SPLINE
  5
153
330
1F
100
AcDbEntity
  8
0
 62
     7
100
AcDbSpline
210
0.0
220
0.0
230
1.0
 70
     8
 71
     3
 72
     8
 73
     4
 74
     0
 42
0.000000001
 43
0.0000000001
 40
0.0
 40
0.0
 40
0.0
 40
0.0
 40
1.0
 40
1.0
 40
1.0
 40
1.0
 10
91.33231999999999
 20
111.628775
 30
0.0
 10
90.9227
 20
112.180625
 30
0.0
 10
90.49902000000001
 20
112.751165
 30
0.0
 10
90.05888
 20
113.619015
 30
0.0
  0
SPLINE
  5
154
330
1F
100
AcDbEntity
  8
0
 62
     7
100
AcDbSpline
210
0.0
220
0.0
230
1.0
 70
     8
 71
     3
 72
     8
 73
     4
 74
     0
 42
0.000000001
 43
0.0000000001
 40
0.0
 40
0.0
 40
0.0
 40
0.0
 40
1.0
 40
1.0
 40
1.0
 40
1.0
 10
90.05888
 20
113.619015
 30
0.0
 10
89.37423
 20
114.968875
 30
0.0
 10
89.23844
 20
116.561615
 30
0.0
 10
89.10728
 20
118.102005
 30
0.0
  0
SPLINE
  5
155
330
1F
100
AcDbEntity
  8
0
 62
     7
100
AcDbSpline
210
0.0
220
0.0
230
1.0
 70
     8
 71
     3
 72
     8
 73
     4
 74
     0
 42
0.000000001
 43
0.0000000001
 40
0.0
 40
0.0
 40
0.0
 40
0.0
 40
1.0
 40
1.0
 40
1.0
 40
1.0
 10
89.10728
 20
118.102005
 30
0.0
 10
88.97702
 20
119.631025
 30
0.0
 10
88.84243000000003
 20
121.212245
 30
0.0
 10
88.17047999999997
 20
122.577665
 30
0.0
  0
SPLINE
  5
156
330
1F
100
AcDbEntity
  8
0
 62
     7
100
AcDbSpline
210
0.0
220
0.0
230
1.0
 70
     8
 71
     3
 72
     8
 73
     4
 74
     0
 42
0.000000001
 43
0.0000000001
 40
0.0
 40
0.0
 40
0.0
 40
0.0
 40
1.0
 40
1.0
 40
1.0
 40
1.0
 10
88.17047999999997
 20
122.577665
 30
0.0
 10
87.65304
 20
123.629165
 30
0.0
 10
86.69783999999998
 20
124.570745
 30
0.0
 10
85.59459
 20
125.604905
 30
0.0
  0
LWPOLYLINE
  5
157
330
1F
100
AcDbEntity
  8
0
 62
     7
100
AcDbPolyline
 90
        2
 70
     0
 43
0.0
 10
104.39947
 20
52.29366500000001
 10
95.26929
 20
56.429095
  0
SPLINE
  5
158
330
1F
100
AcDbEntity
  8
0
 62
     7
100
AcDbSpline
210
0.0
220
0.0
230
1.0
 70
     8
 71
     3
 72
     8
 73
     4
 74
     0
 42
0.000000001
 43
0.0000000001
 40
0.0
 40
0.0
 40
0.0
 40
0.0
 40
1.0
 40
1.0
 40
1.0
 40
1.0
 10
84.57943
 20
125.461925
 30
0.0
 10
84.23337
 20
124.881665
 30
0.0
 10
83.90165999999998
 20
124.515565
 30
0.0
 10
83.36043000000001
 20
124.165605
 30
0.0
  0
SPLINE
  5
159
330
1F
100
AcDbEntity
  8
0
 62
     7
100
AcDbSpline
210
0.0
220
0.0
230
1.0
 70
     8
 71
     3
 72
     8
 73
     4
 74
     0
 42
0.000000001
 43
0.0000000001
 40
0.0
 40
0.0
 40
0.0
 40
0.0
 40
1.0
 40
1.0
 40
1.0
 40
1.0
 10
83.36043000000001
 20
124.165605
 30
0.0
 10
83.22568000000002
 20
124.318605
 30
0.0
 10
83.09451999999998
 20
124.468305
 30
0.0
 10
82.96680999999997
 20
124.614865
 30
0.0
  0
SPLINE
  5
15A
330
1F
100
AcDbEntity
  8
0
 62
     7
100
AcDbSpline
210
0.0
220
0.0
230
1.0
 70
     8
 71
     3
 72
     8
 73
     4
 74
     0
 42
0.000000001
 43
0.0000000001
 40
0.0
 40
0.0
 40
0.0
 40
0.0
 40
1.0
 40
1.0
 40
1.0
 40
1.0
 10
82.96680999999997
 20
124.614865
 30
0.0
 10
83.14283000000001
 20
125.506495
 30
0.0
 10
83.28625
 20
126.346685
 30
0.0
 10
83.39228
 20
127.490605
 30
0.0
  0
LWPOLYLINE
  5
15B
330
1F
100
AcDbEntity
  8
0
 62
     7
100
AcDbPolyline
 90
        3
 70
     0
 43
0.0
 10
85.59459
 20
125.604905
 10
84.99818000000002
 20
126.164075
 10
84.57943
 20
125.461925
  0
SPLINE
  5
15C
330
1F
100
AcDbEntity
  8
0
 62
     7
100
AcDbSpline
210
0.0
220
0.0
230
1.0
 70
     8
 71
     3
 72
     8
 73
     4
 74
     0
 42
0.000000001
 43
0.0000000001
 40
0.0
 40
0.0
 40
0.0
 40
0.0
 40
1.0
 40
1.0
 40
1.0
 40
1.0
 10
83.24035999999997
 20
127.975005
 30
0.0
 10
82.33437
 20
129.051035
 30
0.0
 10
81.80047
 20
130.047355
 30
0.0
 10
81.55939000000001
 20
131.110225
 30
0.0
  0
SPLINE
  5
15D
330
1F
100
AcDbEntity
  8
0
 62
     7
100
AcDbSpline
210
0.0
220
0.0
230
1.0
 70
     8
 71
     3
 72
     8
 73
     4
 74
     0
 42
0.000000001
 43
0.0000000001
 40
0.0
 40
0.0
 40
0.0
 40
0.0
 40
1.0
 40
1.0
 40
1.0
 40
1.0
 10
81.55939000000001
 20
131.110225
 30
0.0
 10
80.97015
 20
133.707805
 30
0.0
 10
78.99979999999998
 20
136.407975
 30
0.0
 10
77.01239
 20
136.283995
 30
0.0
  0
SPLINE
  5
15E
330
1F
100
AcDbEntity
  8
0
 62
     7
100
AcDbSpline
210
0.0
220
0.0
230
1.0
 70
     8
 71
     3
 72
     8
 73
     4
 74
     0
 42
0.000000001
 43
0.0000000001
 40
0.0
 40
0.0
 40
0.0
 40
0.0
 40
1.0
 40
1.0
 40
1.0
 40
1.0
 10
77.01239
 20
136.283995
 30
0.0
 10
75.32844
 20
136.180505
 30
0.0
 10
74.29114
 20
134.302275
 30
0.0
 10
73.92936999999998
 20
130.701505
 30
0.0
  0
SPLINE
  5
15F
330
1F
100
AcDbEntity
  8
0
 62
     7
100
AcDbSpline
210
0.0
220
0.0
230
1.0
 70
     8
 71
     3
 72
     8
 73
     4
 74
     0
 42
0.000000001
 43
0.0000000001
 40
0.0
 40
0.0
 40
0.0
 40
0.0
 40
1.0
 40
1.0
 40
1.0
 40
1.0
 10
73.92936999999998
 20
130.701505
 30
0.0
 10
73.83576999999998
 20
129.770535
 30
0.0
 10
73.70475
 20
128.899845
 30
0.0
 10
73.54696
 20
128.085675
 30
0.0
  0
SPLINE
  5
160
330
1F
100
AcDbEntity
  8
0
 62
     7
100
AcDbSpline
210
0.0
220
0.0
230
1.0
 70
     8
 71
     3
 72
     8
 73
     4
 74
     0
 42
0.000000001
 43
0.0000000001
 40
0.0
 40
0.0
 40
0.0
 40
0.0
 40
1.0
 40
1.0
 40
1.0
 40
1.0
 10
73.54696
 20
128.085675
 30
0.0
 10
73.43151
 20
127.731385
 30
0.0
 10
73.35255
 20
127.360495
 30
0.0
 10
73.31008
 20
126.985425
 30
0.0
  0
SPLINE
  5
161
330
1F
100
AcDbEntity
  8
0
 62
     7
100
AcDbSpline
210
0.0
220
0.0
230
1.0
 70
     8
 71
     3
 72
     8
 73
     4
 74
     0
 42
0.000000001
 43
0.0000000001
 40
0.0
 40
0.0
 40
0.0
 40
0.0
 40
1.0
 40
1.0
 40
1.0
 40
1.0
 10
73.31008
 20
126.985425
 30
0.0
 10
72.18050999999999
 20
122.242365
 30
0.0
 10
70.16020000000001
 20
119.711185
 30
0.0
 10
69.55256999999999
 20
119.032965
 30
0.0
  0
SPLINE
  5
162
330
1F
100
AcDbEntity
  8
0
 62
     7
100
AcDbSpline
210
0.0
220
0.0
230
1.0
 70
     8
 71
     3
 72
     8
 73
     4
 74
     0
 42
0.000000001
 43
0.0000000001
 40
0.0
 40
0.0
 40
0.0
 40
0.0
 40
1.0
 40
1.0
 40
1.0
 40
1.0
 10
69.55256999999999
 20
119.032965
 30
0.0
 10
68.53995000000001
 20
119.048165
 30
0.0
 10
65.25966
 20
118.968765
 30
0.0
 10
61.93691
 20
117.486595
 30
0.0
  0
SPLINE
  5
163
330
1F
100
AcDbEntity
  8
0
 62
     7
100
AcDbSpline
210
0.0
220
0.0
230
1.0
 70
     8
 71
     3
 72
     8
 73
     4
 74
     0
 42
0.000000001
 43
0.0000000001
 40
0.0
 40
0.0
 40
0.0
 40
0.0
 40
1.0
 40
1.0
 40
1.0
 40
1.0
 10
61.93691
 20
117.486595
 30
0.0
 10
58.19256
 20
115.816695
 30
0.0
 10
57.18802
 20
115.816545
 30
0.0
 10
54.98690999999999
 20
115.816395
 30
0.0
  0
SPLINE
  5
164
330
1F
100
AcDbEntity
  8
0
 62
     7
100
AcDbSpline
210
0.0
220
0.0
230
1.0
 70
     8
 71
     3
 72
     8
 73
     4
 74
     0
 42
0.000000001
 43
0.0000000001
 40
0.0
 40
0.0
 40
0.0
 40
0.0
 40
1.0
 40
1.0
 40
1.0
 40
1.0
 10
54.98690999999999
 20
115.816395
 30
0.0
 10
52.78579
 20
115.816545
 30
0.0
 10
51.7811
 20
115.816695
 30
0.0
 10
48.03705
 20
117.486595
 30
0.0
  0
SPLINE
  5
165
330
1F
100
AcDbEntity
  8
0
 62
     7
100
AcDbSpline
210
0.0
220
0.0
230
1.0
 70
     8
 71
     3
 72
     8
 73
     4
 74
     0
 42
0.000000001
 43
0.0000000001
 40
0.0
 40
0.0
 40
0.0
 40
0.0
 40
1.0
 40
1.0
 40
1.0
 40
1.0
 10
48.03705
 20
117.486595
 30
0.0
 10
44.7122
 20
118.969705
 30
0.0
 10
41.42967
 20
119.048225
 30
0.0
 10
40.41945
 20
119.032965
 30
0.0
  0
SPLINE
  5
166
330
1F
100
AcDbEntity
  8
0
 62
     7
100
AcDbSpline
210
0.0
220
0.0
230
1.0
 70
     8
 71
     3
 72
     8
 73
     4
 74
     0
 42
0.000000001
 43
0.0000000001
 40
0.0
 40
0.0
 40
0.0
 40
0.0
 40
1.0
 40
1.0
 40
1.0
 40
1.0
 10
40.41945
 20
119.032965
 30
0.0
 10
39.79656
 20
119.722555
 30
0.0
 10
37.70372
 20
122.333595
 30
0.0
 10
36.5906
 20
127.297685
 30
0.0
  0
SPLINE
  5
167
330
1F
100
AcDbEntity
  8
0
 62
     7
100
AcDbSpline
210
0.0
220
0.0
230
1.0
 70
     8
 71
     3
 72
     8
 73
     4
 74
     0
 42
0.000000001
 43
0.0000000001
 40
0.0
 40
0.0
 40
0.0
 40
0.0
 40
1.0
 40
1.0
 40
1.0
 40
1.0
 10
36.5906
 20
127.297685
 30
0.0
 10
36.5777
 20
127.395685
 30
0.0
 10
36.5637
 20
127.493305
 30
0.0
 10
36.5438
 20
127.589615
 30
0.0
  0
SPLINE
  5
168
330
1F
100
AcDbEntity
  8
0
 62
     7
100
AcDbSpline
210
0.0
220
0.0
230
1.0
 70
     8
 71
     3
 72
     8
 73
     4
 74
     0
 42
0.000000001
 43
0.0000000001
 40
0.0
 40
0.0
 40
0.0
 40
0.0
 40
1.0
 40
1.0
 40
1.0
 40
1.0
 10
36.5438
 20
127.589615
 30
0.0
 10
36.5097
 20
127.754275
 30
0.0
 10
36.4692
 20
127.917735
 30
0.0
 10
36.4267
 20
128.079995
 30
0.0
  0
SPLINE
  5
169
330
1F
100
AcDbEntity
  8
0
 62
     7
100
AcDbSpline
210
0.0
220
0.0
230
1.0
 70
     8
 71
     3
 72
     8
 73
     4
 74
     0
 42
0.000000001
 43
0.0000000001
 40
0.0
 40
0.0
 40
0.0
 40
0.0
 40
1.0
 40
1.0
 40
1.0
 40
1.0
 10
36.4267
 20
128.079995
 30
0.0
 10
36.26922
 20
128.895355
 30
0.0
 10
36.13822000000001
 20
129.767695
 30
0.0
 10
36.04445
 20
130.701505
 30
0.0
  0
SPLINE
  5
16A
330
1F
100
AcDbEntity
  8
0
 62
     7
100
AcDbSpline
210
0.0
220
0.0
230
1.0
 70
     8
 71
     3
 72
     8
 73
     4
 74
     0
 42
0.000000001
 43
0.0000000001
 40
0.0
 40
0.0
 40
0.0
 40
0.0
 40
1.0
 40
1.0
 40
1.0
 40
1.0
 10
36.04445
 20
130.701505
 30
0.0
 10
35.68268
 20
134.302125
 30
0.0
 10
34.64538
 20
136.180505
 30
0.0
 10
32.96127
 20
136.283995
 30
0.0
  0
SPLINE
  5
16B
330
1F
100
AcDbEntity
  8
0
 62
     7
100
AcDbSpline
210
0.0
220
0.0
230
1.0
 70
     8
 71
     3
 72
     8
 73
     4
 74
     0
 42
0.000000001
 43
0.0000000001
 40
0.0
 40
0.0
 40
0.0
 40
0.0
 40
1.0
 40
1.0
 40
1.0
 40
1.0
 10
32.96127
 20
136.283995
 30
0.0
 10
30.96803
 20
136.408875
 30
0.0
 10
29.00351
 20
133.707805
 30
0.0
 10
28.41443
 20
131.110225
 30
0.0
  0
SPLINE
  5
16C
330
1F
100
AcDbEntity
  8
0
 62
     7
100
AcDbSpline
210
0.0
220
0.0
230
1.0
 70
     8
 71
     3
 72
     8
 73
     4
 74
     0
 42
0.000000001
 43
0.0000000001
 40
0.0
 40
0.0
 40
0.0
 40
0.0
 40
1.0
 40
1.0
 40
1.0
 40
1.0
 10
28.41443
 20
131.110225
 30
0.0
 10
27.91627
 20
128.914045
 30
0.0
 10
26.22049
 20
127.327595
 30
0.0
 10
24.5805
 20
125.793335
 30
0.0
  0
SPLINE
  5
16D
330
1F
100
AcDbEntity
  8
0
 62
     7
100
AcDbSpline
210
0.0
220
0.0
230
1.0
 70
     8
 71
     3
 72
     8
 73
     4
 74
     0
 42
0.000000001
 43
0.0000000001
 40
0.0
 40
0.0
 40
0.0
 40
0.0
 40
1.0
 40
1.0
 40
1.0
 40
1.0
 10
24.5805
 20
125.793335
 30
0.0
 10
23.44181
 20
124.728075
 30
0.0
 10
22.36638
 20
123.722035
 30
0.0
 10
21.80316
 20
122.577365
 30
0.0
  0
SPLINE
  5
16E
330
1F
100
AcDbEntity
  8
0
 62
     7
100
AcDbSpline
210
0.0
220
0.0
230
1.0
 70
     8
 71
     3
 72
     8
 73
     4
 74
     0
 42
0.000000001
 43
0.0000000001
 40
0.0
 40
0.0
 40
0.0
 40
0.0
 40
1.0
 40
1.0
 40
1.0
 40
1.0
 10
21.80316
 20
122.577365
 30
0.0
 10
21.13122
 20
121.211945
 30
0.0
 10
20.99662
 20
119.630875
 30
0.0
 10
20.86636
 20
118.101705
 30
0.0
  0
SPLINE
  5
16F
330
1F
100
AcDbEntity
  8
0
 62
     7
100
AcDbSpline
210
0.0
220
0.0
230
1.0
 70
     8
 71
     3
 72
     8
 73
     4
 74
     0
 42
0.000000001
 43
0.0000000001
 40
0.0
 40
0.0
 40
0.0
 40
0.0
 40
1.0
 40
1.0
 40
1.0
 40
1.0
 10
20.86636
 20
118.101705
 30
0.0
 10
20.73521
 20
116.561465
 30
0.0
 10
20.59956
 20
114.968725
 30
0.0
 10
19.91476
 20
113.618715
 30
0.0
  0
SPLINE
  5
170
330
1F
100
AcDbEntity
  8
0
 62
     7
100
AcDbSpline
210
0.0
220
0.0
230
1.0
 70
     8
 71
     3
 72
     8
 73
     4
 74
     0
 42
0.000000001
 43
0.0000000001
 40
0.0
 40
0.0
 40
0.0
 40
0.0
 40
1.0
 40
1.0
 40
1.0
 40
1.0
 10
19.91476
 20
113.618715
 30
0.0
 10
19.47463
 20
112.751015
 30
0.0
 10
19.05095
 20
112.180325
 30
0.0
 10
18.64117
 20
111.628475
 30
0.0
  0
SPLINE
  5
171
330
1F
100
AcDbEntity
  8
0
 62
     7
100
AcDbSpline
210
0.0
220
0.0
230
1.0
 70
     8
 71
     3
 72
     8
 73
     4
 74
     0
 42
0.000000001
 43
0.0000000001
 40
0.0
 40
0.0
 40
0.0
 40
0.0
 40
1.0
 40
1.0
 40
1.0
 40
1.0
 10
18.64117
 20
111.628475
 30
0.0
 10
17.71843
 20
110.385695
 30
0.0
 10
16.92147
 20
109.312355
 30
0.0
 10
16.39624
 20
105.810135
 30
0.0
  0
SPLINE
  5
172
330
1F
100
AcDbEntity
  8
0
 62
     7
100
AcDbSpline
210
0.0
220
0.0
230
1.0
 70
     8
 71
     3
 72
     8
 73
     4
 74
     0
 42
0.000000001
 43
0.0000000001
 40
0.0
 40
0.0
 40
0.0
 40
0.0
 40
1.0
 40
1.0
 40
1.0
 40
1.0
 10
16.39624
 20
105.810135
 30
0.0
 10
16.01294
 20
103.254585
 30
0.0
 10
16.07141
 20
101.915635
 30
0.0
 10
16.11852
 20
100.839755
 30
0.0
  0
SPLINE
  5
173
330
1F
100
AcDbEntity
  8
0
 62
     7
100
AcDbSpline
210
0.0
220
0.0
230
1.0
 70
     8
 71
     3
 72
     8
 73
     4
 74
     0
 42
0.000000001
 43
0.0000000001
 40
0.0
 40
0.0
 40
0.0
 40
0.0
 40
1.0
 40
1.0
 40
1.0
 40
1.0
 10
16.11852
 20
100.839755
 30
0.0
 10
16.16372
 20
99.806345
 30
0.0
 10
16.19642
 20
99.05978500000001
 30
0.0
 10
15.83288
 20
97.605535
 30
0.0
  0
SPLINE
  5
174
330
1F
100
AcDbEntity
  8
0
 62
     7
100
AcDbSpline
210
0.0
220
0.0
230
1.0
 70
     8
 71
     3
 72
     8
 73
     4
 74
     0
 42
0.000000001
 43
0.0000000001
 40
0.0
 40
0.0
 40
0.0
 40
0.0
 40
1.0
 40
1.0
 40
1.0
 40
1.0
 10
15.83288
 20
97.605535
 30
0.0
 10
15.01826
 20
94.34738499999999
 30
0.0
 10
14.74683
 20
91.910275
 30
0.0
 10
15.40755
 20
86.87304499999997
 30
0.0
  0
SPLINE
  5
175
330
1F
100
AcDbEntity
  8
0
 62
     7
100
AcDbSpline
210
0.0
220
0.0
230
1.0
 70
     8
 71
     3
 72
     8
 73
     4
 74
     0
 42
0.000000001
 43
0.0000000001
 40
0.0
 40
0.0
 40
0.0
 40
0.0
 40
1.0
 40
1.0
 40
1.0
 40
1.0
 10
15.40755
 20
86.87304499999997
 30
0.0
 10
15.63621
 20
85.128815
 30
0.0
 10
14.95171
 20
82.96209499999998
 30
0.0
 10
14.15908
 20
80.453355
 30
0.0
  0
SPLINE
  5
176
330
1F
100
AcDbEntity
  8
0
 62
     7
100
AcDbSpline
210
0.0
220
0.0
230
1.0
 70
     8
 71
     3
 72
     8
 73
     4
 74
     0
 42
0.000000001
 43
0.0000000001
 40
0.0
 40
0.0
 40
0.0
 40
0.0
 40
1.0
 40
1.0
 40
1.0
 40
1.0
 10
14.15908
 20
80.453355
 30
0.0
 10
12.74013
 20
75.96229499999998
 30
0.0
 10
10.97421
 20
70.37291500000002
 30
0.0
 10
12.49471
 20
62.770415
 30
0.0
  0
SPLINE
  5
177
330
1F
100
AcDbEntity
  8
0
 62
     7
100
AcDbSpline
210
0.0
220
0.0
230
1.0
 70
     8
 71
     3
 72
     8
 73
     4
 74
     0
 42
0.000000001
 43
0.0000000001
 40
0.0
 40
0.0
 40
0.0
 40
0.0
 40
1.0
 40
1.0
 40
1.0
 40
1.0
 10
12.49471
 20
62.770415
 30
0.0
 10
12.93619
 20
60.563175
 30
0.0
 10
13.69009
 20
58.508025
 30
0.0
 10
14.63018
 20
56.57729499999999
 30
0.0
  0
LWPOLYLINE
  5
178
330
1F
100
AcDbEntity
  8
0
 62
     7
100
AcDbPolyline
 90
        3
 70
     0
 43
0.0
 10
83.39228
 20
127.490605
 10
83.41758
 20
127.764435
 10
83.24035999999997
 20
127.975005
  0
SPLINE
  5
179
330
1F
100
AcDbEntity
  8
0
 62
     7
100
AcDbSpline
210
0.0
220
0.0
230
1.0
 70
     8
 71
     3
 72
     8
 73
     4
 74
     0
 42
0.000000001
 43
0.0000000001
 40
0.0
 40
0.0
 40
0.0
 40
0.0
 40
1.0
 40
1.0
 40
1.0
 40
1.0
 10
5.172179999999999
 20
52.293365
 30
0.0
 10
4.933049999999998
 20
52.185095
 30
0.0
 10
4.781109999999999
 20
51.944915
 30
0.0
 10
4.78574
 20
51.682595
 30
0.0
  0
SPLINE
  5
17A
330
1F
100
AcDbEntity
  8
0
 62
     7
100
AcDbSpline
210
0.0
220
0.0
230
1.0
 70
     8
 71
     3
 72
     8
 73
     4
 74
     0
 42
0.000000001
 43
0.0000000001
 40
0.0
 40
0.0
 40
0.0
 40
0.0
 40
1.0
 40
1.0
 40
1.0
 40
1.0
 10
4.78574
 20
51.682595
 30
0.0
 10
4.79074
 20
51.420135
 30
0.0
 10
4.950549999999998
 20
51.18533499999998
 30
0.0
 10
5.19327
 20
51.08543499999999
 30
0.0
  0
LWPOLYLINE
  5
17B
330
1F
100
AcDbEntity
  8
0
 62
     7
100
AcDbPolyline
 90
        2
 70
     0
 43
0.0
 10
14.63018
 20
56.57729499999999
 10
5.172179999999999
 20
52.293365
  0
SPLINE
  5
17C
330
1F
100
AcDbEntity
  8
0
 62
     7
100
AcDbSpline
210
0.0
220
0.0
230
1.0
 70
     8
 71
     3
 72
     8
 73
     4
 74
     0
 42
0.000000001
 43
0.0000000001
 40
0.0
 40
0.0
 40
0.0
 40
0.0
 40
1.0
 40
1.0
 40
1.0
 40
1.0
 10
15.13402
 20
46.993825
 30
0.0
 10
15.17572
 20
46.76725499999998
 30
0.0
 10
15.21972
 20
46.539785
 30
0.0
 10
15.26891
 20
46.310525
 30
0.0
  0
SPLINE
  5
17D
330
1F
100
AcDbEntity
  8
0
 62
     7
100
AcDbSpline
210
0.0
220
0.0
230
1.0
 70
     8
 71
     3
 72
     8
 73
     4
 74
     0
 42
0.000000001
 43
0.0000000001
 40
0.0
 40
0.0
 40
0.0
 40
0.0
 40
1.0
 40
1.0
 40
1.0
 40
1.0
 10
15.26891
 20
46.310525
 30
0.0
 10
15.56263
 20
44.942865
 30
0.0
 10
15.89838
 20
43.625305
 30
0.0
 10
16.26897
 20
42.351115
 30
0.0
  0
LWPOLYLINE
  5
17E
330
1F
100
AcDbEntity
  8
0
 62
     7
100
AcDbPolyline
 90
        2
 70
     0
 43
0.0
 10
5.19327
 20
51.08543499999999
 10
15.13402
 20
46.993825
  0
SPLINE
  5
17F
330
1F
100
AcDbEntity
  8
0
 62
     7
100
AcDbSpline
210
0.0
220
0.0
230
1.0
 70
     8
 71
     3
 72
     8
 73
     4
 74
     0
 42
0.000000001
 43
0.0000000001
 40
0.0
 40
0.0
 40
0.0
 40
0.0
 40
1.0
 40
1.0
 40
1.0
 40
1.0
 10
7.54542
 20
35.03889
 30
0.0
 10
7.34413
 20
34.8702
 30
0.0
 10
7.262469999999998
 20
34.59816
 30
0.0
 10
7.337389999999999
 20
34.34661
 30
0.0
  0
SPLINE
  5
180
330
1F
100
AcDbEntity
  8
0
 62
     7
100
AcDbSpline
210
0.0
220
0.0
230
1.0
 70
     8
 71
     3
 72
     8
 73
     4
 74
     0
 42
0.000000001
 43
0.0000000001
 40
0.0
 40
0.0
 40
0.0
 40
0.0
 40
1.0
 40
1.0
 40
1.0
 40
1.0
 10
7.337389999999999
 20
34.34661
 30
0.0
 10
7.412489999999999
 20
34.09507
 30
0.0
 10
7.629769999999998
 20
33.91202
 30
0.0
 10
7.890439999999999
 20
33.88121
 30
0.0
  0
LWPOLYLINE
  5
181
330
1F
100
AcDbEntity
  8
0
 62
     7
100
AcDbPolyline
 90
        2
 70
     0
 43
0.0
 10
16.26897
 20
42.351115
 10
7.54542
 20
35.03889
  0
SPLINE
  5
182
330
1F
100
AcDbEntity
  8
0
 62
     7
100
AcDbSpline
210
0.0
220
0.0
230
1.0
 70
     8
 71
     3
 72
     8
 73
     4
 74
     0
 42
0.000000001
 43
0.0000000001
 40
0.0
 40
0.0
 40
0.0
 40
0.0
 40
1.0
 40
1.0
 40
1.0
 40
1.0
 10
20.35908
 20
32.40109
 30
0.0
 10
20.92902
 20
31.37008
 30
0.0
 10
21.52799
 20
30.38183
 30
0.0
 10
22.15446
 20
29.4377
 30
0.0
  0
LWPOLYLINE
  5
183
330
1F
100
AcDbEntity
  8
0
 62
     7
100
AcDbPolyline
 90
        2
 70
     0
 43
0.0
 10
7.890439999999999
 20
33.88121
 10
20.35908
 20
32.40109
  0
SPLINE
  5
184
330
1F
100
AcDbEntity
  8
0
 62
     7
100
AcDbSpline
210
0.0
220
0.0
230
1.0
 70
     8
 71
     3
 72
     8
 73
     4
 74
     0
 42
0.000000001
 43
0.0000000001
 40
0.0
 40
0.0
 40
0.0
 40
0.0
 40
1.0
 40
1.0
 40
1.0
 40
1.0
 10
16.84729
 20
17.60482
 30
0.0
 10
16.73991
 20
17.36523
 30
0.0
 10
16.78509
 20
17.08482
 30
0.0
 10
16.96245
 20
16.89115
 30
0.0
  0
SPLINE
  5
185
330
1F
100
AcDbEntity
  8
0
 62
     7
100
AcDbSpline
210
0.0
220
0.0
230
1.0
 70
     8
 71
     3
 72
     8
 73
     4
 74
     0
 42
0.000000001
 43
0.0000000001
 40
0.0
 40
0.0
 40
0.0
 40
0.0
 40
1.0
 40
1.0
 40
1.0
 40
1.0
 10
16.96245
 20
16.89115
 30
0.0
 10
17.08927
 20
16.75251
 30
0.0
 10
17.26649
 20
16.67744
 30
0.0
 10
17.44789
 20
16.67744
 30
0.0
  0
SPLINE
  5
186
330
1F
100
AcDbEntity
  8
0
 62
     7
100
AcDbSpline
210
0.0
220
0.0
230
1.0
 70
     8
 71
     3
 72
     8
 73
     4
 74
     0
 42
0.000000001
 43
0.0000000001
 40
0.0
 40
0.0
 40
0.0
 40
0.0
 40
1.0
 40
1.0
 40
1.0
 40
1.0
 10
17.44789
 20
16.67744
 30
0.0
 10
17.51999
 20
16.67744
 30
0.0
 10
17.59266
 20
16.68924
 30
0.0
 10
17.6631
 20
16.71374
 30
0.0
  0
LWPOLYLINE
  5
187
330
1F
100
AcDbEntity
  8
0
 62
     7
100
AcDbPolyline
 90
        2
 70
     0
 43
0.0
 10
22.15446
 20
29.4377
 10
16.84729
 20
17.60482
  0
SPLINE
  5
188
330
1F
100
AcDbEntity
  8
0
 62
     7
100
AcDbSpline
210
0.0
220
0.0
230
1.0
 70
     8
 71
     3
 72
     8
 73
     4
 74
     0
 42
0.000000001
 43
0.0000000001
 40
0.0
 40
0.0
 40
0.0
 40
0.0
 40
1.0
 40
1.0
 40
1.0
 40
1.0
 10
29.76399000000001
 20
20.90465
 30
0.0
 10
30.94486
 20
19.917
 30
0.0
 10
32.16251
 20
19.01744
 30
0.0
 10
33.40739
 20
18.20283
 30
0.0
  0
LWPOLYLINE
  5
189
330
1F
100
AcDbEntity
  8
0
 62
     7
100
AcDbPolyline
 90
        2
 70
     0
 43
0.0
 10
17.6631
 20
16.71374
 10
29.76399000000001
 20
20.90465
  0
SPLINE
  5
18A
330
1F
100
AcDbEntity
  8
0
 62
     7
100
AcDbSpline
210
0.0
220
0.0
230
1.0
 70
     8
 71
     3
 72
     8
 73
     4
 74
     0
 42
0.000000001
 43
0.0000000001
 40
0.0
 40
0.0
 40
0.0
 40
0.0
 40
1.0
 40
1.0
 40
1.0
 40
1.0
 10
32.01161
 20
6.769839999999998
 30
0.0
 10
31.97971
 20
6.509319999999998
 30
0.0
 10
32.10601
 20
6.25478
 30
0.0
 10
32.33255
 20
6.122279999999999
 30
0.0
  0
SPLINE
  5
18B
330
1F
100
AcDbEntity
  8
0
 62
     7
100
AcDbSpline
210
0.0
220
0.0
230
1.0
 70
     8
 71
     3
 72
     8
 73
     4
 74
     0
 42
0.000000001
 43
0.0000000001
 40
0.0
 40
0.0
 40
0.0
 40
0.0
 40
1.0
 40
1.0
 40
1.0
 40
1.0
 10
32.33255
 20
6.122279999999999
 30
0.0
 10
32.4356
 20
6.06198
 30
0.0
 10
32.5503
 20
6.03208
 30
0.0
 10
32.66471
 20
6.03208
 30
0.0
  0
SPLINE
  5
18C
330
1F
100
AcDbEntity
  8
0
 62
     7
100
AcDbSpline
210
0.0
220
0.0
230
1.0
 70
     8
 71
     3
 72
     8
 73
     4
 74
     0
 42
0.000000001
 43
0.0000000001
 40
0.0
 40
0.0
 40
0.0
 40
0.0
 40
1.0
 40
1.0
 40
1.0
 40
1.0
 10
32.66471
 20
6.03208
 30
0.0
 10
32.802
 20
6.03208
 30
0.0
 10
32.93899000000001
 20
6.07498
 30
0.0
 10
33.05429
 20
6.159799999999998
 30
0.0
  0
LWPOLYLINE
  5
18D
330
1F
100
AcDbEntity
  8
0
 62
     7
100
AcDbPolyline
 90
        2
 70
     0
 43
0.0
 10
33.40739
 20
18.20283
 10
32.01161
 20
6.769839999999998
  0
SPLINE
  5
18E
330
1F
100
AcDbEntity
  8
0
 62
     7
100
AcDbSpline
210
0.0
220
0.0
230
1.0
 70
     8
 71
     3
 72
     8
 73
     4
 74
     0
 42
0.000000001
 43
0.0000000001
 40
0.0
 40
0.0
 40
0.0
 40
0.0
 40
1.0
 40
1.0
 40
1.0
 40
1.0
 10
43.16673
 20
13.58792
 30
0.0
 10
45.566
 20
12.83074
 30
0.0
 10
47.96826
 20
12.31986
 30
0.0
 10
50.3122
 20
12.03063
 30
0.0
  0
LWPOLYLINE
  5
18F
330
1F
100
AcDbEntity
  8
0
 62
     7
100
AcDbPolyline
 90
        2
 70
     0
 43
0.0
 10
33.05429
 20
6.159799999999998
 10
43.16673
 20
13.58792
  0
SPLINE
  5
190
330
1F
100
AcDbEntity
  8
0
 62
     7
100
AcDbSpline
210
0.0
220
0.0
230
1.0
 70
     8
 71
     3
 72
     8
 73
     4
 74
     0
 42
0.000000001
 43
0.0000000001
 40
0.0
 40
0.0
 40
0.0
 40
0.0
 40
1.0
 40
1.0
 40
1.0
 40
1.0
 10
54.47575
 20
2.614059999999998
 30
0.0
 10
54.58118
 20
2.375669999999999
 30
0.0
 10
54.81716999999999
 20
2.22208
 30
0.0
 10
55.07754
 20
2.22208
 30
0.0
  0
LWPOLYLINE
  5
191
330
1F
100
AcDbEntity
  8
0
 62
     7
100
AcDbPolyline
 90
        2
 70
     0
 43
0.0
 10
50.3122
 20
12.03063
 10
54.47575
 20
2.614059999999998
  0
SPLINE
  5
192
330
1F
100
AcDbEntity
  8
0
 62
     7
100
AcDbSpline
210
0.0
220
0.0
230
1.0
 70
     8
 71
     3
 72
     8
 73
     4
 74
     0
 42
0.000000001
 43
0.0000000001
 40
0.0
 40
0.0
 40
0.0
 40
0.0
 40
1.0
 40
1.0
 40
1.0
 40
1.0
 10
55.08354
 20
2.22208
 30
0.0
 10
55.34600000000001
 20
2.224079999999998
 30
0.0
 10
55.582
 20
2.3824
 30
0.0
 10
55.68414
 20
2.624229999999998
 30
0.0
  0
LWPOLYLINE
  5
193
330
1F
100
AcDbEntity
  8
0
 62
     7
100
AcDbPolyline
 90
        2
 70
     0
 43
0.0
 10
55.07754
 20
2.22208
 10
55.08354
 20
2.22208
  0
SPLINE
  5
194
330
1F
100
AcDbEntity
  8
0
 62
     7
100
AcDbSpline
210
0.0
220
0.0
230
1.0
 70
     8
 71
     3
 72
     8
 73
     4
 74
     0
 42
0.000000001
 43
0.0000000001
 40
0.0
 40
0.0
 40
0.0
 40
0.0
 40
1.0
 40
1.0
 40
1.0
 40
1.0
 10
59.65849999999999
 20
12.03901
 30
0.0
 10
61.90568
 20
12.32031
 30
0.0
 10
64.20594
 20
12.80397
 30
0.0
 10
66.50530999999999
 20
13.51449
 30
0.0
  0
LWPOLYLINE
  5
195
330
1F
100
AcDbEntity
  8
0
 62
     7
100
AcDbPolyline
 90
        2
 70
     0
 43
0.0
 10
55.68414
 20
2.624229999999998
 10
59.65849999999999
 20
12.03901
  0
SPLINE
  5
196
330
1F
100
AcDbEntity
  8
0
 62
     7
100
AcDbSpline
210
0.0
220
0.0
230
1.0
 70
     8
 71
     3
 72
     8
 73
     4
 74
     0
 42
0.000000001
 43
0.0000000001
 40
0.0
 40
0.0
 40
0.0
 40
0.0
 40
1.0
 40
1.0
 40
1.0
 40
1.0
 10
76.5177
 20
6.15995
 30
0.0
 10
76.63315
 20
6.075149999999998
 30
0.0
 10
76.76999999999998
 20
6.03223
 30
0.0
 10
76.90728
 20
6.03223
 30
0.0
  0
SPLINE
  5
197
330
1F
100
AcDbEntity
  8
0
 62
     7
100
AcDbSpline
210
0.0
220
0.0
230
1.0
 70
     8
 71
     3
 72
     8
 73
     4
 74
     0
 42
0.000000001
 43
0.0000000001
 40
0.0
 40
0.0
 40
0.0
 40
0.0
 40
1.0
 40
1.0
 40
1.0
 40
1.0
 10
76.90728
 20
6.03223
 30
0.0
 10
77.02183999999999
 20
6.03223
 30
0.0
 10
77.13655
 20
6.06213
 30
0.0
 10
77.23944
 20
6.12243
 30
0.0
  0
SPLINE
  5
198
330
1F
100
AcDbEntity
  8
0
 62
     7
100
AcDbSpline
210
0.0
220
0.0
230
1.0
 70
     8
 71
     3
 72
     8
 73
     4
 74
     0
 42
0.000000001
 43
0.0000000001
 40
0.0
 40
0.0
 40
0.0
 40
0.0
 40
1.0
 40
1.0
 40
1.0
 40
1.0
 10
77.23944
 20
6.12243
 30
0.0
 10
77.46616
 20
6.254929999999998
 30
0.0
 10
77.59223
 20
6.509469999999998
 30
0.0
 10
77.56038000000002
 20
6.769989999999999
 30
0.0
  0
LWPOLYLINE
  5
199
330
1F
100
AcDbEntity
  8
0
 62
     7
100
AcDbPolyline
 90
        2
 70
     0
 43
0.0
 10
66.50530999999999
 20
13.51449
 10
76.5177
 20
6.15995
  0
SPLINE
  5
19A
330
1F
100
AcDbEntity
  8
0
 62
     7
100
AcDbSpline
210
0.0
220
0.0
230
1.0
 70
     8
 71
     3
 72
     8
 73
     4
 74
     0
 42
0.000000001
 43
0.0000000001
 40
0.0
 40
0.0
 40
0.0
 40
0.0
 40
1.0
 40
1.0
 40
1.0
 40
1.0
 10
76.18869000000002
 20
18.00587
 30
0.0
 10
77.50624000000001
 20
18.85054
 30
0.0
 10
78.79509
 20
19.78719
 30
0.0
 10
80.04265
 20
20.82374
 30
0.0
  0
LWPOLYLINE
  5
19B
330
1F
100
AcDbEntity
  8
0
 62
     7
100
AcDbPolyline
 90
        2
 70
     0
 43
0.0
 10
77.56038000000002
 20
6.769989999999999
 10
76.18869000000002
 20
18.00587
  0
SPLINE
  5
19C
330
1F
100
AcDbEntity
  8
0
 62
     7
100
AcDbSpline
210
0.0
220
0.0
230
1.0
 70
     8
 71
     3
 72
     8
 73
     4
 74
     0
 42
0.000000001
 43
0.0000000001
 40
0.0
 40
0.0
 40
0.0
 40
0.0
 40
1.0
 40
1.0
 40
1.0
 40
1.0
 10
91.90875
 20
16.71402999999999
 30
0.0
 10
91.97905
 20
16.68962999999999
 30
0.0
 10
92.05187
 20
16.67773
 30
0.0
 10
92.12380000000001
 20
16.67773
 30
0.0
  0
SPLINE
  5
19D
330
1F
100
AcDbEntity
  8
0
 62
     7
100
AcDbSpline
210
0.0
220
0.0
230
1.0
 70
     8
 71
     3
 72
     8
 73
     4
 74
     0
 42
0.000000001
 43
0.0000000001
 40
0.0
 40
0.0
 40
0.0
 40
0.0
 40
1.0
 40
1.0
 40
1.0
 40
1.0
 10
92.12380000000001
 20
16.67773
 30
0.0
 10
92.30535999999998
 20
16.67773
 30
0.0
 10
92.48243
 20
16.75293
 30
0.0
 10
92.60925
 20
16.89143
 30
0.0
  0
SPLINE
  5
19E
330
1F
100
AcDbEntity
  8
0
 62
     7
100
AcDbSpline
210
0.0
220
0.0
230
1.0
 70
     8
 71
     3
 72
     8
 73
     4
 74
     0
 42
0.000000001
 43
0.0000000001
 40
0.0
 40
0.0
 40
0.0
 40
0.0
 40
1.0
 40
1.0
 40
1.0
 40
1.0
 10
92.60925
 20
16.89143
 30
0.0
 10
92.78662
 20
17.08495
 30
0.0
 10
92.83177999999999
 20
17.36552
 30
0.0
 10
92.72426000000001
 20
17.6051
 30
0.0
  0
LWPOLYLINE
  5
19F
330
1F
100
AcDbEntity
  8
0
 62
     7
100
AcDbPolyline
 90
        2
 70
     0
 43
0.0
 10
80.04265
 20
20.82374
 10
91.90875
 20
16.71402999999999
  0
SPLINE
  5
1A0
330
1F
100
AcDbEntity
  8
0
 62
     7
100
AcDbSpline
210
0.0
220
0.0
230
1.0
 70
     8
 71
     3
 72
     8
 73
     4
 74
     0
 42
0.000000001
 43
0.0000000001
 40
0.0
 40
0.0
 40
0.0
 40
0.0
 40
1.0
 40
1.0
 40
1.0
 40
1.0
 10
87.54901999999999
 20
29.14382
 30
0.0
 10
88.25594999999998
 20
30.1895
 30
0.0
 10
88.92953
 20
31.28886
 30
0.0
 10
89.56618
 20
32.44325
 30
0.0
  0
LWPOLYLINE
  5
1A1
330
1F
100
AcDbEntity
  8
0
 62
     7
100
AcDbPolyline
 90
        2
 70
     0
 43
0.0
 10
92.72426000000001
 20
17.6051
 10
87.54901999999999
 20
29.14382
  0
SPLINE
  5
1A2
330
1F
100
AcDbEntity
  8
0
 62
     7
100
AcDbSpline
210
0.0
220
0.0
230
1.0
 70
     8
 71
     3
 72
     8
 73
     4
 74
     0
 42
0.000000001
 43
0.0000000001
 40
0.0
 40
0.0
 40
0.0
 40
0.0
 40
1.0
 40
1.0
 40
1.0
 40
1.0
 10
101.68113
 20
33.8815
 30
0.0
 10
101.9418
 20
33.9123
 30
0.0
 10
102.1591
 20
34.09536
 30
0.0
 10
102.23402
 20
34.34691
 30
0.0
  0
SPLINE
  5
1A3
330
1F
100
AcDbEntity
  8
0
 62
     7
100
AcDbSpline
210
0.0
220
0.0
230
1.0
 70
     8
 71
     3
 72
     8
 73
     4
 74
     0
 42
0.000000001
 43
0.0000000001
 40
0.0
 40
0.0
 40
0.0
 40
0.0
 40
1.0
 40
1.0
 40
1.0
 40
1.0
 10
102.23402
 20
34.34691
 30
0.0
 10
102.30912
 20
34.59846
 30
0.0
 10
102.22702
 20
34.87049000000001
 30
0.0
 10
102.02615
 20
35.03918
 30
0.0
  0
LWPOLYLINE
  5
1A4
330
1F
100
AcDbEntity
  8
0
 62
     7
100
AcDbPolyline
 90
        2
 70
     0
 43
0.0
 10
89.56618
 20
32.44325
 10
101.68113
 20
33.8815
  0
SPLINE
  5
1A5
330
1F
100
AcDbEntity
  8
0
 62
     7
100
AcDbSpline
210
0.0
220
0.0
230
1.0
 70
     8
 71
     3
 72
     8
 73
     4
 74
     0
 42
0.000000001
 43
0.0000000001
 40
0.0
 40
0.0
 40
0.0
 40
0.0
 40
1.0
 40
1.0
 40
1.0
 40
1.0
 10
93.56835
 20
42.128725
 30
0.0
 10
93.96511999999999
 20
43.471555
 30
0.0
 10
94.32255000000001
 20
44.863445
 30
0.0
 10
94.63331999999999
 20
46.310805
 30
0.0
  0
SPLINE
  5
1A6
330
1F
100
AcDbEntity
  8
0
 62
     7
100
AcDbSpline
210
0.0
220
0.0
230
1.0
 70
     8
 71
     3
 72
     8
 73
     4
 74
     0
 42
0.000000001
 43
0.0000000001
 40
0.0
 40
0.0
 40
0.0
 40
0.0
 40
1.0
 40
1.0
 40
1.0
 40
1.0
 10
94.63331999999999
 20
46.310805
 30
0.0
 10
94.69331999999999
 20
46.58972499999999
 30
0.0
 10
94.74593
 20
46.86625499999999
 30
0.0
 10
94.79468
 20
47.141125
 30
0.0
  0
LWPOLYLINE
  5
1A7
330
1F
100
AcDbEntity
  8
0
 62
     7
100
AcDbPolyline
 90
        2
 70
     0
 43
0.0
 10
102.02615
 20
35.03918
 10
93.56835
 20
42.128725
  0
SPLINE
  5
1A8
330
1F
100
AcDbEntity
  8
0
 62
     7
100
AcDbSpline
210
0.0
220
0.0
230
1.0
 70
     8
 71
     3
 72
     8
 73
     4
 74
     0
 42
0.000000001
 43
0.0000000001
 40
0.0
 40
0.0
 40
0.0
 40
0.0
 40
1.0
 40
1.0
 40
1.0
 40
1.0
 10
104.37846
 20
51.085725
 30
0.0
 10
104.62118
 20
51.185625
 30
0.0
 10
104.78135
 20
51.420425
 30
0.0
 10
104.78584
 20
51.682885
 30
0.0
  0
SPLINE
  5
1A9
330
1F
100
AcDbEntity
  8
0
 62
     7
100
AcDbSpline
210
0.0
220
0.0
230
1.0
 70
     8
 71
     3
 72
     8
 73
     4
 74
     0
 42
0.000000001
 43
0.0000000001
 40
0.0
 40
0.0
 40
0.0
 40
0.0
 40
1.0
 40
1.0
 40
1.0
 40
1.0
 10
104.78584
 20
51.682885
 30
0.0
 10
104.79084
 20
51.945205
 30
0.0
 10
104.63883
 20
52.185385
 30
0.0
 10
104.39984
 20
52.293655
 30
0.0
  0
LWPOLYLINE
  5
1AA
330
1F
100
AcDbEntity
  8
0
 62
     7
100
AcDbPolyline
 90
        2
 70
     0
 43
0.0
 10
94.79468
 20
47.141125
 10
104.37846
 20
51.085725
  0
SPLINE
  5
1AB
330
1F
100
AcDbEntity
  8
0
 62
     7
100
AcDbSpline
210
0.0
220
0.0
230
1.0
 70
     8
 71
     3
 72
     8
 73
     4
 74
     0
 42
0.000000001
 43
0.0000000001
 40
0.0
 40
0.0
 40
0.0
 40
0.0
 40
1.0
 40
1.0
 40
1.0
 40
1.0
 10
15.41395
 20
80.057185
 30
0.0
 10
15.66893
 20
80.864025
 30
0.0
 10
15.91271
 20
81.63706500000001
 30
0.0
 10
16.12208
 20
82.380045
 30
0.0
  0
SPLINE
  5
1AC
330
1F
100
AcDbEntity
  8
0
 62
     7
100
AcDbSpline
210
0.0
220
0.0
230
1.0
 70
     8
 71
     3
 72
     8
 73
     4
 74
     0
 42
0.000000001
 43
0.0000000001
 40
0.0
 40
0.0
 40
0.0
 40
0.0
 40
1.0
 40
1.0
 40
1.0
 40
1.0
 10
16.12208
 20
82.380045
 30
0.0
 10
16.17608
 20
81.982835
 30
0.0
 10
16.22737
 20
81.58546499999998
 30
0.0
 10
16.27014
 20
81.187655
 30
0.0
  0
SPLINE
  5
1AD
330
1F
100
AcDbEntity
  8
0
 62
     7
100
AcDbSpline
210
0.0
220
0.0
230
1.0
 70
     8
 71
     3
 72
     8
 73
     4
 74
     0
 42
0.000000001
 43
0.0000000001
 40
0.0
 40
0.0
 40
0.0
 40
0.0
 40
1.0
 40
1.0
 40
1.0
 40
1.0
 10
16.27014
 20
81.187655
 30
0.0
 10
16.39681
 20
80.043435
 30
0.0
 10
16.47667
 20
78.896665
 30
0.0
 10
16.49057
 20
77.74211499999998
 30
0.0
  0
SPLINE
  5
1AE
330
1F
100
AcDbEntity
  8
0
 62
     7
100
AcDbSpline
210
0.0
220
0.0
230
1.0
 70
     8
 71
     3
 72
     8
 73
     4
 74
     0
 42
0.000000001
 43
0.0000000001
 40
0.0
 40
0.0
 40
0.0
 40
0.0
 40
1.0
 40
1.0
 40
1.0
 40
1.0
 10
16.49057
 20
77.74211499999998
 30
0.0
 10
16.49757
 20
77.45318499999997
 30
0.0
 10
16.48969
 20
77.16469499999998
 30
0.0
 10
16.48969
 20
76.874265
 30
0.0
  0
SPLINE
  5
1AF
330
1F
100
AcDbEntity
  8
0
 62
     7
100
AcDbSpline
210
0.0
220
0.0
230
1.0
 70
     8
 71
     3
 72
     8
 73
     4
 74
     0
 42
0.000000001
 43
0.0000000001
 40
0.0
 40
0.0
 40
0.0
 40
0.0
 40
1.0
 40
1.0
 40
1.0
 40
1.0
 10
16.48969
 20
76.874265
 30
0.0
 10
16.48269
 20
76.58473499999998
 30
0.0
 10
16.46339
 20
76.29564499999998
 30
0.0
 10
16.45069
 20
76.004465
 30
0.0
  0
LWPOLYLINE
  5
1B0
330
1F
100
AcDbEntity
  8
0
 62
     7
100
AcDbPolyline
 90
        2
 70
     0
 43
0.0
 10
104.39984
 20
52.293655
 10
104.39947
 20
52.29366500000001
  0
SPLINE
  5
1B1
330
1F
100
AcDbEntity
  8
0
 62
     7
100
AcDbSpline
210
0.0
220
0.0
230
1.0
 70
     8
 71
     3
 72
     8
 73
     4
 74
     0
 42
0.000000001
 43
0.0000000001
 40
0.0
 40
0.0
 40
0.0
 40
0.0
 40
1.0
 40
1.0
 40
1.0
 40
1.0
 10
16.30669
 20
74.25081500000001
 30
0.0
 10
16.85061
 20
75.321015
 30
0.0
 10
17.19847
 20
76.487975
 30
0.0
 10
17.4053
 20
77.67616499999999
 30
0.0
  0
SPLINE
  5
1B2
330
1F
100
AcDbEntity
  8
0
 62
     7
100
AcDbSpline
210
0.0
220
0.0
230
1.0
 70
     8
 71
     3
 72
     8
 73
     4
 74
     0
 42
0.000000001
 43
0.0000000001
 40
0.0
 40
0.0
 40
0.0
 40
0.0
 40
1.0
 40
1.0
 40
1.0
 40
1.0
 10
17.4053
 20
77.67616499999999
 30
0.0
 10
17.5091
 20
78.270635
 30
0.0
 10
17.57624
 20
78.871535
 30
0.0
 10
17.61946
 20
79.473185
 30
0.0
  0
SPLINE
  5
1B3
330
1F
100
AcDbEntity
  8
0
 62
     7
100
AcDbSpline
210
0.0
220
0.0
230
1.0
 70
     8
 71
     3
 72
     8
 73
     4
 74
     0
 42
0.000000001
 43
0.0000000001
 40
0.0
 40
0.0
 40
0.0
 40
0.0
 40
1.0
 40
1.0
 40
1.0
 40
1.0
 10
17.61946
 20
79.473185
 30
0.0
 10
17.63056
 20
79.77348499999997
 30
0.0
 10
17.65336
 20
80.075885
 30
0.0
 10
17.65356
 20
80.37603500000001
 30
0.0
  0
SPLINE
  5
1B4
330
1F
100
AcDbEntity
  8
0
 62
     7
100
AcDbSpline
210
0.0
220
0.0
230
1.0
 70
     8
 71
     3
 72
     8
 73
     4
 74
     0
 42
0.000000001
 43
0.0000000001
 40
0.0
 40
0.0
 40
0.0
 40
0.0
 40
1.0
 40
1.0
 40
1.0
 40
1.0
 10
17.65356
 20
80.37603500000001
 30
0.0
 10
17.65756
 20
80.67633499999997
 30
0.0
 10
17.66816
 20
80.97888499999998
 30
0.0
 10
17.65056
 20
81.277685
 30
0.0
  0
SPLINE
  5
1B5
330
1F
100
AcDbEntity
  8
0
 62
     7
100
AcDbSpline
210
0.0
220
0.0
230
1.0
 70
     8
 71
     3
 72
     8
 73
     4
 74
     0
 42
0.000000001
 43
0.0000000001
 40
0.0
 40
0.0
 40
0.0
 40
0.0
 40
1.0
 40
1.0
 40
1.0
 40
1.0
 10
17.65056
 20
81.277685
 30
0.0
 10
17.61736
 20
82.47784499999999
 30
0.0
 10
17.5043
 20
83.66858499999997
 30
0.0
 10
17.31497
 20
84.83883500000002
 30
0.0
  0
SPLINE
  5
1B6
330
1F
100
AcDbEntity
  8
0
 62
     7
100
AcDbSpline
210
0.0
220
0.0
230
1.0
 70
     8
 71
     3
 72
     8
 73
     4
 74
     0
 42
0.000000001
 43
0.0000000001
 40
0.0
 40
0.0
 40
0.0
 40
0.0
 40
1.0
 40
1.0
 40
1.0
 40
1.0
 10
17.31497
 20
84.83883500000002
 30
0.0
 10
17.12952
 20
86.008185
 30
0.0
 10
16.89024
 20
87.161085
 30
0.0
 10
16.56182
 20
88.29275499999999
 30
0.0
  0
SPLINE
  5
1B7
330
1F
100
AcDbEntity
  8
0
 62
     7
100
AcDbSpline
210
0.0
220
0.0
230
1.0
 70
     8
 71
     3
 72
     8
 73
     4
 74
     0
 42
0.000000001
 43
0.0000000001
 40
0.0
 40
0.0
 40
0.0
 40
0.0
 40
1.0
 40
1.0
 40
1.0
 40
1.0
 10
16.56182
 20
88.29275499999999
 30
0.0
 10
16.12393
 20
92.308535
 30
0.0
 10
16.39102999999999
 20
94.413035
 30
0.0
 10
17.10933
 20
97.286835
 30
0.0
  0
SPLINE
  5
1B8
330
1F
100
AcDbEntity
  8
0
 62
     7
100
AcDbSpline
210
0.0
220
0.0
230
1.0
 70
     8
 71
     3
 72
     8
 73
     4
 74
     0
 42
0.000000001
 43
0.0000000001
 40
0.0
 40
0.0
 40
0.0
 40
0.0
 40
1.0
 40
1.0
 40
1.0
 40
1.0
 10
17.10933
 20
97.286835
 30
0.0
 10
17.51926
 20
98.926685
 30
0.0
 10
17.47932999999999
 20
99.83999500000001
 30
0.0
 10
17.43311
 20
100.897785
 30
0.0
  0
SPLINE
  5
1B9
330
1F
100
AcDbEntity
  8
0
 62
     7
100
AcDbSpline
210
0.0
220
0.0
230
1.0
 70
     8
 71
     3
 72
     8
 73
     4
 74
     0
 42
0.000000001
 43
0.0000000001
 40
0.0
 40
0.0
 40
0.0
 40
0.0
 40
1.0
 40
1.0
 40
1.0
 40
1.0
 10
17.43311
 20
100.897785
 30
0.0
 10
17.38611
 20
101.970075
 30
0.0
 10
17.33306
 20
103.185635
 30
0.0
 10
17.69752
 20
105.615415
 30
0.0
  0
SPLINE
  5
1BA
330
1F
100
AcDbEntity
  8
0
 62
     7
100
AcDbSpline
210
0.0
220
0.0
230
1.0
 70
     8
 71
     3
 72
     8
 73
     4
 74
     0
 42
0.000000001
 43
0.0000000001
 40
0.0
 40
0.0
 40
0.0
 40
0.0
 40
1.0
 40
1.0
 40
1.0
 40
1.0
 10
17.69752
 20
105.615415
 30
0.0
 10
18.17415
 20
108.792365
 30
0.0
 10
18.84638
 20
109.697905
 30
0.0
 10
19.69764
 20
110.844365
 30
0.0
  0
SPLINE
  5
1BB
330
1F
100
AcDbEntity
  8
0
 62
     7
100
AcDbSpline
210
0.0
220
0.0
230
1.0
 70
     8
 71
     3
 72
     8
 73
     4
 74
     0
 42
0.000000001
 43
0.0000000001
 40
0.0
 40
0.0
 40
0.0
 40
0.0
 40
1.0
 40
1.0
 40
1.0
 40
1.0
 10
19.69764
 20
110.844365
 30
0.0
 10
20.11938
 20
111.412515
 30
0.0
 10
20.59765
 20
112.056495
 30
0.0
 10
21.08818
 20
113.023795
 30
0.0
  0
SPLINE
  5
1BC
330
1F
100
AcDbEntity
  8
0
 62
     7
100
AcDbSpline
210
0.0
220
0.0
230
1.0
 70
     8
 71
     3
 72
     8
 73
     4
 74
     0
 42
0.000000001
 43
0.0000000001
 40
0.0
 40
0.0
 40
0.0
 40
0.0
 40
1.0
 40
1.0
 40
1.0
 40
1.0
 10
21.08818
 20
113.023795
 30
0.0
 10
21.88873
 20
114.602175
 30
0.0
 10
22.03544
 20
116.324575
 30
0.0
 10
22.17737
 20
117.990435
 30
0.0
  0
SPLINE
  5
1BD
330
1F
100
AcDbEntity
  8
0
 62
     7
100
AcDbSpline
210
0.0
220
0.0
230
1.0
 70
     8
 71
     3
 72
     8
 73
     4
 74
     0
 42
0.000000001
 43
0.0000000001
 40
0.0
 40
0.0
 40
0.0
 40
0.0
 40
1.0
 40
1.0
 40
1.0
 40
1.0
 10
22.17737
 20
117.990435
 30
0.0
 10
22.30284
 20
119.462935
 30
0.0
 10
22.42129
 20
120.853615
 30
0.0
 10
22.98361
 20
121.996645
 30
0.0
  0
SPLINE
  5
1BE
330
1F
100
AcDbEntity
  8
0
 62
     7
100
AcDbSpline
210
0.0
220
0.0
230
1.0
 70
     8
 71
     3
 72
     8
 73
     4
 74
     0
 42
0.000000001
 43
0.0000000001
 40
0.0
 40
0.0
 40
0.0
 40
0.0
 40
1.0
 40
1.0
 40
1.0
 40
1.0
 10
22.98361
 20
121.996645
 30
0.0
 10
23.44064
 20
122.925515
 30
0.0
 10
24.43082
 20
123.851845
 30
0.0
 10
25.47919
 20
124.832615
 30
0.0
  0
SPLINE
  5
1BF
330
1F
100
AcDbEntity
  8
0
 62
     7
100
AcDbSpline
210
0.0
220
0.0
230
1.0
 70
     8
 71
     3
 72
     8
 73
     4
 74
     0
 42
0.000000001
 43
0.0000000001
 40
0.0
 40
0.0
 40
0.0
 40
0.0
 40
1.0
 40
1.0
 40
1.0
 40
1.0
 10
25.47919
 20
124.832615
 30
0.0
 10
27.18109
 20
126.424745
 30
0.0
 10
29.11002
 20
128.229395
 30
0.0
 10
29.69747
 20
130.819495
 30
0.0
  0
SPLINE
  5
1C0
330
1F
100
AcDbEntity
  8
0
 62
     7
100
AcDbSpline
210
0.0
220
0.0
230
1.0
 70
     8
 71
     3
 72
     8
 73
     4
 74
     0
 42
0.000000001
 43
0.0000000001
 40
0.0
 40
0.0
 40
0.0
 40
0.0
 40
1.0
 40
1.0
 40
1.0
 40
1.0
 10
29.69747
 20
130.819495
 30
0.0
 10
30.17155
 20
132.909795
 30
0.0
 10
31.73512
 20
134.972275
 30
0.0
 10
32.82805
 20
134.972275
 30
0.0
  0
SPLINE
  5
1C1
330
1F
100
AcDbEntity
  8
0
 62
     7
100
AcDbSpline
210
0.0
220
0.0
230
1.0
 70
     8
 71
     3
 72
     8
 73
     4
 74
     0
 42
0.000000001
 43
0.0000000001
 40
0.0
 40
0.0
 40
0.0
 40
0.0
 40
1.0
 40
1.0
 40
1.0
 40
1.0
 10
32.82805
 20
134.972275
 30
0.0
 10
32.84555000000001
 20
134.972275
 30
0.0
 10
32.86285
 20
134.971655
 30
0.0
 10
32.88005
 20
134.970275
 30
0.0
  0
SPLINE
  5
1C2
330
1F
100
AcDbEntity
  8
0
 62
     7
100
AcDbSpline
210
0.0
220
0.0
230
1.0
 70
     8
 71
     3
 72
     8
 73
     4
 74
     0
 42
0.000000001
 43
0.0000000001
 40
0.0
 40
0.0
 40
0.0
 40
0.0
 40
1.0
 40
1.0
 40
1.0
 40
1.0
 10
32.88005
 20
134.970275
 30
0.0
 10
33.76989
 20
134.915575
 30
0.0
 10
34.46322
 20
133.270455
 30
0.0
 10
34.7345
 20
130.569835
 30
0.0
  0
SPLINE
  5
1C3
330
1F
100
AcDbEntity
  8
0
 62
     7
100
AcDbSpline
210
0.0
220
0.0
230
1.0
 70
     8
 71
     3
 72
     8
 73
     4
 74
     0
 42
0.000000001
 43
0.0000000001
 40
0.0
 40
0.0
 40
0.0
 40
0.0
 40
1.0
 40
1.0
 40
1.0
 40
1.0
 10
34.7345
 20
130.569835
 30
0.0
 10
34.8341
 20
129.577855
 30
0.0
 10
34.97454000000001
 20
128.653025
 30
0.0
 10
35.14263
 20
127.7866649999999
 30
0.0
  0
SPLINE
  5
1C4
330
1F
100
AcDbEntity
  8
0
 62
     7
100
AcDbSpline
210
0.0
220
0.0
230
1.0
 70
     8
 71
     3
 72
     8
 73
     4
 74
     0
 42
0.000000001
 43
0.0000000001
 40
0.0
 40
0.0
 40
0.0
 40
0.0
 40
1.0
 40
1.0
 40
1.0
 40
1.0
 10
35.14263
 20
127.7866649999999
 30
0.0
 10
35.23293
 20
127.198475
 30
0.0
 10
35.27274
 20
126.630025
 30
0.0
 10
35.25779
 20
126.039895
 30
0.0
  0
SPLINE
  5
1C5
330
1F
100
AcDbEntity
  8
0
 62
     7
100
AcDbSpline
210
0.0
220
0.0
230
1.0
 70
     8
 71
     3
 72
     8
 73
     4
 74
     0
 42
0.000000001
 43
0.0000000001
 40
0.0
 40
0.0
 40
0.0
 40
0.0
 40
1.0
 40
1.0
 40
1.0
 40
1.0
 10
35.25779
 20
126.039895
 30
0.0
 10
35.24699
 20
125.744525
 30
0.0
 10
35.22539
 20
125.440785
 30
0.0
 10
35.19839000000001
 20
125.129715
 30
0.0
  0
SPLINE
  5
1C6
330
1F
100
AcDbEntity
  8
0
 62
     7
100
AcDbSpline
210
0.0
220
0.0
230
1.0
 70
     8
 71
     3
 72
     8
 73
     4
 74
     0
 42
0.000000001
 43
0.0000000001
 40
0.0
 40
0.0
 40
0.0
 40
0.0
 40
1.0
 40
1.0
 40
1.0
 40
1.0
 10
35.19839000000001
 20
125.129715
 30
0.0
 10
35.16159
 20
124.815955
 30
0.0
 10
35.13719
 20
124.492475
 30
0.0
 10
35.10669
 20
124.157775
 30
0.0
  0
SPLINE
  5
1C7
330
1F
100
AcDbEntity
  8
0
 62
     7
100
AcDbSpline
210
0.0
220
0.0
230
1.0
 70
     8
 71
     3
 72
     8
 73
     4
 74
     0
 42
0.000000001
 43
0.0000000001
 40
0.0
 40
0.0
 40
0.0
 40
0.0
 40
1.0
 40
1.0
 40
1.0
 40
1.0
 10
35.10669
 20
124.157775
 30
0.0
 10
35.04879000000001
 20
123.490325
 30
0.0
 10
35.04879000000001
 20
122.769185
 30
0.0
 10
35.19779000000001
 20
122.080645
 30
0.0
  0
SPLINE
  5
1C8
330
1F
100
AcDbEntity
  8
0
 62
     7
100
AcDbSpline
210
0.0
220
0.0
230
1.0
 70
     8
 71
     3
 72
     8
 73
     4
 74
     0
 42
0.000000001
 43
0.0000000001
 40
0.0
 40
0.0
 40
0.0
 40
0.0
 40
1.0
 40
1.0
 40
1.0
 40
1.0
 10
35.19779000000001
 20
122.080645
 30
0.0
 10
35.34526
 20
121.391805
 30
0.0
 10
35.6327
 20
120.749625
 30
0.0
 10
36.03349
 20
120.203155
 30
0.0
  0
SPLINE
  5
1C9
330
1F
100
AcDbEntity
  8
0
 62
     7
100
AcDbSpline
210
0.0
220
0.0
230
1.0
 70
     8
 71
     3
 72
     8
 73
     4
 74
     0
 42
0.000000001
 43
0.0000000001
 40
0.0
 40
0.0
 40
0.0
 40
0.0
 40
1.0
 40
1.0
 40
1.0
 40
1.0
 10
36.03349
 20
120.203155
 30
0.0
 10
35.94599
 20
120.870015
 30
0.0
 10
35.90996
 20
121.513535
 30
0.0
 10
35.95049
 20
122.134485
 30
0.0
  0
SPLINE
  5
1CA
330
1F
100
AcDbEntity
  8
0
 62
     7
100
AcDbSpline
210
0.0
220
0.0
230
1.0
 70
     8
 71
     3
 72
     8
 73
     4
 74
     0
 42
0.000000001
 43
0.0000000001
 40
0.0
 40
0.0
 40
0.0
 40
0.0
 40
1.0
 40
1.0
 40
1.0
 40
1.0
 10
35.95049
 20
122.134485
 30
0.0
 10
35.98629000000001
 20
122.703675
 30
0.0
 10
36.09839
 20
123.252535
 30
0.0
 10
36.2294
 20
123.819035
 30
0.0
  0
SPLINE
  5
1CB
330
1F
100
AcDbEntity
  8
0
 62
     7
100
AcDbSpline
210
0.0
220
0.0
230
1.0
 70
     8
 71
     3
 72
     8
 73
     4
 74
     0
 42
0.000000001
 43
0.0000000001
 40
0.0
 40
0.0
 40
0.0
 40
0.0
 40
1.0
 40
1.0
 40
1.0
 40
1.0
 10
36.2294
 20
123.819035
 30
0.0
 10
37.20269
 20
121.149225
 30
0.0
 10
38.37219000000001
 20
119.447175
 30
0.0
 10
39.07478
 20
118.579465
 30
0.0
  0
SPLINE
  5
1CC
330
1F
100
AcDbEntity
  8
0
 62
     7
100
AcDbSpline
210
0.0
220
0.0
230
1.0
 70
     8
 71
     3
 72
     8
 73
     4
 74
     0
 42
0.000000001
 43
0.0000000001
 40
0.0
 40
0.0
 40
0.0
 40
0.0
 40
1.0
 40
1.0
 40
1.0
 40
1.0
 10
39.07478
 20
118.579465
 30
0.0
 10
38.97948
 20
118.524265
 30
0.0
 10
38.8862
 20
118.466255
 30
0.0
 10
38.79602
 20
118.404345
 30
0.0
  0
SPLINE
  5
1CD
330
1F
100
AcDbEntity
  8
0
 62
     7
100
AcDbSpline
210
0.0
220
0.0
230
1.0
 70
     8
 71
     3
 72
     8
 73
     4
 74
     0
 42
0.000000001
 43
0.0000000001
 40
0.0
 40
0.0
 40
0.0
 40
0.0
 40
1.0
 40
1.0
 40
1.0
 40
1.0
 10
38.79602
 20
118.404345
 30
0.0
 10
38.42214
 20
118.152345
 30
0.0
 10
38.13126
 20
117.881955
 30
0.0
 10
37.82154
 20
117.646115
 30
0.0
  0
SPLINE
  5
1CE
330
1F
100
AcDbEntity
  8
0
 62
     7
100
AcDbSpline
210
0.0
220
0.0
230
1.0
 70
     8
 71
     3
 72
     8
 73
     4
 74
     0
 42
0.000000001
 43
0.0000000001
 40
0.0
 40
0.0
 40
0.0
 40
0.0
 40
1.0
 40
1.0
 40
1.0
 40
1.0
 10
37.82154
 20
117.646115
 30
0.0
 10
37.51405
 20
117.406825
 30
0.0
 10
37.18668
 20
117.190425
 30
0.0
 10
36.84287
 20
116.989575
 30
0.0
  0
SPLINE
  5
1CF
330
1F
100
AcDbEntity
  8
0
 62
     7
100
AcDbSpline
210
0.0
220
0.0
230
1.0
 70
     8
 71
     3
 72
     8
 73
     4
 74
     0
 42
0.000000001
 43
0.0000000001
 40
0.0
 40
0.0
 40
0.0
 40
0.0
 40
1.0
 40
1.0
 40
1.0
 40
1.0
 10
36.84287
 20
116.989575
 30
0.0
 10
36.50069000000002
 20
116.785735
 30
0.0
 10
36.14161
 20
116.605525
 30
0.0
 10
35.77985
 20
116.426365
 30
0.0
  0
SPLINE
  5
1D0
330
1F
100
AcDbEntity
  8
0
 62
     7
100
AcDbSpline
210
0.0
220
0.0
230
1.0
 70
     8
 71
     3
 72
     8
 73
     4
 74
     0
 42
0.000000001
 43
0.0000000001
 40
0.0
 40
0.0
 40
0.0
 40
0.0
 40
1.0
 40
1.0
 40
1.0
 40
1.0
 10
35.77985
 20
116.426365
 30
0.0
 10
36.17571
 20
116.501265
 30
0.0
 10
36.57412
 20
116.578905
 30
0.0
 10
36.96879000000001
 20
116.685685
 30
0.0
  0
SPLINE
  5
1D1
330
1F
100
AcDbEntity
  8
0
 62
     7
100
AcDbSpline
210
0.0
220
0.0
230
1.0
 70
     8
 71
     3
 72
     8
 73
     4
 74
     0
 42
0.000000001
 43
0.0000000001
 40
0.0
 40
0.0
 40
0.0
 40
0.0
 40
1.0
 40
1.0
 40
1.0
 40
1.0
 10
36.96879000000001
 20
116.685685
 30
0.0
 10
37.36405
 20
116.789025
 30
0.0
 10
37.76022000000001
 20
116.915995
 30
0.0
 10
38.14666
 20
117.074075
 30
0.0
  0
SPLINE
  5
1D2
330
1F
100
AcDbEntity
  8
0
 62
     7
100
AcDbSpline
210
0.0
220
0.0
230
1.0
 70
     8
 71
     3
 72
     8
 73
     4
 74
     0
 42
0.000000001
 43
0.0000000001
 40
0.0
 40
0.0
 40
0.0
 40
0.0
 40
1.0
 40
1.0
 40
1.0
 40
1.0
 10
38.14666
 20
117.074075
 30
0.0
 10
38.53415
 20
117.229305
 30
0.0
 10
38.90295
 20
117.415205
 30
0.0
 10
39.24303
 20
117.524375
 30
0.0
  0
SPLINE
  5
1D3
330
1F
100
AcDbEntity
  8
0
 62
     7
100
AcDbSpline
210
0.0
220
0.0
230
1.0
 70
     8
 71
     3
 72
     8
 73
     4
 74
     0
 42
0.000000001
 43
0.0000000001
 40
0.0
 40
0.0
 40
0.0
 40
0.0
 40
1.0
 40
1.0
 40
1.0
 40
1.0
 10
39.24303
 20
117.524375
 30
0.0
 10
39.51761
 20
117.616675
 30
0.0
 10
39.79593
 20
117.669595
 30
0.0
 10
40.08681
 20
117.703685
 30
0.0
  0
LWPOLYLINE
  5
1D4
330
1F
100
AcDbEntity
  8
0
 62
     7
100
AcDbPolyline
 90
        4
 70
     0
 43
0.0
 10
16.45069
 20
76.004465
 10
16.39389
 20
75.12958499999998
 10
16.34589
 20
74.69259499999998
 10
16.30669
 20
74.25081500000001
  0
SPLINE
  5
1D5
330
1F
100
AcDbEntity
  8
0
 62
     7
100
AcDbSpline
210
0.0
220
0.0
230
1.0
 70
     8
 71
     3
 72
     8
 73
     4
 74
     0
 42
0.000000001
 43
0.0000000001
 40
0.0
 40
0.0
 40
0.0
 40
0.0
 40
1.0
 40
1.0
 40
1.0
 40
1.0
 10
40.18391
 20
117.708685
 30
0.0
 10
40.20621
 20
117.709685
 30
0.0
 10
41.58716
 20
117.780785
 30
0.0
 10
43.48557999999999
 20
117.464915
 30
0.0
  0
SPLINE
  5
1D6
330
1F
100
AcDbEntity
  8
0
 62
     7
100
AcDbSpline
210
0.0
220
0.0
230
1.0
 70
     8
 71
     3
 72
     8
 73
     4
 74
     0
 42
0.000000001
 43
0.0000000001
 40
0.0
 40
0.0
 40
0.0
 40
0.0
 40
1.0
 40
1.0
 40
1.0
 40
1.0
 10
43.48557999999999
 20
117.464915
 30
0.0
 10
43.33483
 20
117.393715
 30
0.0
 10
43.19365
 20
117.311475
 30
0.0
 10
43.04872999999999
 20
117.235655
 30
0.0
  0
SPLINE
  5
1D7
330
1F
100
AcDbEntity
  8
0
 62
     7
100
AcDbSpline
210
0.0
220
0.0
230
1.0
 70
     8
 71
     3
 72
     8
 73
     4
 74
     0
 42
0.000000001
 43
0.0000000001
 40
0.0
 40
0.0
 40
0.0
 40
0.0
 40
1.0
 40
1.0
 40
1.0
 40
1.0
 10
43.04872999999999
 20
117.235655
 30
0.0
 10
42.89769
 20
117.144155
 30
0.0
 10
42.74154999999999
 20
117.053205
 30
0.0
 10
42.59604
 20
116.961525
 30
0.0
  0
SPLINE
  5
1D8
330
1F
100
AcDbEntity
  8
0
 62
     7
100
AcDbSpline
210
0.0
220
0.0
230
1.0
 70
     8
 71
     3
 72
     8
 73
     4
 74
     0
 42
0.000000001
 43
0.0000000001
 40
0.0
 40
0.0
 40
0.0
 40
0.0
 40
1.0
 40
1.0
 40
1.0
 40
1.0
 10
42.59604
 20
116.961525
 30
0.0
 10
42.00949
 20
116.592275
 30
0.0
 10
41.44194
 20
116.247865
 30
0.0
 10
40.8044
 20
116.020545
 30
0.0
  0
SPLINE
  5
1D9
330
1F
100
AcDbEntity
  8
0
 62
     7
100
AcDbSpline
210
0.0
220
0.0
230
1.0
 70
     8
 71
     3
 72
     8
 73
     4
 74
     0
 42
0.000000001
 43
0.0000000001
 40
0.0
 40
0.0
 40
0.0
 40
0.0
 40
1.0
 40
1.0
 40
1.0
 40
1.0
 10
40.8044
 20
116.020545
 30
0.0
 10
40.17075
 20
115.788735
 30
0.0
 10
39.49163
 20
115.669245
 30
0.0
 10
38.80279
 20
115.603285
 30
0.0
  0
SPLINE
  5
1DA
330
1F
100
AcDbEntity
  8
0
 62
     7
100
AcDbSpline
210
0.0
220
0.0
230
1.0
 70
     8
 71
     3
 72
     8
 73
     4
 74
     0
 42
0.000000001
 43
0.0000000001
 40
0.0
 40
0.0
 40
0.0
 40
0.0
 40
1.0
 40
1.0
 40
1.0
 40
1.0
 10
38.80279
 20
115.603285
 30
0.0
 10
39.49148
 20
115.559785
 30
0.0
 10
40.19453
 20
115.568185
 30
0.0
 10
40.89189
 20
115.703335
 30
0.0
  0
SPLINE
  5
1DB
330
1F
100
AcDbEntity
  8
0
 62
     7
100
AcDbSpline
210
0.0
220
0.0
230
1.0
 70
     8
 71
     3
 72
     8
 73
     4
 74
     0
 42
0.000000001
 43
0.0000000001
 40
0.0
 40
0.0
 40
0.0
 40
0.0
 40
1.0
 40
1.0
 40
1.0
 40
1.0
 10
40.89189
 20
115.703335
 30
0.0
 10
41.58985
 20
115.831655
 30
0.0
 10
42.26567999999999
 20
116.106535
 30
0.0
 10
42.89784
 20
116.376775
 30
0.0
  0
SPLINE
  5
1DC
330
1F
100
AcDbEntity
  8
0
 62
     7
100
AcDbSpline
210
0.0
220
0.0
230
1.0
 70
     8
 71
     3
 72
     8
 73
     4
 74
     0
 42
0.000000001
 43
0.0000000001
 40
0.0
 40
0.0
 40
0.0
 40
0.0
 40
1.0
 40
1.0
 40
1.0
 40
1.0
 10
42.89784
 20
116.376775
 30
0.0
 10
43.53164
 20
116.653745
 30
0.0
 10
44.13628
 20
116.851755
 30
0.0
 10
44.75392999999999
 20
116.883305
 30
0.0
  0
SPLINE
  5
1DD
330
1F
100
AcDbEntity
  8
0
 62
     7
100
AcDbSpline
210
0.0
220
0.0
230
1.0
 70
     8
 71
     3
 72
     8
 73
     4
 74
     0
 42
0.000000001
 43
0.0000000001
 40
0.0
 40
0.0
 40
0.0
 40
0.0
 40
1.0
 40
1.0
 40
1.0
 40
1.0
 10
44.75392999999999
 20
116.883305
 30
0.0
 10
45.34197
 20
116.919105
 30
0.0
 10
45.93899
 20
116.821505
 30
0.0
 10
46.53226
 20
116.674535
 30
0.0
  0
SPLINE
  5
1DE
330
1F
100
AcDbEntity
  8
0
 62
     7
100
AcDbSpline
210
0.0
220
0.0
230
1.0
 70
     8
 71
     3
 72
     8
 73
     4
 74
     0
 42
0.000000001
 43
0.0000000001
 40
0.0
 40
0.0
 40
0.0
 40
0.0
 40
1.0
 40
1.0
 40
1.0
 40
1.0
 10
46.53226
 20
116.674535
 30
0.0
 10
46.85349999999998
 20
116.557585
 30
0.0
 10
47.17698
 20
116.428375
 30
0.0
 10
47.50032
 20
116.284205
 30
0.0
  0
SPLINE
  5
1DF
330
1F
100
AcDbEntity
  8
0
 62
     7
100
AcDbSpline
210
0.0
220
0.0
230
1.0
 70
     8
 71
     3
 72
     8
 73
     4
 74
     0
 42
0.000000001
 43
0.0000000001
 40
0.0
 40
0.0
 40
0.0
 40
0.0
 40
1.0
 40
1.0
 40
1.0
 40
1.0
 10
47.50032
 20
116.284205
 30
0.0
 10
51.34695
 20
114.568535
 30
0.0
 10
52.50658000000001
 20
114.500035
 30
0.0
 10
54.98630999999999
 20
114.499895
 30
0.0
  0
SPLINE
  5
1E0
330
1F
100
AcDbEntity
  8
0
 62
     7
100
AcDbSpline
210
0.0
220
0.0
230
1.0
 70
     8
 71
     3
 72
     8
 73
     4
 74
     0
 42
0.000000001
 43
0.0000000001
 40
0.0
 40
0.0
 40
0.0
 40
0.0
 40
1.0
 40
1.0
 40
1.0
 40
1.0
 10
54.98630999999999
 20
114.499895
 30
0.0
 10
57.46604
 20
114.500035
 30
0.0
 10
58.62551999999999
 20
114.568495
 30
0.0
 10
62.47231
 20
116.284205
 30
0.0
  0
SPLINE
  5
1E1
330
1F
100
AcDbEntity
  8
0
 62
     7
100
AcDbSpline
210
0.0
220
0.0
230
1.0
 70
     8
 71
     3
 72
     8
 73
     4
 74
     0
 42
0.000000001
 43
0.0000000001
 40
0.0
 40
0.0
 40
0.0
 40
0.0
 40
1.0
 40
1.0
 40
1.0
 40
1.0
 10
62.47231
 20
116.284205
 30
0.0
 10
62.79594
 20
116.428515
 30
0.0
 10
63.12001999999999
 20
116.558035
 30
0.0
 10
63.44200999999999
 20
116.674985
 30
0.0
  0
SPLINE
  5
1E2
330
1F
100
AcDbEntity
  8
0
 62
     7
100
AcDbSpline
210
0.0
220
0.0
230
1.0
 70
     8
 71
     3
 72
     8
 73
     4
 74
     0
 42
0.000000001
 43
0.0000000001
 40
0.0
 40
0.0
 40
0.0
 40
0.0
 40
1.0
 40
1.0
 40
1.0
 40
1.0
 10
63.44200999999999
 20
116.674985
 30
0.0
 10
64.03484
 20
116.821695
 30
0.0
 10
64.63124999999999
 20
116.919055
 30
0.0
 10
65.21854999999999
 20
116.883305
 30
0.0
  0
SPLINE
  5
1E3
330
1F
100
AcDbEntity
  8
0
 62
     7
100
AcDbSpline
210
0.0
220
0.0
230
1.0
 70
     8
 71
     3
 72
     8
 73
     4
 74
     0
 42
0.000000001
 43
0.0000000001
 40
0.0
 40
0.0
 40
0.0
 40
0.0
 40
1.0
 40
1.0
 40
1.0
 40
1.0
 10
65.21854999999999
 20
116.883305
 30
0.0
 10
65.83634
 20
116.851805
 30
0.0
 10
66.44084000000001
 20
116.653895
 30
0.0
 10
67.07464
 20
116.376775
 30
0.0
  0
SPLINE
  5
1E4
330
1F
100
AcDbEntity
  8
0
 62
     7
100
AcDbSpline
210
0.0
220
0.0
230
1.0
 70
     8
 71
     3
 72
     8
 73
     4
 74
     0
 42
0.000000001
 43
0.0000000001
 40
0.0
 40
0.0
 40
0.0
 40
0.0
 40
1.0
 40
1.0
 40
1.0
 40
1.0
 10
67.07464
 20
116.376775
 30
0.0
 10
67.70695
 20
116.106535
 30
0.0
 10
68.38263000000001
 20
115.831655
 30
0.0
 10
69.08059
 20
115.703335
 30
0.0
  0
SPLINE
  5
1E5
330
1F
100
AcDbEntity
  8
0
 62
     7
100
AcDbSpline
210
0.0
220
0.0
230
1.0
 70
     8
 71
     3
 72
     8
 73
     4
 74
     0
 42
0.000000001
 43
0.0000000001
 40
0.0
 40
0.0
 40
0.0
 40
0.0
 40
1.0
 40
1.0
 40
1.0
 40
1.0
 10
69.08059
 20
115.703335
 30
0.0
 10
69.77795
 20
115.568145
 30
0.0
 10
70.48099999999998
 20
115.559915
 30
0.0
 10
71.16969
 20
115.603285
 30
0.0
  0
SPLINE
  5
1E6
330
1F
100
AcDbEntity
  8
0
 62
     7
100
AcDbSpline
210
0.0
220
0.0
230
1.0
 70
     8
 71
     3
 72
     8
 73
     4
 74
     0
 42
0.000000001
 43
0.0000000001
 40
0.0
 40
0.0
 40
0.0
 40
0.0
 40
1.0
 40
1.0
 40
1.0
 40
1.0
 10
71.16969
 20
115.603285
 30
0.0
 10
70.48085
 20
115.669185
 30
0.0
 10
69.80173
 20
115.788735
 30
0.0
 10
69.16807
 20
116.020545
 30
0.0
  0
SPLINE
  5
1E7
330
1F
100
AcDbEntity
  8
0
 62
     7
100
AcDbSpline
210
0.0
220
0.0
230
1.0
 70
     8
 71
     3
 72
     8
 73
     4
 74
     0
 42
0.000000001
 43
0.0000000001
 40
0.0
 40
0.0
 40
0.0
 40
0.0
 40
1.0
 40
1.0
 40
1.0
 40
1.0
 10
69.16807
 20
116.020545
 30
0.0
 10
68.53053
 20
116.247865
 30
0.0
 10
67.96298
 20
116.592275
 30
0.0
 10
67.37644
 20
116.961525
 30
0.0
  0
SPLINE
  5
1E8
330
1F
100
AcDbEntity
  8
0
 62
     7
100
AcDbSpline
210
0.0
220
0.0
230
1.0
 70
     8
 71
     3
 72
     8
 73
     4
 74
     0
 42
0.000000001
 43
0.0000000001
 40
0.0
 40
0.0
 40
0.0
 40
0.0
 40
1.0
 40
1.0
 40
1.0
 40
1.0
 10
67.37644
 20
116.961525
 30
0.0
 10
67.23092
 20
117.053225
 30
0.0
 10
67.07479000000001
 20
117.144125
 30
0.0
 10
66.92374
 20
117.235655
 30
0.0
  0
SPLINE
  5
1E9
330
1F
100
AcDbEntity
  8
0
 62
     7
100
AcDbSpline
210
0.0
220
0.0
230
1.0
 70
     8
 71
     3
 72
     8
 73
     4
 74
     0
 42
0.000000001
 43
0.0000000001
 40
0.0
 40
0.0
 40
0.0
 40
0.0
 40
1.0
 40
1.0
 40
1.0
 40
1.0
 10
66.92374
 20
117.235655
 30
0.0
 10
66.77972
 20
117.311055
 30
0.0
 10
66.63929
 20
117.392685
 30
0.0
 10
66.48959000000001
 20
117.463575
 30
0.0
  0
SPLINE
  5
1EA
330
1F
100
AcDbEntity
  8
0
 62
     7
100
AcDbSpline
210
0.0
220
0.0
230
1.0
 70
     8
 71
     3
 72
     8
 73
     4
 74
     0
 42
0.000000001
 43
0.0000000001
 40
0.0
 40
0.0
 40
0.0
 40
0.0
 40
1.0
 40
1.0
 40
1.0
 40
1.0
 10
66.48959000000001
 20
117.463575
 30
0.0
 10
68.38441999999999
 20
117.778085
 30
0.0
 10
69.76628999999999
 20
117.709585
 30
0.0
 10
69.78856999999999
 20
117.708685
 30
0.0
  0
LWPOLYLINE
  5
1EB
330
1F
100
AcDbEntity
  8
0
 62
     7
100
AcDbPolyline
 90
        2
 70
     0
 43
0.0
 10
40.08681
 20
117.703685
 10
40.18391
 20
117.708685
  0
SPLINE
  5
1EC
330
1F
100
AcDbEntity
  8
0
 62
     7
100
AcDbSpline
210
0.0
220
0.0
230
1.0
 70
     8
 71
     3
 72
     8
 73
     4
 74
     0
 42
0.000000001
 43
0.0000000001
 40
0.0
 40
0.0
 40
0.0
 40
0.0
 40
1.0
 40
1.0
 40
1.0
 40
1.0
 10
69.88566999999999
 20
117.703685
 30
0.0
 10
70.17655000000001
 20
117.669585
 30
0.0
 10
70.45487
 20
117.616485
 30
0.0
 10
70.72943999999998
 20
117.524375
 30
0.0
  0
SPLINE
  5
1ED
330
1F
100
AcDbEntity
  8
0
 62
     7
100
AcDbSpline
210
0.0
220
0.0
230
1.0
 70
     8
 71
     3
 72
     8
 73
     4
 74
     0
 42
0.000000001
 43
0.0000000001
 40
0.0
 40
0.0
 40
0.0
 40
0.0
 40
1.0
 40
1.0
 40
1.0
 40
1.0
 10
70.72943999999998
 20
117.524375
 30
0.0
 10
71.06953
 20
117.415205
 30
0.0
 10
71.43818
 20
117.229305
 30
0.0
 10
71.82581
 20
117.074075
 30
0.0
  0
SPLINE
  5
1EE
330
1F
100
AcDbEntity
  8
0
 62
     7
100
AcDbSpline
210
0.0
220
0.0
230
1.0
 70
     8
 71
     3
 72
     8
 73
     4
 74
     0
 42
0.000000001
 43
0.0000000001
 40
0.0
 40
0.0
 40
0.0
 40
0.0
 40
1.0
 40
1.0
 40
1.0
 40
1.0
 10
71.82581
 20
117.074075
 30
0.0
 10
72.21226
 20
116.916145
 30
0.0
 10
72.60857
 20
116.789025
 30
0.0
 10
73.00369
 20
116.685685
 30
0.0
  0
SPLINE
  5
1EF
330
1F
100
AcDbEntity
  8
0
 62
     7
100
AcDbSpline
210
0.0
220
0.0
230
1.0
 70
     8
 71
     3
 72
     8
 73
     4
 74
     0
 42
0.000000001
 43
0.0000000001
 40
0.0
 40
0.0
 40
0.0
 40
0.0
 40
1.0
 40
1.0
 40
1.0
 40
1.0
 10
73.00369
 20
116.685685
 30
0.0
 10
73.39836
 20
116.578905
 30
0.0
 10
73.79677
 20
116.501285
 30
0.0
 10
74.19263
 20
116.426365
 30
0.0
  0
SPLINE
  5
1F0
330
1F
100
AcDbEntity
  8
0
 62
     7
100
AcDbSpline
210
0.0
220
0.0
230
1.0
 70
     8
 71
     3
 72
     8
 73
     4
 74
     0
 42
0.000000001
 43
0.0000000001
 40
0.0
 40
0.0
 40
0.0
 40
0.0
 40
1.0
 40
1.0
 40
1.0
 40
1.0
 10
74.19263
 20
116.426365
 30
0.0
 10
73.83071
 20
116.605525
 30
0.0
 10
73.47179
 20
116.785885
 30
0.0
 10
73.12961
 20
116.989575
 30
0.0
  0
SPLINE
  5
1F1
330
1F
100
AcDbEntity
  8
0
 62
     7
100
AcDbSpline
210
0.0
220
0.0
230
1.0
 70
     8
 71
     3
 72
     8
 73
     4
 74
     0
 42
0.000000001
 43
0.0000000001
 40
0.0
 40
0.0
 40
0.0
 40
0.0
 40
1.0
 40
1.0
 40
1.0
 40
1.0
 10
73.12961
 20
116.989575
 30
0.0
 10
72.78579
 20
117.190425
 30
0.0
 10
72.45841999999997
 20
117.406825
 30
0.0
 10
72.15094
 20
117.646115
 30
0.0
  0
SPLINE
  5
1F2
330
1F
100
AcDbEntity
  8
0
 62
     7
100
AcDbSpline
210
0.0
220
0.0
230
1.0
 70
     8
 71
     3
 72
     8
 73
     4
 74
     0
 42
0.000000001
 43
0.0000000001
 40
0.0
 40
0.0
 40
0.0
 40
0.0
 40
1.0
 40
1.0
 40
1.0
 40
1.0
 10
72.15094
 20
117.646115
 30
0.0
 10
71.84136999999998
 20
117.881805
 30
0.0
 10
71.55034
 20
118.152345
 30
0.0
 10
71.17645999999997
 20
118.404345
 30
0.0
  0
SPLINE
  5
1F3
330
1F
100
AcDbEntity
  8
0
 62
     7
100
AcDbSpline
210
0.0
220
0.0
230
1.0
 70
     8
 71
     3
 72
     8
 73
     4
 74
     0
 42
0.000000001
 43
0.0000000001
 40
0.0
 40
0.0
 40
0.0
 40
0.0
 40
1.0
 40
1.0
 40
1.0
 40
1.0
 10
71.17645999999997
 20
118.404345
 30
0.0
 10
71.08626
 20
118.466145
 30
0.0
 10
70.99294999999997
 20
118.524285
 30
0.0
 10
70.89769
 20
118.579465
 30
0.0
  0
SPLINE
  5
1F4
330
1F
100
AcDbEntity
  8
0
 62
     7
100
AcDbSpline
210
0.0
220
0.0
230
1.0
 70
     8
 71
     3
 72
     8
 73
     4
 74
     0
 42
0.000000001
 43
0.0000000001
 40
0.0
 40
0.0
 40
0.0
 40
0.0
 40
1.0
 40
1.0
 40
1.0
 40
1.0
 10
70.89769
 20
118.579465
 30
0.0
 10
71.58922
 20
119.433415
 30
0.0
 10
72.73255
 20
121.096585
 30
0.0
 10
73.69657
 20
123.694015
 30
0.0
  0
SPLINE
  5
1F5
330
1F
100
AcDbEntity
  8
0
 62
     7
100
AcDbSpline
210
0.0
220
0.0
230
1.0
 70
     8
 71
     3
 72
     8
 73
     4
 74
     0
 42
0.000000001
 43
0.0000000001
 40
0.0
 40
0.0
 40
0.0
 40
0.0
 40
1.0
 40
1.0
 40
1.0
 40
1.0
 10
73.69657
 20
123.694015
 30
0.0
 10
73.81546
 20
123.170875
 30
0.0
 10
73.91925
 20
122.664345
 30
0.0
 10
73.96156999999998
 20
122.138815
 30
0.0
  0
SPLINE
  5
1F6
330
1F
100
AcDbEntity
  8
0
 62
     7
100
AcDbSpline
210
0.0
220
0.0
230
1.0
 70
     8
 71
     3
 72
     8
 73
     4
 74
     0
 42
0.000000001
 43
0.0000000001
 40
0.0
 40
0.0
 40
0.0
 40
0.0
 40
1.0
 40
1.0
 40
1.0
 40
1.0
 10
73.96156999999998
 20
122.138815
 30
0.0
 10
74.01746999999997
 20
121.522215
 30
0.0
 10
73.98877
 20
120.883775
 30
0.0
 10
73.93896999999999
 20
120.203155
 30
0.0
  0
SPLINE
  5
1F7
330
1F
100
AcDbEntity
  8
0
 62
     7
100
AcDbSpline
210
0.0
220
0.0
230
1.0
 70
     8
 71
     3
 72
     8
 73
     4
 74
     0
 42
0.000000001
 43
0.0000000001
 40
0.0
 40
0.0
 40
0.0
 40
0.0
 40
1.0
 40
1.0
 40
1.0
 40
1.0
 10
73.93896999999999
 20
120.203155
 30
0.0
 10
74.30208
 20
120.763535
 30
0.0
 10
74.58218999999998
 20
121.400475
 30
0.0
 10
74.71425
 20
122.084975
 30
0.0
  0
SPLINE
  5
1F8
330
1F
100
AcDbEntity
  8
0
 62
     7
100
AcDbSpline
210
0.0
220
0.0
230
1.0
 70
     8
 71
     3
 72
     8
 73
     4
 74
     0
 42
0.000000001
 43
0.0000000001
 40
0.0
 40
0.0
 40
0.0
 40
0.0
 40
1.0
 40
1.0
 40
1.0
 40
1.0
 10
74.71425
 20
122.084975
 30
0.0
 10
74.85259
 20
122.767835
 30
0.0
 10
74.84885
 20
123.480455
 30
0.0
 10
74.79335
 20
124.146705
 30
0.0
  0
SPLINE
  5
1F9
330
1F
100
AcDbEntity
  8
0
 62
     7
100
AcDbSpline
210
0.0
220
0.0
230
1.0
 70
     8
 71
     3
 72
     8
 73
     4
 74
     0
 42
0.000000001
 43
0.0000000001
 40
0.0
 40
0.0
 40
0.0
 40
0.0
 40
1.0
 40
1.0
 40
1.0
 40
1.0
 10
74.79335
 20
124.146705
 30
0.0
 10
74.76434999999998
 20
124.480655
 30
0.0
 10
74.73955
 20
124.804595
 30
0.0
 10
74.70674999999999
 20
125.119995
 30
0.0
  0
SPLINE
  5
1FA
330
1F
100
AcDbEntity
  8
0
 62
     7
100
AcDbSpline
210
0.0
220
0.0
230
1.0
 70
     8
 71
     3
 72
     8
 73
     4
 74
     0
 42
0.000000001
 43
0.0000000001
 40
0.0
 40
0.0
 40
0.0
 40
0.0
 40
1.0
 40
1.0
 40
1.0
 40
1.0
 10
74.70674999999999
 20
125.119995
 30
0.0
 10
74.68295000000002
 20
125.433005
 30
0.0
 10
74.66425
 20
125.739295
 30
0.0
 10
74.65555000000001
 20
126.037205
 30
0.0
  0
SPLINE
  5
1FB
330
1F
100
AcDbEntity
  8
0
 62
     7
100
AcDbSpline
210
0.0
220
0.0
230
1.0
 70
     8
 71
     3
 72
     8
 73
     4
 74
     0
 42
0.000000001
 43
0.0000000001
 40
0.0
 40
0.0
 40
0.0
 40
0.0
 40
1.0
 40
1.0
 40
1.0
 40
1.0
 10
74.65555000000001
 20
126.037205
 30
0.0
 10
74.64955
 20
126.335555
 30
0.0
 10
74.66974999999997
 20
126.628385
 30
0.0
 10
74.69934999999998
 20
126.918815
 30
0.0
  0
SPLINE
  5
1FC
330
1F
100
AcDbEntity
  8
0
 62
     7
100
AcDbSpline
210
0.0
220
0.0
230
1.0
 70
     8
 71
     3
 72
     8
 73
     4
 74
     0
 42
0.000000001
 43
0.0000000001
 40
0.0
 40
0.0
 40
0.0
 40
0.0
 40
1.0
 40
1.0
 40
1.0
 40
1.0
 10
74.69934999999998
 20
126.918815
 30
0.0
 10
74.71865
 20
127.063585
 30
0.0
 10
74.72655
 20
127.209695
 30
0.0
 10
74.75345
 20
127.354165
 30
0.0
  0
SPLINE
  5
1FD
330
1F
100
AcDbEntity
  8
0
 62
     7
100
AcDbSpline
210
0.0
220
0.0
230
1.0
 70
     8
 71
     3
 72
     8
 73
     4
 74
     0
 42
0.000000001
 43
0.0000000001
 40
0.0
 40
0.0
 40
0.0
 40
0.0
 40
1.0
 40
1.0
 40
1.0
 40
1.0
 10
74.75345
 20
127.354165
 30
0.0
 10
74.78395
 20
127.495935
 30
0.0
 10
74.80755000000002
 20
127.639055
 30
0.0
 10
74.82925
 20
127.783525
 30
0.0
  0
SPLINE
  5
1FE
330
1F
100
AcDbEntity
  8
0
 62
     7
100
AcDbSpline
210
0.0
220
0.0
230
1.0
 70
     8
 71
     3
 72
     8
 73
     4
 74
     0
 42
0.000000001
 43
0.0000000001
 40
0.0
 40
0.0
 40
0.0
 40
0.0
 40
1.0
 40
1.0
 40
1.0
 40
1.0
 10
74.82925
 20
127.783525
 30
0.0
 10
74.9975
 20
128.650785
 30
0.0
 10
75.13808
 20
129.5768149999999
 30
0.0
 10
75.23798000000002
 20
130.569985
 30
0.0
  0
SPLINE
  5
1FF
330
1F
100
AcDbEntity
  8
0
 62
     7
100
AcDbSpline
210
0.0
220
0.0
230
1.0
 70
     8
 71
     3
 72
     8
 73
     4
 74
     0
 42
0.000000001
 43
0.0000000001
 40
0.0
 40
0.0
 40
0.0
 40
0.0
 40
1.0
 40
1.0
 40
1.0
 40
1.0
 10
75.23798000000002
 20
130.569985
 30
0.0
 10
75.50941
 20
133.270755
 30
0.0
 10
76.20274000000001
 20
134.915835
 30
0.0
 10
77.09258
 20
134.970425
 30
0.0
  0
SPLINE
  5
200
330
1F
100
AcDbEntity
  8
0
 62
     7
100
AcDbSpline
210
0.0
220
0.0
230
1.0
 70
     8
 71
     3
 72
     8
 73
     4
 74
     0
 42
0.000000001
 43
0.0000000001
 40
0.0
 40
0.0
 40
0.0
 40
0.0
 40
1.0
 40
1.0
 40
1.0
 40
1.0
 10
77.09258
 20
134.970425
 30
0.0
 10
78.19194
 20
135.036225
 30
0.0
 10
79.79364
 20
132.942485
 30
0.0
 10
80.27506
 20
130.819295
 30
0.0
  0
SPLINE
  5
201
330
1F
100
AcDbEntity
  8
0
 62
     7
100
AcDbSpline
210
0.0
220
0.0
230
1.0
 70
     8
 71
     3
 72
     8
 73
     4
 74
     0
 42
0.000000001
 43
0.0000000001
 40
0.0
 40
0.0
 40
0.0
 40
0.0
 40
1.0
 40
1.0
 40
1.0
 40
1.0
 10
80.27506
 20
130.819295
 30
0.0
 10
80.54365
 20
129.634985
 30
0.0
 10
81.12661000000001
 20
128.4956949999999
 30
0.0
 10
82.05488
 20
127.343545
 30
0.0
  0
SPLINE
  5
202
330
1F
100
AcDbEntity
  8
0
 62
     7
100
AcDbSpline
210
0.0
220
0.0
230
1.0
 70
     8
 71
     3
 72
     8
 73
     4
 74
     0
 42
0.000000001
 43
0.0000000001
 40
0.0
 40
0.0
 40
0.0
 40
0.0
 40
1.0
 40
1.0
 40
1.0
 40
1.0
 10
82.05488
 20
127.343545
 30
0.0
 10
82.00108
 20
126.819065
 30
0.0
 10
81.93748000000002
 20
126.359335
 30
0.0
 10
81.86555
 20
125.919805
 30
0.0
  0
SPLINE
  5
203
330
1F
100
AcDbEntity
  8
0
 62
     7
100
AcDbSpline
210
0.0
220
0.0
230
1.0
 70
     8
 71
     3
 72
     8
 73
     4
 74
     0
 42
0.000000001
 43
0.0000000001
 40
0.0
 40
0.0
 40
0.0
 40
0.0
 40
1.0
 40
1.0
 40
1.0
 40
1.0
 10
81.86555
 20
125.919805
 30
0.0
 10
81.41150000000001
 20
126.482865
 30
0.0
 10
80.99335000000001
 20
127.042195
 30
0.0
 10
80.58761999999999
 20
127.654165
 30
0.0
  0
SPLINE
  5
204
330
1F
100
AcDbEntity
  8
0
 62
     7
100
AcDbSpline
210
0.0
220
0.0
230
1.0
 70
     8
 71
     3
 72
     8
 73
     4
 74
     0
 42
0.000000001
 43
0.0000000001
 40
0.0
 40
0.0
 40
0.0
 40
0.0
 40
1.0
 40
1.0
 40
1.0
 40
1.0
 10
80.58761999999999
 20
127.654165
 30
0.0
 10
79.37445
 20
129.484385
 30
0.0
 10
78.11312
 20
132.781275
 30
0.0
 10
77.53046999999998
 20
132.788155
 30
0.0
  0
SPLINE
  5
205
330
1F
100
AcDbEntity
  8
0
 62
     7
100
AcDbSpline
210
0.0
220
0.0
230
1.0
 70
     8
 71
     3
 72
     8
 73
     4
 74
     0
 42
0.000000001
 43
0.0000000001
 40
0.0
 40
0.0
 40
0.0
 40
0.0
 40
1.0
 40
1.0
 40
1.0
 40
1.0
 10
77.53046999999998
 20
132.788155
 30
0.0
 10
76.58829
 20
132.799255
 30
0.0
 10
76.40628000000003
 20
130.018885
 30
0.0
 10
76.59831
 20
127.523905
 30
0.0
  0
SPLINE
  5
206
330
1F
100
AcDbEntity
  8
0
 62
     7
100
AcDbSpline
210
0.0
220
0.0
230
1.0
 70
     8
 71
     3
 72
     8
 73
     4
 74
     0
 42
0.000000001
 43
0.0000000001
 40
0.0
 40
0.0
 40
0.0
 40
0.0
 40
1.0
 40
1.0
 40
1.0
 40
1.0
 10
76.59831
 20
127.523905
 30
0.0
 10
76.79018000000002
 20
125.028915
 30
0.0
 10
76.84775999999998
 20
121.162985
 30
0.0
 10
76.53121
 20
119.490395
 30
0.0
  0
SPLINE
  5
207
330
1F
100
AcDbEntity
  8
0
 62
     7
100
AcDbSpline
210
0.0
220
0.0
230
1.0
 70
     8
 71
     3
 72
     8
 73
     4
 74
     0
 42
0.000000001
 43
0.0000000001
 40
0.0
 40
0.0
 40
0.0
 40
0.0
 40
1.0
 40
1.0
 40
1.0
 40
1.0
 10
76.53121
 20
119.490395
 30
0.0
 10
76.21461
 20
117.817945
 30
0.0
 10
75.30981
 20
116.556625
 30
0.0
 10
75.39206
 20
116.145355
 30
0.0
  0
SPLINE
  5
208
330
1F
100
AcDbEntity
  8
0
 62
     7
100
AcDbSpline
210
0.0
220
0.0
230
1.0
 70
     8
 71
     3
 72
     8
 73
     4
 74
     0
 42
0.000000001
 43
0.0000000001
 40
0.0
 40
0.0
 40
0.0
 40
0.0
 40
1.0
 40
1.0
 40
1.0
 40
1.0
 10
75.39206
 20
116.145355
 30
0.0
 10
75.47436000000002
 20
115.734085
 30
0.0
 10
77.69518000000002
 20
114.500275
 30
0.0
 10
78.73711
 20
113.403605
 30
0.0
  0
SPLINE
  5
209
330
1F
100
AcDbEntity
  8
0
 62
     7
100
AcDbSpline
210
0.0
220
0.0
230
1.0
 70
     8
 71
     3
 72
     8
 73
     4
 74
     0
 42
0.000000001
 43
0.0000000001
 40
0.0
 40
0.0
 40
0.0
 40
0.0
 40
1.0
 40
1.0
 40
1.0
 40
1.0
 10
78.73711
 20
113.403605
 30
0.0
 10
79.77904000000002
 20
112.306935
 30
0.0
 10
80.18297999999999
 20
111.178415
 30
0.0
 10
81.45148
 20
110.332845
 30
0.0
  0
SPLINE
  5
20A
330
1F
100
AcDbEntity
  8
0
 62
     7
100
AcDbSpline
210
0.0
220
0.0
230
1.0
 70
     8
 71
     3
 72
     8
 73
     4
 74
     0
 42
0.000000001
 43
0.0000000001
 40
0.0
 40
0.0
 40
0.0
 40
0.0
 40
1.0
 40
1.0
 40
1.0
 40
1.0
 10
81.45148
 20
110.332845
 30
0.0
 10
83.83684999999998
 20
108.742655
 30
0.0
 10
85.45455999999999
 20
105.315365
 30
0.0
 10
86.38671999999997
 20
104.712215
 30
0.0
  0
SPLINE
  5
20B
330
1F
100
AcDbEntity
  8
0
 62
     7
100
AcDbSpline
210
0.0
220
0.0
230
1.0
 70
     8
 71
     3
 72
     8
 73
     4
 74
     0
 42
0.000000001
 43
0.0000000001
 40
0.0
 40
0.0
 40
0.0
 40
0.0
 40
1.0
 40
1.0
 40
1.0
 40
1.0
 10
86.38671999999997
 20
104.712215
 30
0.0
 10
85.12553999999999
 20
105.013865
 30
0.0
 10
84.27549
 20
106.823445
 30
0.0
 10
83.50782999999998
 20
107.453965
 30
0.0
  0
SPLINE
  5
20C
330
1F
100
AcDbEntity
  8
0
 62
     7
100
AcDbSpline
210
0.0
220
0.0
230
1.0
 70
     8
 71
     3
 72
     8
 73
     4
 74
     0
 42
0.000000001
 43
0.0000000001
 40
0.0
 40
0.0
 40
0.0
 40
0.0
 40
1.0
 40
1.0
 40
1.0
 40
1.0
 10
83.50782999999998
 20
107.453965
 30
0.0
 10
82.74018000000003
 20
108.084625
 30
0.0
 10
81.9655
 20
108.941405
 30
0.0
 10
80.69055999999998
 20
109.948945
 30
0.0
  0
SPLINE
  5
20D
330
1F
100
AcDbEntity
  8
0
 62
     7
100
AcDbSpline
210
0.0
220
0.0
230
1.0
 70
     8
 71
     3
 72
     8
 73
     4
 74
     0
 42
0.000000001
 43
0.0000000001
 40
0.0
 40
0.0
 40
0.0
 40
0.0
 40
1.0
 40
1.0
 40
1.0
 40
1.0
 10
80.69055999999998
 20
109.948945
 30
0.0
 10
79.41563000000002
 20
110.956475
 30
0.0
 10
78.43516
 20
113.696875
 30
0.0
 10
72.48581
 20
114.987065
 30
0.0
  0
SPLINE
  5
20E
330
1F
100
AcDbEntity
  8
0
 62
     7
100
AcDbSpline
210
0.0
220
0.0
230
1.0
 70
     8
 71
     3
 72
     8
 73
     4
 74
     0
 42
0.000000001
 43
0.0000000001
 40
0.0
 40
0.0
 40
0.0
 40
0.0
 40
1.0
 40
1.0
 40
1.0
 40
1.0
 10
72.48581
 20
114.987065
 30
0.0
 10
74.60377
 20
114.000025
 30
0.0
 10
77.17428000000002
 20
112.581215
 30
0.0
 10
78.01731
 20
111.532405
 30
0.0
  0
SPLINE
  5
20F
330
1F
100
AcDbEntity
  8
0
 62
     7
100
AcDbSpline
210
0.0
220
0.0
230
1.0
 70
     8
 71
     3
 72
     8
 73
     4
 74
     0
 42
0.000000001
 43
0.0000000001
 40
0.0
 40
0.0
 40
0.0
 40
0.0
 40
1.0
 40
1.0
 40
1.0
 40
1.0
 10
78.01731
 20
111.532405
 30
0.0
 10
76.57786999999998
 20
112.416705
 30
0.0
 10
72.99983
 20
112.971845
 30
0.0
 10
72.99983
 20
112.971845
 30
0.0
  0
SPLINE
  5
210
330
1F
100
AcDbEntity
  8
0
 62
     7
100
AcDbSpline
210
0.0
220
0.0
230
1.0
 70
     8
 71
     3
 72
     8
 73
     4
 74
     0
 42
0.000000001
 43
0.0000000001
 40
0.0
 40
0.0
 40
0.0
 40
0.0
 40
1.0
 40
1.0
 40
1.0
 40
1.0
 10
72.99983
 20
112.971845
 30
0.0
 10
72.99983
 20
112.971845
 30
0.0
 10
78.24358000000002
 20
110.895015
 30
0.0
 10
79.84739000000002
 20
109.188165
 30
0.0
  0
SPLINE
  5
211
330
1F
100
AcDbEntity
  8
0
 62
     7
100
AcDbSpline
210
0.0
220
0.0
230
1.0
 70
     8
 71
     3
 72
     8
 73
     4
 74
     0
 42
0.000000001
 43
0.0000000001
 40
0.0
 40
0.0
 40
0.0
 40
0.0
 40
1.0
 40
1.0
 40
1.0
 40
1.0
 10
79.84739000000002
 20
109.188165
 30
0.0
 10
78.47643999999998
 20
109.702325
 30
0.0
 10
75.35079
 20
110.702985
 30
0.0
 10
73.88398000000002
 20
110.990875
 30
0.0
  0
SPLINE
  5
212
330
1F
100
AcDbEntity
  8
0
 62
     7
100
AcDbSpline
210
0.0
220
0.0
230
1.0
 70
     8
 71
     3
 72
     8
 73
     4
 74
     0
 42
0.000000001
 43
0.0000000001
 40
0.0
 40
0.0
 40
0.0
 40
0.0
 40
1.0
 40
1.0
 40
1.0
 40
1.0
 10
73.88398000000002
 20
110.990875
 30
0.0
 10
76.06371
 20
109.935335
 30
0.0
 10
78.25719000000002
 20
108.441005
 30
0.0
 10
79.61438000000002
 20
107.878985
 30
0.0
  0
SPLINE
  5
213
330
1F
100
AcDbEntity
  8
0
 62
     7
100
AcDbSpline
210
0.0
220
0.0
230
1.0
 70
     8
 71
     3
 72
     8
 73
     4
 74
     0
 42
0.000000001
 43
0.0000000001
 40
0.0
 40
0.0
 40
0.0
 40
0.0
 40
1.0
 40
1.0
 40
1.0
 40
1.0
 10
79.61438000000002
 20
107.878985
 30
0.0
 10
80.97157000000001
 20
107.316965
 30
0.0
 10
82.38364
 20
106.014515
 30
0.0
 10
82.38364
 20
106.014515
 30
0.0
  0
SPLINE
  5
214
330
1F
100
AcDbEntity
  8
0
 62
     7
100
AcDbSpline
210
0.0
220
0.0
230
1.0
 70
     8
 71
     3
 72
     8
 73
     4
 74
     0
 42
0.000000001
 43
0.0000000001
 40
0.0
 40
0.0
 40
0.0
 40
0.0
 40
1.0
 40
1.0
 40
1.0
 40
1.0
 10
82.38364
 20
106.014515
 30
0.0
 10
82.38364
 20
106.014515
 30
0.0
 10
79.44988000000002
 20
107.124945
 30
0.0
 10
78.01042999999999
 20
107.453965
 30
0.0
  0
SPLINE
  5
215
330
1F
100
AcDbEntity
  8
0
 62
     7
100
AcDbSpline
210
0.0
220
0.0
230
1.0
 70
     8
 71
     3
 72
     8
 73
     4
 74
     0
 42
0.000000001
 43
0.0000000001
 40
0.0
 40
0.0
 40
0.0
 40
0.0
 40
1.0
 40
1.0
 40
1.0
 40
1.0
 10
78.01042999999999
 20
107.453965
 30
0.0
 10
79.98451999999997
 20
106.521805
 30
0.0
 10
80.95781
 20
105.863765
 30
0.0
 10
81.61584000000003
 20
105.233105
 30
0.0
  0
SPLINE
  5
216
330
1F
100
AcDbEntity
  8
0
 62
     7
100
AcDbSpline
210
0.0
220
0.0
230
1.0
 70
     8
 71
     3
 72
     8
 73
     4
 74
     0
 42
0.000000001
 43
0.0000000001
 40
0.0
 40
0.0
 40
0.0
 40
0.0
 40
1.0
 40
1.0
 40
1.0
 40
1.0
 10
81.61584000000003
 20
105.233105
 30
0.0
 10
82.27387
 20
104.602445
 30
0.0
 10
86.08492
 20
102.230835
 30
0.0
 10
87.37360999999998
 20
100.544635
 30
0.0
  0
SPLINE
  5
217
330
1F
100
AcDbEntity
  8
0
 62
     7
100
AcDbSpline
210
0.0
220
0.0
230
1.0
 70
     8
 71
     3
 72
     8
 73
     4
 74
     0
 42
0.000000001
 43
0.0000000001
 40
0.0
 40
0.0
 40
0.0
 40
0.0
 40
1.0
 40
1.0
 40
1.0
 40
1.0
 10
87.37360999999998
 20
100.544635
 30
0.0
 10
85.72853999999997
 20
100.887415
 30
0.0
 10
83.57618
 20
102.600985
 30
0.0
 10
81.79410999999998
 20
103.231645
 30
0.0
  0
SPLINE
  5
218
330
1F
100
AcDbEntity
  8
0
 62
     7
100
AcDbSpline
210
0.0
220
0.0
230
1.0
 70
     8
 71
     3
 72
     8
 73
     4
 74
     0
 42
0.000000001
 43
0.0000000001
 40
0.0
 40
0.0
 40
0.0
 40
0.0
 40
1.0
 40
1.0
 40
1.0
 40
1.0
 10
81.79410999999998
 20
103.231645
 30
0.0
 10
80.01189000000001
 20
103.862305
 30
0.0
 10
77.81855999999997
 20
104.067945
 30
0.0
 10
75.40568
 20
103.738925
 30
0.0
  0
SPLINE
  5
219
330
1F
100
AcDbEntity
  8
0
 62
     7
100
AcDbSpline
210
0.0
220
0.0
230
1.0
 70
     8
 71
     3
 72
     8
 73
     4
 74
     0
 42
0.000000001
 43
0.0000000001
 40
0.0
 40
0.0
 40
0.0
 40
0.0
 40
1.0
 40
1.0
 40
1.0
 40
1.0
 10
75.40568
 20
103.738925
 30
0.0
 10
78.05156
 20
103.409915
 30
0.0
 10
82.10936999999999
 20
102.422865
 30
0.0
 10
84.49473000000002
 20
99.708485
 30
0.0
  0
SPLINE
  5
21A
330
1F
100
AcDbEntity
  8
0
 62
     7
100
AcDbSpline
210
0.0
220
0.0
230
1.0
 70
     8
 71
     3
 72
     8
 73
     4
 74
     0
 42
0.000000001
 43
0.0000000001
 40
0.0
 40
0.0
 40
0.0
 40
0.0
 40
1.0
 40
1.0
 40
1.0
 40
1.0
 10
84.49473000000002
 20
99.708485
 30
0.0
 10
86.88008999999999
 20
96.994115
 30
0.0
 10
89.88235999999998
 20
96.829595
 30
0.0
 10
91.03391
 20
90.74281499999999
 30
0.0
  0
SPLINE
  5
21B
330
1F
100
AcDbEntity
  8
0
 62
     7
100
AcDbSpline
210
0.0
220
0.0
230
1.0
 70
     8
 71
     3
 72
     8
 73
     4
 74
     0
 42
0.000000001
 43
0.0000000001
 40
0.0
 40
0.0
 40
0.0
 40
0.0
 40
1.0
 40
1.0
 40
1.0
 40
1.0
 10
91.03391
 20
90.74281499999999
 30
0.0
 10
89.47109000000002
 20
93.950715
 30
0.0
 10
88.93644
 20
95.102275
 30
0.0
 10
85.85191999999997
 20
97.19974499999999
 30
0.0
  0
SPLINE
  5
21C
330
1F
100
AcDbEntity
  8
0
 62
     7
100
AcDbSpline
210
0.0
220
0.0
230
1.0
 70
     8
 71
     3
 72
     8
 73
     4
 74
     0
 42
0.000000001
 43
0.0000000001
 40
0.0
 40
0.0
 40
0.0
 40
0.0
 40
1.0
 40
1.0
 40
1.0
 40
1.0
 10
85.85191999999997
 20
97.19974499999999
 30
0.0
 10
82.7674
 20
99.29721499999999
 30
0.0
 10
84.28909
 20
99.83186500000002
 30
0.0
 10
76.96850000000002
 20
101.682575
 30
0.0
  0
SPLINE
  5
21D
330
1F
100
AcDbEntity
  8
0
 62
     7
100
AcDbSpline
210
0.0
220
0.0
230
1.0
 70
     8
 71
     3
 72
     8
 73
     4
 74
     0
 42
0.000000001
 43
0.0000000001
 40
0.0
 40
0.0
 40
0.0
 40
0.0
 40
1.0
 40
1.0
 40
1.0
 40
1.0
 10
76.96850000000002
 20
101.682575
 30
0.0
 10
79.47724
 20
100.585915
 30
0.0
 10
80.93044
 20
99.228725
 30
0.0
 10
80.93044
 20
99.228725
 30
0.0
  0
SPLINE
  5
21E
330
1F
100
AcDbEntity
  8
0
 62
     7
100
AcDbSpline
210
0.0
220
0.0
230
1.0
 70
     8
 71
     3
 72
     8
 73
     4
 74
     0
 42
0.000000001
 43
0.0000000001
 40
0.0
 40
0.0
 40
0.0
 40
0.0
 40
1.0
 40
1.0
 40
1.0
 40
1.0
 10
80.93044
 20
99.228725
 30
0.0
 10
80.93044
 20
99.228725
 30
0.0
 10
79.64175
 20
99.777125
 30
0.0
 10
77.85968000000003
 20
99.88675499999999
 30
0.0
  0
SPLINE
  5
21F
330
1F
100
AcDbEntity
  8
0
 62
     7
100
AcDbSpline
210
0.0
220
0.0
230
1.0
 70
     8
 71
     3
 72
     8
 73
     4
 74
     0
 42
0.000000001
 43
0.0000000001
 40
0.0
 40
0.0
 40
0.0
 40
0.0
 40
1.0
 40
1.0
 40
1.0
 40
1.0
 10
77.85968000000003
 20
99.88675499999999
 30
0.0
 10
80.14903000000002
 20
98.748955
 30
0.0
 10
81.05382
 20
98.36505500000001
 30
0.0
 10
81.75985999999998
 20
97.72078500000001
 30
0.0
  0
SPLINE
  5
220
330
1F
100
AcDbEntity
  8
0
 62
     7
100
AcDbSpline
210
0.0
220
0.0
230
1.0
 70
     8
 71
     3
 72
     8
 73
     4
 74
     0
 42
0.000000001
 43
0.0000000001
 40
0.0
 40
0.0
 40
0.0
 40
0.0
 40
1.0
 40
1.0
 40
1.0
 40
1.0
 10
81.75985999999998
 20
97.72078500000001
 30
0.0
 10
80.80705999999997
 20
97.967545
 30
0.0
 10
79.36762
 20
97.871535
 30
0.0
 10
79.36762
 20
97.871535
 30
0.0
  0
LWPOLYLINE
  5
221
330
1F
100
AcDbEntity
  8
0
 62
     7
100
AcDbPolyline
 90
        2
 70
     0
 43
0.0
 10
69.78856999999999
 20
117.708685
 10
69.88566999999999
 20
117.703685
  0
SPLINE
  5
222
330
1F
100
AcDbEntity
  8
0
 62
     7
100
AcDbSpline
210
0.0
220
0.0
230
1.0
 70
     8
 71
     3
 72
     8
 73
     4
 74
     0
 42
0.000000001
 43
0.0000000001
 40
0.0
 40
0.0
 40
0.0
 40
0.0
 40
1.0
 40
1.0
 40
1.0
 40
1.0
 10
81.75985999999998
 20
96.514345
 30
0.0
 10
81.75985999999998
 20
96.514345
 30
0.0
 10
78.61731999999998
 20
97.195405
 30
0.0
 10
74.98588000000002
 20
95.779595
 30
0.0
  0
SPLINE
  5
223
330
1F
100
AcDbEntity
  8
0
 62
     7
100
AcDbSpline
210
0.0
220
0.0
230
1.0
 70
     8
 71
     3
 72
     8
 73
     4
 74
     0
 42
0.000000001
 43
0.0000000001
 40
0.0
 40
0.0
 40
0.0
 40
0.0
 40
1.0
 40
1.0
 40
1.0
 40
1.0
 10
74.98588000000002
 20
95.779595
 30
0.0
 10
75.07028000000002
 20
95.991055
 30
0.0
 10
75.15308
 20
96.34863500000001
 30
0.0
 10
75.11076
 20
96.905125
 30
0.0
  0
SPLINE
  5
224
330
1F
100
AcDbEntity
  8
0
 62
     7
100
AcDbSpline
210
0.0
220
0.0
230
1.0
 70
     8
 71
     3
 72
     8
 73
     4
 74
     0
 42
0.000000001
 43
0.0000000001
 40
0.0
 40
0.0
 40
0.0
 40
0.0
 40
1.0
 40
1.0
 40
1.0
 40
1.0
 10
75.11076
 20
96.905125
 30
0.0
 10
75.07616
 20
97.35931499999999
 30
0.0
 10
74.78248999999998
 20
97.73110500000001
 30
0.0
 10
74.57043
 20
97.944065
 30
0.0
  0
SPLINE
  5
225
330
1F
100
AcDbEntity
  8
0
 62
     7
100
AcDbSpline
210
0.0
220
0.0
230
1.0
 70
     8
 71
     3
 72
     8
 73
     4
 74
     0
 42
0.000000001
 43
0.0000000001
 40
0.0
 40
0.0
 40
0.0
 40
0.0
 40
1.0
 40
1.0
 40
1.0
 40
1.0
 10
74.57043
 20
97.944065
 30
0.0
 10
75.37621
 20
98.037065
 30
0.0
 10
76.05398
 20
98.16346500000001
 30
0.0
 10
76.47511999999998
 20
98.392575
 30
0.0
  0
SPLINE
  5
226
330
1F
100
AcDbEntity
  8
0
 62
     7
100
AcDbSpline
210
0.0
220
0.0
230
1.0
 70
     8
 71
     3
 72
     8
 73
     4
 74
     0
 42
0.000000001
 43
0.0000000001
 40
0.0
 40
0.0
 40
0.0
 40
0.0
 40
1.0
 40
1.0
 40
1.0
 40
1.0
 10
76.47511999999998
 20
98.392575
 30
0.0
 10
75.73005999999998
 20
98.298675
 30
0.0
 10
75.0955
 20
98.286995
 30
0.0
 10
74.47068
 20
98.30507500000001
 30
0.0
  0
SPLINE
  5
227
330
1F
100
AcDbEntity
  8
0
 62
     7
100
AcDbSpline
210
0.0
220
0.0
230
1.0
 70
     8
 71
     3
 72
     8
 73
     4
 74
     0
 42
0.000000001
 43
0.0000000001
 40
0.0
 40
0.0
 40
0.0
 40
0.0
 40
1.0
 40
1.0
 40
1.0
 40
1.0
 10
74.47068
 20
98.30507500000001
 30
0.0
 10
74.87416
 20
98.98404499999999
 30
0.0
 10
75.02864999999999
 20
100.670695
 30
0.0
 10
73.51399
 20
102.135115
 30
0.0
  0
SPLINE
  5
228
330
1F
100
AcDbEntity
  8
0
 62
     7
100
AcDbSpline
210
0.0
220
0.0
230
1.0
 70
     8
 71
     3
 72
     8
 73
     4
 74
     0
 42
0.000000001
 43
0.0000000001
 40
0.0
 40
0.0
 40
0.0
 40
0.0
 40
1.0
 40
1.0
 40
1.0
 40
1.0
 10
73.51399
 20
102.135115
 30
0.0
 10
73.88278000000003
 20
101.200265
 30
0.0
 10
74.31708
 20
99.33893500000001
 30
0.0
 10
73.45179
 20
98.35233500000001
 30
0.0
  0
SPLINE
  5
229
330
1F
100
AcDbEntity
  8
0
 62
     7
100
AcDbSpline
210
0.0
220
0.0
230
1.0
 70
     8
 71
     3
 72
     8
 73
     4
 74
     0
 42
0.000000001
 43
0.0000000001
 40
0.0
 40
0.0
 40
0.0
 40
0.0
 40
1.0
 40
1.0
 40
1.0
 40
1.0
 10
73.45179
 20
98.35233500000001
 30
0.0
 10
72.18643
 20
98.42173500000001
 30
0.0
 10
70.74863
 20
98.49844500000001
 30
0.0
 10
68.37314000000001
 20
98.18708499999999
 30
0.0
  0
SPLINE
  5
22A
330
1F
100
AcDbEntity
  8
0
 62
     7
100
AcDbSpline
210
0.0
220
0.0
230
1.0
 70
     8
 71
     3
 72
     8
 73
     4
 74
     0
 42
0.000000001
 43
0.0000000001
 40
0.0
 40
0.0
 40
0.0
 40
0.0
 40
1.0
 40
1.0
 40
1.0
 40
1.0
 10
68.37314000000001
 20
98.18708499999999
 30
0.0
 10
64.13705999999999
 20
97.63193499999999
 30
0.0
 10
61.81346999999998
 20
96.295245
 30
0.0
 10
60.76465
 20
94.094875
 30
0.0
  0
SPLINE
  5
22B
330
1F
100
AcDbEntity
  8
0
 62
     7
100
AcDbSpline
210
0.0
220
0.0
230
1.0
 70
     8
 71
     3
 72
     8
 73
     4
 74
     0
 42
0.000000001
 43
0.0000000001
 40
0.0
 40
0.0
 40
0.0
 40
0.0
 40
1.0
 40
1.0
 40
1.0
 40
1.0
 10
60.76465
 20
94.094875
 30
0.0
 10
62.06008
 20
95.513825
 30
0.0
 10
65.02121999999999
 20
96.19234500000001
 30
0.0
 10
65.02121999999999
 20
96.19234500000001
 30
0.0
  0
SPLINE
  5
22C
330
1F
100
AcDbEntity
  8
0
 62
     7
100
AcDbSpline
210
0.0
220
0.0
230
1.0
 70
     8
 71
     3
 72
     8
 73
     4
 74
     0
 42
0.000000001
 43
0.0000000001
 40
0.0
 40
0.0
 40
0.0
 40
0.0
 40
1.0
 40
1.0
 40
1.0
 40
1.0
 10
65.02121999999999
 20
96.19234500000001
 30
0.0
 10
65.02121999999999
 20
96.19234500000001
 30
0.0
 10
62.51248
 20
94.403255
 30
0.0
 10
61.38156
 20
92.28529499999998
 30
0.0
  0
SPLINE
  5
22D
330
1F
100
AcDbEntity
  8
0
 62
     7
100
AcDbSpline
210
0.0
220
0.0
230
1.0
 70
     8
 71
     3
 72
     8
 73
     4
 74
     0
 42
0.000000001
 43
0.0000000001
 40
0.0
 40
0.0
 40
0.0
 40
0.0
 40
1.0
 40
1.0
 40
1.0
 40
1.0
 10
61.38156
 20
92.28529499999998
 30
0.0
 10
60.25049
 20
90.167175
 30
0.0
 10
59.4794
 20
87.09297499999998
 30
0.0
 10
59.36634
 20
84.73842500000001
 30
0.0
  0
SPLINE
  5
22E
330
1F
100
AcDbEntity
  8
0
 62
     7
100
AcDbSpline
210
0.0
220
0.0
230
1.0
 70
     8
 71
     3
 72
     8
 73
     4
 74
     0
 42
0.000000001
 43
0.0000000001
 40
0.0
 40
0.0
 40
0.0
 40
0.0
 40
1.0
 40
1.0
 40
1.0
 40
1.0
 10
59.36634
 20
84.73842500000001
 30
0.0
 10
59.01669
 20
85.63289499999998
 30
0.0
 10
59.01669
 20
87.69956500000002
 30
0.0
 10
59.01669
 20
87.69956500000002
 30
0.0
  0
SPLINE
  5
22F
330
1F
100
AcDbEntity
  8
0
 62
     7
100
AcDbSpline
210
0.0
220
0.0
230
1.0
 70
     8
 71
     3
 72
     8
 73
     4
 74
     0
 42
0.000000001
 43
0.0000000001
 40
0.0
 40
0.0
 40
0.0
 40
0.0
 40
1.0
 40
1.0
 40
1.0
 40
1.0
 10
59.01669
 20
87.69956500000002
 30
0.0
 10
59.01669
 20
87.69956500000002
 30
0.0
 10
57.95771
 20
84.72810499999999
 30
0.0
 10
57.91658
 20
83.24753499999998
 30
0.0
  0
SPLINE
  5
230
330
1F
100
AcDbEntity
  8
0
 62
     7
100
AcDbSpline
210
0.0
220
0.0
230
1.0
 70
     8
 71
     3
 72
     8
 73
     4
 74
     0
 42
0.000000001
 43
0.0000000001
 40
0.0
 40
0.0
 40
0.0
 40
0.0
 40
1.0
 40
1.0
 40
1.0
 40
1.0
 10
57.91658
 20
83.24753499999998
 30
0.0
 10
57.59788
 20
83.597035
 30
0.0
 10
57.10436
 20
85.252435
 30
0.0
 10
57.33048
 20
86.455435
 30
0.0
  0
SPLINE
  5
231
330
1F
100
AcDbEntity
  8
0
 62
     7
100
AcDbSpline
210
0.0
220
0.0
230
1.0
 70
     8
 71
     3
 72
     8
 73
     4
 74
     0
 42
0.000000001
 43
0.0000000001
 40
0.0
 40
0.0
 40
0.0
 40
0.0
 40
1.0
 40
1.0
 40
1.0
 40
1.0
 10
57.33048
 20
86.455435
 30
0.0
 10
56.36407
 20
85.416945
 30
0.0
 10
56.42569
 20
83.13446500000003
 30
0.0
 10
56.42569
 20
83.13446500000003
 30
0.0
  0
SPLINE
  5
232
330
1F
100
AcDbEntity
  8
0
 62
     7
100
AcDbSpline
210
0.0
220
0.0
230
1.0
 70
     8
 71
     3
 72
     8
 73
     4
 74
     0
 42
0.000000001
 43
0.0000000001
 40
0.0
 40
0.0
 40
0.0
 40
0.0
 40
1.0
 40
1.0
 40
1.0
 40
1.0
 10
56.42569
 20
83.13446500000003
 30
0.0
 10
56.42569
 20
83.13446500000003
 30
0.0
 10
55.91168
 20
83.607355
 30
0.0
 10
55.95280999999999
 20
84.59440500000003
 30
0.0
  0
SPLINE
  5
233
330
1F
100
AcDbEntity
  8
0
 62
     7
100
AcDbSpline
210
0.0
220
0.0
230
1.0
 70
     8
 71
     3
 72
     8
 73
     4
 74
     0
 42
0.000000001
 43
0.0000000001
 40
0.0
 40
0.0
 40
0.0
 40
0.0
 40
1.0
 40
1.0
 40
1.0
 40
1.0
 10
55.95280999999999
 20
84.59440500000003
 30
0.0
 10
55.99391
 20
85.581445
 30
0.0
 10
56.98098
 20
87.267655
 30
0.0
 10
56.7547
 20
89.776395
 30
0.0
  0
SPLINE
  5
234
330
1F
100
AcDbEntity
  8
0
 62
     7
100
AcDbSpline
210
0.0
220
0.0
230
1.0
 70
     8
 71
     3
 72
     8
 73
     4
 74
     0
 42
0.000000001
 43
0.0000000001
 40
0.0
 40
0.0
 40
0.0
 40
0.0
 40
1.0
 40
1.0
 40
1.0
 40
1.0
 10
56.7547
 20
89.776395
 30
0.0
 10
56.6394
 20
87.83415500000002
 30
0.0
 10
55.17558000000001
 20
86.215995
 30
0.0
 10
54.9861
 20
86.01425500000003
 30
0.0
  0
SPLINE
  5
235
330
1F
100
AcDbEntity
  8
0
 62
     7
100
AcDbSpline
210
0.0
220
0.0
230
1.0
 70
     8
 71
     3
 72
     8
 73
     4
 74
     0
 42
0.000000001
 43
0.0000000001
 40
0.0
 40
0.0
 40
0.0
 40
0.0
 40
1.0
 40
1.0
 40
1.0
 40
1.0
 10
54.9861
 20
86.01425500000003
 30
0.0
 10
54.79662
 20
86.215995
 30
0.0
 10
53.33294
 20
87.83415500000002
 30
0.0
 10
53.21749
 20
89.776395
 30
0.0
  0
SPLINE
  5
236
330
1F
100
AcDbEntity
  8
0
 62
     7
100
AcDbSpline
210
0.0
220
0.0
230
1.0
 70
     8
 71
     3
 72
     8
 73
     4
 74
     0
 42
0.000000001
 43
0.0000000001
 40
0.0
 40
0.0
 40
0.0
 40
0.0
 40
1.0
 40
1.0
 40
1.0
 40
1.0
 10
53.21749
 20
89.776395
 30
0.0
 10
52.99122
 20
87.267655
 30
0.0
 10
53.97826
 20
85.581445
 30
0.0
 10
54.01939
 20
84.59440500000003
 30
0.0
  0
SPLINE
  5
237
330
1F
100
AcDbEntity
  8
0
 62
     7
100
AcDbSpline
210
0.0
220
0.0
230
1.0
 70
     8
 71
     3
 72
     8
 73
     4
 74
     0
 42
0.000000001
 43
0.0000000001
 40
0.0
 40
0.0
 40
0.0
 40
0.0
 40
1.0
 40
1.0
 40
1.0
 40
1.0
 10
54.01939
 20
84.59440500000003
 30
0.0
 10
54.06049
 20
83.607355
 30
0.0
 10
53.5465
 20
83.13446500000003
 30
0.0
 10
53.5465
 20
83.13446500000003
 30
0.0
  0
SPLINE
  5
238
330
1F
100
AcDbEntity
  8
0
 62
     7
100
AcDbSpline
210
0.0
220
0.0
230
1.0
 70
     8
 71
     3
 72
     8
 73
     4
 74
     0
 42
0.000000001
 43
0.0000000001
 40
0.0
 40
0.0
 40
0.0
 40
0.0
 40
1.0
 40
1.0
 40
1.0
 40
1.0
 10
53.5465
 20
83.13446500000003
 30
0.0
 10
53.5465
 20
83.13446500000003
 30
0.0
 10
53.6081
 20
85.416945
 30
0.0
 10
52.64171
 20
86.455435
 30
0.0
  0
SPLINE
  5
239
330
1F
100
AcDbEntity
  8
0
 62
     7
100
AcDbSpline
210
0.0
220
0.0
230
1.0
 70
     8
 71
     3
 72
     8
 73
     4
 74
     0
 42
0.000000001
 43
0.0000000001
 40
0.0
 40
0.0
 40
0.0
 40
0.0
 40
1.0
 40
1.0
 40
1.0
 40
1.0
 10
52.64171
 20
86.455435
 30
0.0
 10
52.86799
 20
85.252435
 30
0.0
 10
52.37430999999999
 20
83.59718499999997
 30
0.0
 10
52.05562
 20
83.24753499999998
 30
0.0
  0
SPLINE
  5
23A
330
1F
100
AcDbEntity
  8
0
 62
     7
100
AcDbSpline
210
0.0
220
0.0
230
1.0
 70
     8
 71
     3
 72
     8
 73
     4
 74
     0
 42
0.000000001
 43
0.0000000001
 40
0.0
 40
0.0
 40
0.0
 40
0.0
 40
1.0
 40
1.0
 40
1.0
 40
1.0
 10
52.05562
 20
83.24753499999998
 30
0.0
 10
52.01452
 20
84.72810499999999
 30
0.0
 10
50.95551
 20
87.69956500000002
 30
0.0
 10
50.95551
 20
87.69956500000002
 30
0.0
  0
SPLINE
  5
23B
330
1F
100
AcDbEntity
  8
0
 62
     7
100
AcDbSpline
210
0.0
220
0.0
230
1.0
 70
     8
 71
     3
 72
     8
 73
     4
 74
     0
 42
0.000000001
 43
0.0000000001
 40
0.0
 40
0.0
 40
0.0
 40
0.0
 40
1.0
 40
1.0
 40
1.0
 40
1.0
 10
50.95551
 20
87.69956500000002
 30
0.0
 10
50.95551
 20
87.69956500000002
 30
0.0
 10
50.95551
 20
85.63289499999998
 30
0.0
 10
50.606
 20
84.73842500000001
 30
0.0
  0
SPLINE
  5
23C
330
1F
100
AcDbEntity
  8
0
 62
     7
100
AcDbSpline
210
0.0
220
0.0
230
1.0
 70
     8
 71
     3
 72
     8
 73
     4
 74
     0
 42
0.000000001
 43
0.0000000001
 40
0.0
 40
0.0
 40
0.0
 40
0.0
 40
1.0
 40
1.0
 40
1.0
 40
1.0
 10
50.606
 20
84.73842500000001
 30
0.0
 10
50.49294
 20
87.09297499999998
 30
0.0
 10
49.7217
 20
90.167175
 30
0.0
 10
48.59078
 20
92.28529499999998
 30
0.0
  0
SPLINE
  5
23D
330
1F
100
AcDbEntity
  8
0
 62
     7
100
AcDbSpline
210
0.0
220
0.0
230
1.0
 70
     8
 71
     3
 72
     8
 73
     4
 74
     0
 42
0.000000001
 43
0.0000000001
 40
0.0
 40
0.0
 40
0.0
 40
0.0
 40
1.0
 40
1.0
 40
1.0
 40
1.0
 10
48.59078
 20
92.28529499999998
 30
0.0
 10
47.45972
 20
94.403255
 30
0.0
 10
44.95112999999999
 20
96.19234500000001
 30
0.0
 10
44.95112999999999
 20
96.19234500000001
 30
0.0
  0
SPLINE
  5
23E
330
1F
100
AcDbEntity
  8
0
 62
     7
100
AcDbSpline
210
0.0
220
0.0
230
1.0
 70
     8
 71
     3
 72
     8
 73
     4
 74
     0
 42
0.000000001
 43
0.0000000001
 40
0.0
 40
0.0
 40
0.0
 40
0.0
 40
1.0
 40
1.0
 40
1.0
 40
1.0
 10
44.95112999999999
 20
96.19234500000001
 30
0.0
 10
44.95112999999999
 20
96.19234500000001
 30
0.0
 10
47.91227
 20
95.513685
 30
0.0
 10
49.20768999999999
 20
94.094875
 30
0.0
  0
SPLINE
  5
23F
330
1F
100
AcDbEntity
  8
0
 62
     7
100
AcDbSpline
210
0.0
220
0.0
230
1.0
 70
     8
 71
     3
 72
     8
 73
     4
 74
     0
 42
0.000000001
 43
0.0000000001
 40
0.0
 40
0.0
 40
0.0
 40
0.0
 40
1.0
 40
1.0
 40
1.0
 40
1.0
 10
49.20768999999999
 20
94.094875
 30
0.0
 10
48.15888
 20
96.295245
 30
0.0
 10
45.83528
 20
97.631785
 30
0.0
 10
41.5992
 20
98.18708499999999
 30
0.0
  0
SPLINE
  5
240
330
1F
100
AcDbEntity
  8
0
 62
     7
100
AcDbSpline
210
0.0
220
0.0
230
1.0
 70
     8
 71
     3
 72
     8
 73
     4
 74
     0
 42
0.000000001
 43
0.0000000001
 40
0.0
 40
0.0
 40
0.0
 40
0.0
 40
1.0
 40
1.0
 40
1.0
 40
1.0
 10
41.5992
 20
98.18708499999999
 30
0.0
 10
37.36313
 20
98.74236500000002
 30
0.0
 10
36.10883
 20
98.063695
 30
0.0
 10
33.4972
 20
98.392715
 30
0.0
  0
SPLINE
  5
241
330
1F
100
AcDbEntity
  8
0
 62
     7
100
AcDbSpline
210
0.0
220
0.0
230
1.0
 70
     8
 71
     3
 72
     8
 73
     4
 74
     0
 42
0.000000001
 43
0.0000000001
 40
0.0
 40
0.0
 40
0.0
 40
0.0
 40
1.0
 40
1.0
 40
1.0
 40
1.0
 10
33.4972
 20
98.392715
 30
0.0
 10
34.89552
 20
97.63193499999999
 30
0.0
 10
39.11095
 20
98.001935
 30
0.0
 10
41.51695
 20
96.97375499999999
 30
0.0
  0
SPLINE
  5
242
330
1F
100
AcDbEntity
  8
0
 62
     7
100
AcDbSpline
210
0.0
220
0.0
230
1.0
 70
     8
 71
     3
 72
     8
 73
     4
 74
     0
 42
0.000000001
 43
0.0000000001
 40
0.0
 40
0.0
 40
0.0
 40
0.0
 40
1.0
 40
1.0
 40
1.0
 40
1.0
 10
41.51695
 20
96.97375499999999
 30
0.0
 10
43.9228
 20
95.94558499999999
 30
0.0
 10
45.85576999999999
 20
94.938055
 30
0.0
 10
47.68599
 20
91.87401499999999
 30
0.0
  0
SPLINE
  5
243
330
1F
100
AcDbEntity
  8
0
 62
     7
100
AcDbSpline
210
0.0
220
0.0
230
1.0
 70
     8
 71
     3
 72
     8
 73
     4
 74
     0
 42
0.000000001
 43
0.0000000001
 40
0.0
 40
0.0
 40
0.0
 40
0.0
 40
1.0
 40
1.0
 40
1.0
 40
1.0
 10
47.68599
 20
91.87401499999999
 30
0.0
 10
49.51607
 20
88.809985
 30
0.0
 10
49.35156
 20
86.05448499999999
 30
0.0
 10
49.39269
 20
84.53278500000001
 30
0.0
  0
SPLINE
  5
244
330
1F
100
AcDbEntity
  8
0
 62
     7
100
AcDbSpline
210
0.0
220
0.0
230
1.0
 70
     8
 71
     3
 72
     8
 73
     4
 74
     0
 42
0.000000001
 43
0.0000000001
 40
0.0
 40
0.0
 40
0.0
 40
0.0
 40
1.0
 40
1.0
 40
1.0
 40
1.0
 10
49.39269
 20
84.53278500000001
 30
0.0
 10
49.43379
 20
83.01108499999998
 30
0.0
 10
50.1741
 20
80.296715
 30
0.0
 10
53.66989
 20
81.67454499999998
 30
0.0
  0
SPLINE
  5
245
330
1F
100
AcDbEntity
  8
0
 62
     7
100
AcDbSpline
210
0.0
220
0.0
230
1.0
 70
     8
 71
     3
 72
     8
 73
     4
 74
     0
 42
0.000000001
 43
0.0000000001
 40
0.0
 40
0.0
 40
0.0
 40
0.0
 40
1.0
 40
1.0
 40
1.0
 40
1.0
 10
53.66989
 20
81.67454499999998
 30
0.0
 10
51.98368
 20
79.94720500000003
 30
0.0
 10
49.14592
 20
80.01570500000003
 30
0.0
 10
48.77577999999999
 20
82.778085
 30
0.0
  0
SPLINE
  5
246
330
1F
100
AcDbEntity
  8
0
 62
     7
100
AcDbSpline
210
0.0
220
0.0
230
1.0
 70
     8
 71
     3
 72
     8
 73
     4
 74
     0
 42
0.000000001
 43
0.0000000001
 40
0.0
 40
0.0
 40
0.0
 40
0.0
 40
1.0
 40
1.0
 40
1.0
 40
1.0
 10
48.77577999999999
 20
82.778085
 30
0.0
 10
48.40564
 20
85.54047500000001
 30
0.0
 10
49.22818
 20
87.452795
 30
0.0
 10
46.43155
 20
90.886975
 30
0.0
  0
SPLINE
  5
247
330
1F
100
AcDbEntity
  8
0
 62
     7
100
AcDbSpline
210
0.0
220
0.0
230
1.0
 70
     8
 71
     3
 72
     8
 73
     4
 74
     0
 42
0.000000001
 43
0.0000000001
 40
0.0
 40
0.0
 40
0.0
 40
0.0
 40
1.0
 40
1.0
 40
1.0
 40
1.0
 10
46.43155
 20
90.886975
 30
0.0
 10
43.63491999999999
 20
94.321145
 30
0.0
 10
40.77651999999999
 20
94.69129499999999
 30
0.0
 10
40.77651999999999
 20
94.69129499999999
 30
0.0
  0
SPLINE
  5
248
330
1F
100
AcDbEntity
  8
0
 62
     7
100
AcDbSpline
210
0.0
220
0.0
230
1.0
 70
     8
 71
     3
 72
     8
 73
     4
 74
     0
 42
0.000000001
 43
0.0000000001
 40
0.0
 40
0.0
 40
0.0
 40
0.0
 40
1.0
 40
1.0
 40
1.0
 40
1.0
 10
40.77651999999999
 20
94.69129499999999
 30
0.0
 10
40.77651999999999
 20
94.69129499999999
 30
0.0
 10
44.04603
 20
93.10797499999999
 30
0.0
 10
45.89674999999998
 20
90.16732500000001
 30
0.0
  0
SPLINE
  5
249
330
1F
100
AcDbEntity
  8
0
 62
     7
100
AcDbSpline
210
0.0
220
0.0
230
1.0
 70
     8
 71
     3
 72
     8
 73
     4
 74
     0
 42
0.000000001
 43
0.0000000001
 40
0.0
 40
0.0
 40
0.0
 40
0.0
 40
1.0
 40
1.0
 40
1.0
 40
1.0
 10
45.89674999999998
 20
90.16732500000001
 30
0.0
 10
47.74745999999999
 20
87.226675
 30
0.0
 10
47.56245999999999
 20
83.93652499999998
 30
0.0
 10
46.30800999999999
 20
82.10644499999999
 30
0.0
  0
SPLINE
  5
24A
330
1F
100
AcDbEntity
  8
0
 62
     7
100
AcDbSpline
210
0.0
220
0.0
230
1.0
 70
     8
 71
     3
 72
     8
 73
     4
 74
     0
 42
0.000000001
 43
0.0000000001
 40
0.0
 40
0.0
 40
0.0
 40
0.0
 40
1.0
 40
1.0
 40
1.0
 40
1.0
 10
46.30800999999999
 20
82.10644499999999
 30
0.0
 10
45.05372
 20
80.27622499999997
 30
0.0
 10
41.22892
 20
79.59770500000002
 30
0.0
 10
38.80227
 20
81.40728499999999
 30
0.0
  0
SPLINE
  5
24B
330
1F
100
AcDbEntity
  8
0
 62
     7
100
AcDbSpline
210
0.0
220
0.0
230
1.0
 70
     8
 71
     3
 72
     8
 73
     4
 74
     0
 42
0.000000001
 43
0.0000000001
 40
0.0
 40
0.0
 40
0.0
 40
0.0
 40
1.0
 40
1.0
 40
1.0
 40
1.0
 10
38.80227
 20
81.40728499999999
 30
0.0
 10
36.37579000000001
 20
83.21687500000001
 30
0.0
 10
36.45804
 20
86.87717499999997
 30
0.0
 10
31.72844
 20
88.522245
 30
0.0
  0
SPLINE
  5
24C
330
1F
100
AcDbEntity
  8
0
 62
     7
100
AcDbSpline
210
0.0
220
0.0
230
1.0
 70
     8
 71
     3
 72
     8
 73
     4
 74
     0
 42
0.000000001
 43
0.0000000001
 40
0.0
 40
0.0
 40
0.0
 40
0.0
 40
1.0
 40
1.0
 40
1.0
 40
1.0
 10
31.72844
 20
88.522245
 30
0.0
 10
28.91626
 20
89.500475
 30
0.0
 10
26.71469
 20
88.47194499999998
 30
0.0
 10
25.3919
 20
87.477475
 30
0.0
  0
SPLINE
  5
24D
330
1F
100
AcDbEntity
  8
0
 62
     7
100
AcDbSpline
210
0.0
220
0.0
230
1.0
 70
     8
 71
     3
 72
     8
 73
     4
 74
     0
 42
0.000000001
 43
0.0000000001
 40
0.0
 40
0.0
 40
0.0
 40
0.0
 40
1.0
 40
1.0
 40
1.0
 40
1.0
 10
25.3919
 20
87.477475
 30
0.0
 10
25.4565
 20
88.152105
 30
0.0
 10
26.60807
 20
89.61218499999999
 30
0.0
 10
26.60807
 20
89.61218499999999
 30
0.0
  0
SPLINE
  5
24E
330
1F
100
AcDbEntity
  8
0
 62
     7
100
AcDbSpline
210
0.0
220
0.0
230
1.0
 70
     8
 71
     3
 72
     8
 73
     4
 74
     0
 42
0.000000001
 43
0.0000000001
 40
0.0
 40
0.0
 40
0.0
 40
0.0
 40
1.0
 40
1.0
 40
1.0
 40
1.0
 10
26.60807
 20
89.61218499999999
 30
0.0
 10
26.60807
 20
89.61218499999999
 30
0.0
 10
24.91154
 20
88.58401500000002
 30
0.0
 10
24.42834
 20
87.607285
 30
0.0
  0
SPLINE
  5
24F
330
1F
100
AcDbEntity
  8
0
 62
     7
100
AcDbSpline
210
0.0
220
0.0
230
1.0
 70
     8
 71
     3
 72
     8
 73
     4
 74
     0
 42
0.000000001
 43
0.0000000001
 40
0.0
 40
0.0
 40
0.0
 40
0.0
 40
1.0
 40
1.0
 40
1.0
 40
1.0
 10
24.42834
 20
87.607285
 30
0.0
 10
24.60316
 20
88.573695
 30
0.0
 10
25.67246
 20
90.39359500000001
 30
0.0
 10
25.67246
 20
90.39359500000001
 30
0.0
  0
SPLINE
  5
250
330
1F
100
AcDbEntity
  8
0
 62
     7
100
AcDbSpline
210
0.0
220
0.0
230
1.0
 70
     8
 71
     3
 72
     8
 73
     4
 74
     0
 42
0.000000001
 43
0.0000000001
 40
0.0
 40
0.0
 40
0.0
 40
0.0
 40
1.0
 40
1.0
 40
1.0
 40
1.0
 10
25.67246
 20
90.39359500000001
 30
0.0
 10
25.67246
 20
90.39359500000001
 30
0.0
 10
24.2227
 20
89.211235
 30
0.0
 10
23.68805
 20
87.884855
 30
0.0
  0
SPLINE
  5
251
330
1F
100
AcDbEntity
  8
0
 62
     7
100
AcDbSpline
210
0.0
220
0.0
230
1.0
 70
     8
 71
     3
 72
     8
 73
     4
 74
     0
 42
0.000000001
 43
0.0000000001
 40
0.0
 40
0.0
 40
0.0
 40
0.0
 40
1.0
 40
1.0
 40
1.0
 40
1.0
 10
23.68805
 20
87.884855
 30
0.0
 10
23.88337
 20
89.056905
 30
0.0
 10
24.42834
 20
90.47585500000002
 30
0.0
 10
25.30232
 20
91.10307500000001
 30
0.0
  0
SPLINE
  5
252
330
1F
100
AcDbEntity
  8
0
 62
     7
100
AcDbSpline
210
0.0
220
0.0
230
1.0
 70
     8
 71
     3
 72
     8
 73
     4
 74
     0
 42
0.000000001
 43
0.0000000001
 40
0.0
 40
0.0
 40
0.0
 40
0.0
 40
1.0
 40
1.0
 40
1.0
 40
1.0
 10
25.30232
 20
91.10307500000001
 30
0.0
 10
23.8732
 20
90.229095
 30
0.0
 10
22.22812
 20
87.956795
 30
0.0
 10
22.33086
 20
85.602385
 30
0.0
  0
SPLINE
  5
253
330
1F
100
AcDbEntity
  8
0
 62
     7
100
AcDbSpline
210
0.0
220
0.0
230
1.0
 70
     8
 71
     3
 72
     8
 73
     4
 74
     0
 42
0.000000001
 43
0.0000000001
 40
0.0
 40
0.0
 40
0.0
 40
0.0
 40
1.0
 40
1.0
 40
1.0
 40
1.0
 10
22.33086
 20
85.602385
 30
0.0
 10
22.43375
 20
83.247835
 30
0.0
 10
24.60421
 20
84.83802500000001
 30
0.0
 10
25.77521
 20
85.653885
 30
0.0
  0
SPLINE
  5
254
330
1F
100
AcDbEntity
  8
0
 62
     7
100
AcDbSpline
210
0.0
220
0.0
230
1.0
 70
     8
 71
     3
 72
     8
 73
     4
 74
     0
 42
0.000000001
 43
0.0000000001
 40
0.0
 40
0.0
 40
0.0
 40
0.0
 40
1.0
 40
1.0
 40
1.0
 40
1.0
 10
25.77521
 20
85.653885
 30
0.0
 10
27.26609
 20
86.69237499999999
 30
0.0
 10
28.72603
 20
87.514915
 30
0.0
 10
31.00865
 20
86.898005
 30
0.0
  0
SPLINE
  5
255
330
1F
100
AcDbEntity
  8
0
 62
     7
100
AcDbSpline
210
0.0
220
0.0
230
1.0
 70
     8
 71
     3
 72
     8
 73
     4
 74
     0
 42
0.000000001
 43
0.0000000001
 40
0.0
 40
0.0
 40
0.0
 40
0.0
 40
1.0
 40
1.0
 40
1.0
 40
1.0
 10
31.00865
 20
86.898005
 30
0.0
 10
33.29126
 20
86.28110500000003
 30
0.0
 10
34.17542
 20
85.417435
 30
0.0
 10
34.89507000000001
 20
84.286525
 30
0.0
  0
SPLINE
  5
256
330
1F
100
AcDbEntity
  8
0
 62
     7
100
AcDbSpline
210
0.0
220
0.0
230
1.0
 70
     8
 71
     3
 72
     8
 73
     4
 74
     0
 42
0.000000001
 43
0.0000000001
 40
0.0
 40
0.0
 40
0.0
 40
0.0
 40
1.0
 40
1.0
 40
1.0
 40
1.0
 10
34.89507000000001
 20
84.286525
 30
0.0
 10
33.35273
 20
85.520335
 30
0.0
 10
31.95457
 20
85.911115
 30
0.0
 10
30.86463
 20
86.09611499999997
 30
0.0
  0
SPLINE
  5
257
330
1F
100
AcDbEntity
  8
0
 62
     7
100
AcDbSpline
210
0.0
220
0.0
230
1.0
 70
     8
 71
     3
 72
     8
 73
     4
 74
     0
 42
0.000000001
 43
0.0000000001
 40
0.0
 40
0.0
 40
0.0
 40
0.0
 40
1.0
 40
1.0
 40
1.0
 40
1.0
 10
30.86463
 20
86.09611499999997
 30
0.0
 10
29.77469000000001
 20
86.28110500000003
 30
0.0
 10
28.87005
 20
86.36351500000001
 30
0.0
 10
26.29954000000001
 20
84.800535
 30
0.0
  0
SPLINE
  5
258
330
1F
100
AcDbEntity
  8
0
 62
     7
100
AcDbSpline
210
0.0
220
0.0
230
1.0
 70
     8
 71
     3
 72
     8
 73
     4
 74
     0
 42
0.000000001
 43
0.0000000001
 40
0.0
 40
0.0
 40
0.0
 40
0.0
 40
1.0
 40
1.0
 40
1.0
 40
1.0
 10
26.29954000000001
 20
84.800535
 30
0.0
 10
23.72903
 20
83.23771500000002
 30
0.0
 10
22.77638
 20
82.87444499999997
 30
0.0
 10
22.07722
 20
83.354215
 30
0.0
  0
SPLINE
  5
259
330
1F
100
AcDbEntity
  8
0
 62
     7
100
AcDbSpline
210
0.0
220
0.0
230
1.0
 70
     8
 71
     3
 72
     8
 73
     4
 74
     0
 42
0.000000001
 43
0.0000000001
 40
0.0
 40
0.0
 40
0.0
 40
0.0
 40
1.0
 40
1.0
 40
1.0
 40
1.0
 10
22.07722
 20
83.354215
 30
0.0
 10
21.37806
 20
83.83397499999999
 30
0.0
 10
21.18619
 20
84.98553499999998
 30
0.0
 10
21.50144
 20
86.52098499999999
 30
0.0
  0
SPLINE
  5
25A
330
1F
100
AcDbEntity
  8
0
 62
     7
100
AcDbSpline
210
0.0
220
0.0
230
1.0
 70
     8
 71
     3
 72
     8
 73
     4
 74
     0
 42
0.000000001
 43
0.0000000001
 40
0.0
 40
0.0
 40
0.0
 40
0.0
 40
1.0
 40
1.0
 40
1.0
 40
1.0
 10
21.50144
 20
86.52098499999999
 30
0.0
 10
21.8167
 20
88.05644499999997
 30
0.0
 10
22.55698
 20
90.90780499999999
 30
0.0
 10
25.20287
 20
92.70378499999999
 30
0.0
  0
SPLINE
  5
25B
330
1F
100
AcDbEntity
  8
0
 62
     7
100
AcDbSpline
210
0.0
220
0.0
230
1.0
 70
     8
 71
     3
 72
     8
 73
     4
 74
     0
 42
0.000000001
 43
0.0000000001
 40
0.0
 40
0.0
 40
0.0
 40
0.0
 40
1.0
 40
1.0
 40
1.0
 40
1.0
 10
25.20287
 20
92.70378499999999
 30
0.0
 10
21.80309
 20
90.962695
 30
0.0
 10
20.24909
 20
87.794875
 30
0.0
 10
20.15802
 20
85.46544499999997
 30
0.0
  0
SPLINE
  5
25C
330
1F
100
AcDbEntity
  8
0
 62
     7
100
AcDbSpline
210
0.0
220
0.0
230
1.0
 70
     8
 71
     3
 72
     8
 73
     4
 74
     0
 42
0.000000001
 43
0.0000000001
 40
0.0
 40
0.0
 40
0.0
 40
0.0
 40
1.0
 40
1.0
 40
1.0
 40
1.0
 10
20.15802
 20
85.46544499999997
 30
0.0
 10
20.04839
 20
82.66193499999998
 30
0.0
 10
21.07656
 20
80.60558499999997
 30
0.0
 10
20.6653
 20
79.43354499999998
 30
0.0
  0
SPLINE
  5
25D
330
1F
100
AcDbEntity
  8
0
 62
     7
100
AcDbSpline
210
0.0
220
0.0
230
1.0
 70
     8
 71
     3
 72
     8
 73
     4
 74
     0
 42
0.000000001
 43
0.0000000001
 40
0.0
 40
0.0
 40
0.0
 40
0.0
 40
1.0
 40
1.0
 40
1.0
 40
1.0
 10
20.6653
 20
79.43354499999998
 30
0.0
 10
21.34396
 20
80.441075
 30
0.0
 10
21.71411
 20
81.057985
 30
0.0
 10
22.26925
 20
80.72897500000001
 30
0.0
  0
SPLINE
  5
25E
330
1F
100
AcDbEntity
  8
0
 62
     7
100
AcDbSpline
210
0.0
220
0.0
230
1.0
 70
     8
 71
     3
 72
     8
 73
     4
 74
     0
 42
0.000000001
 43
0.0000000001
 40
0.0
 40
0.0
 40
0.0
 40
0.0
 40
1.0
 40
1.0
 40
1.0
 40
1.0
 10
22.26925
 20
80.72897500000001
 30
0.0
 10
22.82438
 20
80.39995500000001
 30
0.0
 10
23.6882
 20
78.69325500000002
 30
0.0
 10
24.86025
 20
76.69852500000001
 30
0.0
  0
SPLINE
  5
25F
330
1F
100
AcDbEntity
  8
0
 62
     7
100
AcDbSpline
210
0.0
220
0.0
230
1.0
 70
     8
 71
     3
 72
     8
 73
     4
 74
     0
 42
0.000000001
 43
0.0000000001
 40
0.0
 40
0.0
 40
0.0
 40
0.0
 40
1.0
 40
1.0
 40
1.0
 40
1.0
 10
24.86025
 20
76.69852500000001
 30
0.0
 10
26.03229
 20
74.70379499999999
 30
0.0
 10
28.82892
 20
72.56519499999997
 30
0.0
 10
28.82892
 20
72.56519499999997
 30
0.0
  0
SPLINE
  5
260
330
1F
100
AcDbEntity
  8
0
 62
     7
100
AcDbSpline
210
0.0
220
0.0
230
1.0
 70
     8
 71
     3
 72
     8
 73
     4
 74
     0
 42
0.000000001
 43
0.0000000001
 40
0.0
 40
0.0
 40
0.0
 40
0.0
 40
1.0
 40
1.0
 40
1.0
 40
1.0
 10
28.82892
 20
72.56519499999997
 30
0.0
 10
26.21744
 20
76.04049499999998
 30
0.0
 10
24.86025
 20
78.91938499999998
 30
0.0
 10
25.18926
 20
82.57953499999997
 30
0.0
  0
SPLINE
  5
261
330
1F
100
AcDbEntity
  8
0
 62
     7
100
AcDbSpline
210
0.0
220
0.0
230
1.0
 70
     8
 71
     3
 72
     8
 73
     4
 74
     0
 42
0.000000001
 43
0.0000000001
 40
0.0
 40
0.0
 40
0.0
 40
0.0
 40
1.0
 40
1.0
 40
1.0
 40
1.0
 10
25.18926
 20
82.57953499999997
 30
0.0
 10
26.25856
 20
79.310015
 30
0.0
 10
27.84202
 20
77.315285
 30
0.0
 10
30.7414
 20
76.26662500000001
 30
0.0
  0
SPLINE
  5
262
330
1F
100
AcDbEntity
  8
0
 62
     7
100
AcDbSpline
210
0.0
220
0.0
230
1.0
 70
     8
 71
     3
 72
     8
 73
     4
 74
     0
 42
0.000000001
 43
0.0000000001
 40
0.0
 40
0.0
 40
0.0
 40
0.0
 40
1.0
 40
1.0
 40
1.0
 40
1.0
 10
30.7414
 20
76.26662500000001
 30
0.0
 10
33.64092
 20
75.217955
 30
0.0
 10
36.64304
 20
76.595635
 30
0.0
 10
36.64304
 20
76.595635
 30
0.0
  0
SPLINE
  5
263
330
1F
100
AcDbEntity
  8
0
 62
     7
100
AcDbSpline
210
0.0
220
0.0
230
1.0
 70
     8
 71
     3
 72
     8
 73
     4
 74
     0
 42
0.000000001
 43
0.0000000001
 40
0.0
 40
0.0
 40
0.0
 40
0.0
 40
1.0
 40
1.0
 40
1.0
 40
1.0
 10
36.64304
 20
76.595635
 30
0.0
 10
36.64304
 20
76.595635
 30
0.0
 10
32.98274
 20
75.60859499999998
 30
0.0
 10
30.72076
 20
77.21254499999997
 30
0.0
  0
SPLINE
  5
264
330
1F
100
AcDbEntity
  8
0
 62
     7
100
AcDbSpline
210
0.0
220
0.0
230
1.0
 70
     8
 71
     3
 72
     8
 73
     4
 74
     0
 42
0.000000001
 43
0.0000000001
 40
0.0
 40
0.0
 40
0.0
 40
0.0
 40
1.0
 40
1.0
 40
1.0
 40
1.0
 10
30.72076
 20
77.21254499999997
 30
0.0
 10
28.45878
 20
78.816485
 30
0.0
 10
27.18384
 20
80.831715
 30
0.0
 10
27.10159
 20
82.908545
 30
0.0
  0
SPLINE
  5
265
330
1F
100
AcDbEntity
  8
0
 62
     7
100
AcDbSpline
210
0.0
220
0.0
230
1.0
 70
     8
 71
     3
 72
     8
 73
     4
 74
     0
 42
0.000000001
 43
0.0000000001
 40
0.0
 40
0.0
 40
0.0
 40
0.0
 40
1.0
 40
1.0
 40
1.0
 40
1.0
 10
27.10159
 20
82.908545
 30
0.0
 10
28.3354
 20
81.551355
 30
0.0
 10
29.61033
 20
79.70064499999998
 30
0.0
 10
32.50985
 20
79.35099499999998
 30
0.0
  0
SPLINE
  5
266
330
1F
100
AcDbEntity
  8
0
 62
     7
100
AcDbSpline
210
0.0
220
0.0
230
1.0
 70
     8
 71
     3
 72
     8
 73
     4
 74
     0
 42
0.000000001
 43
0.0000000001
 40
0.0
 40
0.0
 40
0.0
 40
0.0
 40
1.0
 40
1.0
 40
1.0
 40
1.0
 10
32.50985
 20
79.35099499999998
 30
0.0
 10
35.40923
 20
79.001485
 30
0.0
 10
37.36283
 20
80.58480499999998
 30
0.0
 10
37.36283
 20
80.58480499999998
 30
0.0
  0
SPLINE
  5
267
330
1F
100
AcDbEntity
  8
0
 62
     7
100
AcDbSpline
210
0.0
220
0.0
230
1.0
 70
     8
 71
     3
 72
     8
 73
     4
 74
     0
 42
0.000000001
 43
0.0000000001
 40
0.0
 40
0.0
 40
0.0
 40
0.0
 40
1.0
 40
1.0
 40
1.0
 40
1.0
 10
37.36283
 20
80.58480499999998
 30
0.0
 10
37.36283
 20
80.58480499999998
 30
0.0
 10
38.37052
 20
79.90612500000001
 30
0.0
 10
39.00791
 20
79.70049499999998
 30
0.0
  0
SPLINE
  5
268
330
1F
100
AcDbEntity
  8
0
 62
     7
100
AcDbSpline
210
0.0
220
0.0
230
1.0
 70
     8
 71
     3
 72
     8
 73
     4
 74
     0
 42
0.000000001
 43
0.0000000001
 40
0.0
 40
0.0
 40
0.0
 40
0.0
 40
1.0
 40
1.0
 40
1.0
 40
1.0
 10
39.00791
 20
79.70049499999998
 30
0.0
 10
38.31907000000001
 20
78.78538499999997
 30
0.0
 10
36.72544
 20
77.654465
 30
0.0
 10
34.82328
 20
77.56189499999997
 30
0.0
  0
SPLINE
  5
269
330
1F
100
AcDbEntity
  8
0
 62
     7
100
AcDbSpline
210
0.0
220
0.0
230
1.0
 70
     8
 71
     3
 72
     8
 73
     4
 74
     0
 42
0.000000001
 43
0.0000000001
 40
0.0
 40
0.0
 40
0.0
 40
0.0
 40
1.0
 40
1.0
 40
1.0
 40
1.0
 10
34.82328
 20
77.56189499999997
 30
0.0
 10
36.38611
 20
77.181435
 30
0.0
 10
38.88453
 20
77.448835
 30
0.0
 10
40.46799
 20
78.76489499999998
 30
0.0
  0
SPLINE
  5
26A
330
1F
100
AcDbEntity
  8
0
 62
     7
100
AcDbSpline
210
0.0
220
0.0
230
1.0
 70
     8
 71
     3
 72
     8
 73
     4
 74
     0
 42
0.000000001
 43
0.0000000001
 40
0.0
 40
0.0
 40
0.0
 40
0.0
 40
1.0
 40
1.0
 40
1.0
 40
1.0
 10
40.46799
 20
78.76489499999998
 30
0.0
 10
39.31643
 20
77.037565
 30
0.0
 10
38.63792
 20
76.35904499999998
 30
0.0
 10
37.71248
 20
75.82424499999998
 30
0.0
  0
SPLINE
  5
26B
330
1F
100
AcDbEntity
  8
0
 62
     7
100
AcDbSpline
210
0.0
220
0.0
230
1.0
 70
     8
 71
     3
 72
     8
 73
     4
 74
     0
 42
0.000000001
 43
0.0000000001
 40
0.0
 40
0.0
 40
0.0
 40
0.0
 40
1.0
 40
1.0
 40
1.0
 40
1.0
 10
37.71248
 20
75.82424499999998
 30
0.0
 10
40.27268
 20
76.11213499999998
 30
0.0
 10
42.94592
 20
78.374115
 30
0.0
 10
42.94592
 20
78.374115
 30
0.0
  0
SPLINE
  5
26C
330
1F
100
AcDbEntity
  8
0
 62
     7
100
AcDbSpline
210
0.0
220
0.0
230
1.0
 70
     8
 71
     3
 72
     8
 73
     4
 74
     0
 42
0.000000001
 43
0.0000000001
 40
0.0
 40
0.0
 40
0.0
 40
0.0
 40
1.0
 40
1.0
 40
1.0
 40
1.0
 10
42.94592
 20
78.374115
 30
0.0
 10
42.94592
 20
78.374115
 30
0.0
 10
41.486
 20
76.626145
 30
0.0
 10
40.3138
 20
76.00924499999997
 30
0.0
  0
SPLINE
  5
26D
330
1F
100
AcDbEntity
  8
0
 62
     7
100
AcDbSpline
210
0.0
220
0.0
230
1.0
 70
     8
 71
     3
 72
     8
 73
     4
 74
     0
 42
0.000000001
 43
0.0000000001
 40
0.0
 40
0.0
 40
0.0
 40
0.0
 40
1.0
 40
1.0
 40
1.0
 40
1.0
 10
40.3138
 20
76.00924499999997
 30
0.0
 10
39.14176
 20
75.392335
 30
0.0
 10
38.78179
 20
74.33335500000002
 30
0.0
 10
37.02365
 20
72.935045
 30
0.0
  0
SPLINE
  5
26E
330
1F
100
AcDbEntity
  8
0
 62
     7
100
AcDbSpline
210
0.0
220
0.0
230
1.0
 70
     8
 71
     3
 72
     8
 73
     4
 74
     0
 42
0.000000001
 43
0.0000000001
 40
0.0
 40
0.0
 40
0.0
 40
0.0
 40
1.0
 40
1.0
 40
1.0
 40
1.0
 10
37.02365
 20
72.935045
 30
0.0
 10
35.26551
 20
71.536725
 30
0.0
 10
34.6178
 20
70.950625
 30
0.0
 10
34.02138
 20
70.673065
 30
0.0
  0
SPLINE
  5
26F
330
1F
100
AcDbEntity
  8
0
 62
     7
100
AcDbSpline
210
0.0
220
0.0
230
1.0
 70
     8
 71
     3
 72
     8
 73
     4
 74
     0
 42
0.000000001
 43
0.0000000001
 40
0.0
 40
0.0
 40
0.0
 40
0.0
 40
1.0
 40
1.0
 40
1.0
 40
1.0
 10
34.02138
 20
70.673065
 30
0.0
 10
36.74608
 20
71.680595
 30
0.0
 10
37.27041
 20
71.99943499999998
 30
0.0
 10
38.12376
 20
72.71908499999998
 30
0.0
  0
SPLINE
  5
270
330
1F
100
AcDbEntity
  8
0
 62
     7
100
AcDbSpline
210
0.0
220
0.0
230
1.0
 70
     8
 71
     3
 72
     8
 73
     4
 74
     0
 42
0.000000001
 43
0.0000000001
 40
0.0
 40
0.0
 40
0.0
 40
0.0
 40
1.0
 40
1.0
 40
1.0
 40
1.0
 10
38.12376
 20
72.71908499999998
 30
0.0
 10
38.9771
 20
73.438885
 30
0.0
 10
40.10817
 20
75.00155500000002
 30
0.0
 10
40.65299
 20
75.40265500000002
 30
0.0
  0
SPLINE
  5
271
330
1F
100
AcDbEntity
  8
0
 62
     7
100
AcDbSpline
210
0.0
220
0.0
230
1.0
 70
     8
 71
     3
 72
     8
 73
     4
 74
     0
 42
0.000000001
 43
0.0000000001
 40
0.0
 40
0.0
 40
0.0
 40
0.0
 40
1.0
 40
1.0
 40
1.0
 40
1.0
 10
40.65299
 20
75.40265500000002
 30
0.0
 10
41.19794999999998
 20
75.80360500000002
 30
0.0
 10
43.30575
 20
76.985965
 30
0.0
 10
45.48547999999999
 20
77.911405
 30
0.0
  0
SPLINE
  5
272
330
1F
100
AcDbEntity
  8
0
 62
     7
100
AcDbSpline
210
0.0
220
0.0
230
1.0
 70
     8
 71
     3
 72
     8
 73
     4
 74
     0
 42
0.000000001
 43
0.0000000001
 40
0.0
 40
0.0
 40
0.0
 40
0.0
 40
1.0
 40
1.0
 40
1.0
 40
1.0
 10
45.48547999999999
 20
77.911405
 30
0.0
 10
47.66519999999998
 20
78.836835
 30
0.0
 10
50.13282
 20
78.91908499999998
 30
0.0
 10
50.13282
 20
78.91908499999998
 30
0.0
  0
SPLINE
  5
273
330
1F
100
AcDbEntity
  8
0
 62
     7
100
AcDbSpline
210
0.0
220
0.0
230
1.0
 70
     8
 71
     3
 72
     8
 73
     4
 74
     0
 42
0.000000001
 43
0.0000000001
 40
0.0
 40
0.0
 40
0.0
 40
0.0
 40
1.0
 40
1.0
 40
1.0
 40
1.0
 10
50.13282
 20
78.91908499999998
 30
0.0
 10
50.13282
 20
78.91908499999998
 30
0.0
 10
45.5266
 20
76.90386499999998
 30
0.0
 10
43.59364
 20
75.505545
 30
0.0
  0
SPLINE
  5
274
330
1F
100
AcDbEntity
  8
0
 62
     7
100
AcDbSpline
210
0.0
220
0.0
230
1.0
 70
     8
 71
     3
 72
     8
 73
     4
 74
     0
 42
0.000000001
 43
0.0000000001
 40
0.0
 40
0.0
 40
0.0
 40
0.0
 40
1.0
 40
1.0
 40
1.0
 40
1.0
 10
43.59364
 20
75.505545
 30
0.0
 10
41.66067
 20
74.107235
 30
0.0
 10
39.50158
 20
71.351725
 30
0.0
 10
38.02101
 20
71.022715
 30
0.0
  0
SPLINE
  5
275
330
1F
100
AcDbEntity
  8
0
 62
     7
100
AcDbSpline
210
0.0
220
0.0
230
1.0
 70
     8
 71
     3
 72
     8
 73
     4
 74
     0
 42
0.000000001
 43
0.0000000001
 40
0.0
 40
0.0
 40
0.0
 40
0.0
 40
1.0
 40
1.0
 40
1.0
 40
1.0
 10
38.02101
 20
71.022715
 30
0.0
 10
40.73539
 20
71.187225
 30
0.0
 10
45.32112
 20
74.86800500000002
 30
0.0
 10
45.32112
 20
74.86800500000002
 30
0.0
  0
SPLINE
  5
276
330
1F
100
AcDbEntity
  8
0
 62
     7
100
AcDbSpline
210
0.0
220
0.0
230
1.0
 70
     8
 71
     3
 72
     8
 73
     4
 74
     0
 42
0.000000001
 43
0.0000000001
 40
0.0
 40
0.0
 40
0.0
 40
0.0
 40
1.0
 40
1.0
 40
1.0
 40
1.0
 10
45.32112
 20
74.86800500000002
 30
0.0
 10
45.32112
 20
74.86800500000002
 30
0.0
 10
43.81991
 20
72.56489499999998
 30
0.0
 10
42.5861
 20
71.94799499999998
 30
0.0
  0
SPLINE
  5
277
330
1F
100
AcDbEntity
  8
0
 62
     7
100
AcDbSpline
210
0.0
220
0.0
230
1.0
 70
     8
 71
     3
 72
     8
 73
     4
 74
     0
 42
0.000000001
 43
0.0000000001
 40
0.0
 40
0.0
 40
0.0
 40
0.0
 40
1.0
 40
1.0
 40
1.0
 40
1.0
 10
42.5861
 20
71.94799499999998
 30
0.0
 10
44.95097
 20
72.750045
 30
0.0
 10
46.02013
 20
73.983855
 30
0.0
 10
47.00732
 20
74.950265
 30
0.0
  0
SPLINE
  5
278
330
1F
100
AcDbEntity
  8
0
 62
     7
100
AcDbSpline
210
0.0
220
0.0
230
1.0
 70
     8
 71
     3
 72
     8
 73
     4
 74
     0
 42
0.000000001
 43
0.0000000001
 40
0.0
 40
0.0
 40
0.0
 40
0.0
 40
1.0
 40
1.0
 40
1.0
 40
1.0
 10
47.00732
 20
74.950265
 30
0.0
 10
47.99452
 20
75.91667499999998
 30
0.0
 10
49.78017
 20
77.28552500000002
 30
0.0
 10
51.05825
 20
77.33562499999997
 30
0.0
  0
SPLINE
  5
279
330
1F
100
AcDbEntity
  8
0
 62
     7
100
AcDbSpline
210
0.0
220
0.0
230
1.0
 70
     8
 71
     3
 72
     8
 73
     4
 74
     0
 42
0.000000001
 43
0.0000000001
 40
0.0
 40
0.0
 40
0.0
 40
0.0
 40
1.0
 40
1.0
 40
1.0
 40
1.0
 10
51.05825
 20
77.33562499999997
 30
0.0
 10
53.13329
 20
77.41702499999998
 30
0.0
 10
53.67990999999999
 20
76.727985
 30
0.0
 10
54.96560999999999
 20
76.65336500000002
 30
0.0
  0
LWPOLYLINE
  5
27A
330
1F
100
AcDbEntity
  8
0
 62
     7
100
AcDbPolyline
 90
        2
 70
     0
 43
0.0
 10
79.36762
 20
97.871535
 10
81.75985999999998
 20
96.514345
  0
SPLINE
  5
27B
330
1F
100
AcDbEntity
  8
0
 62
     7
100
AcDbSpline
210
0.0
220
0.0
230
1.0
 70
     8
 71
     3
 72
     8
 73
     4
 74
     0
 42
0.000000001
 43
0.0000000001
 40
0.0
 40
0.0
 40
0.0
 40
0.0
 40
1.0
 40
1.0
 40
1.0
 40
1.0
 10
54.96560999999999
 20
76.65036500000002
 30
0.0
 10
54.97260999999999
 20
76.650665
 30
0.0
 10
54.97911
 20
76.651365
 30
0.0
 10
54.98611
 20
76.652365
 30
0.0
  0
SPLINE
  5
27C
330
1F
100
AcDbEntity
  8
0
 62
     7
100
AcDbSpline
210
0.0
220
0.0
230
1.0
 70
     8
 71
     3
 72
     8
 73
     4
 74
     0
 42
0.000000001
 43
0.0000000001
 40
0.0
 40
0.0
 40
0.0
 40
0.0
 40
1.0
 40
1.0
 40
1.0
 40
1.0
 10
54.98611
 20
76.652365
 30
0.0
 10
54.99310999999998
 20
76.652065
 30
0.0
 10
54.99940999999999
 20
76.651365
 30
0.0
 10
55.00661
 20
76.65036500000002
 30
0.0
  0
LWPOLYLINE
  5
27D
330
1F
100
AcDbEntity
  8
0
 62
     7
100
AcDbPolyline
 90
        2
 70
     0
 43
0.0
 10
54.96560999999999
 20
76.65336500000002
 10
54.96560999999999
 20
76.65036500000002
  0
SPLINE
  5
27E
330
1F
100
AcDbEntity
  8
0
 62
     7
100
AcDbSpline
210
0.0
220
0.0
230
1.0
 70
     8
 71
     3
 72
     8
 73
     4
 74
     0
 42
0.000000001
 43
0.0000000001
 40
0.0
 40
0.0
 40
0.0
 40
0.0
 40
1.0
 40
1.0
 40
1.0
 40
1.0
 10
55.00661
 20
76.65336500000002
 30
0.0
 10
56.29217
 20
76.727865
 30
0.0
 10
56.83893000000001
 20
77.416985
 30
0.0
 10
58.91396999999999
 20
77.33562499999997
 30
0.0
  0
SPLINE
  5
27F
330
1F
100
AcDbEntity
  8
0
 62
     7
100
AcDbSpline
210
0.0
220
0.0
230
1.0
 70
     8
 71
     3
 72
     8
 73
     4
 74
     0
 42
0.000000001
 43
0.0000000001
 40
0.0
 40
0.0
 40
0.0
 40
0.0
 40
1.0
 40
1.0
 40
1.0
 40
1.0
 10
58.91396999999999
 20
77.33562499999997
 30
0.0
 10
60.19205
 20
77.28552500000002
 30
0.0
 10
61.97784999999999
 20
75.91681499999999
 30
0.0
 10
62.96504999999999
 20
74.950265
 30
0.0
  0
SPLINE
  5
280
330
1F
100
AcDbEntity
  8
0
 62
     7
100
AcDbSpline
210
0.0
220
0.0
230
1.0
 70
     8
 71
     3
 72
     8
 73
     4
 74
     0
 42
0.000000001
 43
0.0000000001
 40
0.0
 40
0.0
 40
0.0
 40
0.0
 40
1.0
 40
1.0
 40
1.0
 40
1.0
 10
62.96504999999999
 20
74.950265
 30
0.0
 10
63.95209000000001
 20
73.983855
 30
0.0
 10
65.02138999999999
 20
72.750045
 30
0.0
 10
67.38627
 20
71.94799499999998
 30
0.0
  0
SPLINE
  5
281
330
1F
100
AcDbEntity
  8
0
 62
     7
100
AcDbSpline
210
0.0
220
0.0
230
1.0
 70
     8
 71
     3
 72
     8
 73
     4
 74
     0
 42
0.000000001
 43
0.0000000001
 40
0.0
 40
0.0
 40
0.0
 40
0.0
 40
1.0
 40
1.0
 40
1.0
 40
1.0
 10
67.38627
 20
71.94799499999998
 30
0.0
 10
66.15245999999999
 20
72.56489499999998
 30
0.0
 10
64.65125
 20
74.86800500000002
 30
0.0
 10
64.65125
 20
74.86800500000002
 30
0.0
  0
SPLINE
  5
282
330
1F
100
AcDbEntity
  8
0
 62
     7
100
AcDbSpline
210
0.0
220
0.0
230
1.0
 70
     8
 71
     3
 72
     8
 73
     4
 74
     0
 42
0.000000001
 43
0.0000000001
 40
0.0
 40
0.0
 40
0.0
 40
0.0
 40
1.0
 40
1.0
 40
1.0
 40
1.0
 10
64.65125
 20
74.86800500000002
 30
0.0
 10
64.65125
 20
74.86800500000002
 30
0.0
 10
69.23698
 20
71.187225
 30
0.0
 10
71.95135999999997
 20
71.022715
 30
0.0
  0
SPLINE
  5
283
330
1F
100
AcDbEntity
  8
0
 62
     7
100
AcDbSpline
210
0.0
220
0.0
230
1.0
 70
     8
 71
     3
 72
     8
 73
     4
 74
     0
 42
0.000000001
 43
0.0000000001
 40
0.0
 40
0.0
 40
0.0
 40
0.0
 40
1.0
 40
1.0
 40
1.0
 40
1.0
 10
71.95135999999997
 20
71.022715
 30
0.0
 10
70.47079
 20
71.351725
 30
0.0
 10
68.31154999999999
 20
74.107235
 30
0.0
 10
66.37858
 20
75.505545
 30
0.0
  0
SPLINE
  5
284
330
1F
100
AcDbEntity
  8
0
 62
     7
100
AcDbSpline
210
0.0
220
0.0
230
1.0
 70
     8
 71
     3
 72
     8
 73
     4
 74
     0
 42
0.000000001
 43
0.0000000001
 40
0.0
 40
0.0
 40
0.0
 40
0.0
 40
1.0
 40
1.0
 40
1.0
 40
1.0
 10
66.37858
 20
75.505545
 30
0.0
 10
64.44561999999999
 20
76.90386499999998
 30
0.0
 10
59.8394
 20
78.91908499999998
 30
0.0
 10
59.8394
 20
78.91908499999998
 30
0.0
  0
SPLINE
  5
285
330
1F
100
AcDbEntity
  8
0
 62
     7
100
AcDbSpline
210
0.0
220
0.0
230
1.0
 70
     8
 71
     3
 72
     8
 73
     4
 74
     0
 42
0.000000001
 43
0.0000000001
 40
0.0
 40
0.0
 40
0.0
 40
0.0
 40
1.0
 40
1.0
 40
1.0
 40
1.0
 10
59.8394
 20
78.91908499999998
 30
0.0
 10
59.8394
 20
78.91908499999998
 30
0.0
 10
62.30701999999999
 20
78.83678499999998
 30
0.0
 10
64.48674
 20
77.911405
 30
0.0
  0
SPLINE
  5
286
330
1F
100
AcDbEntity
  8
0
 62
     7
100
AcDbSpline
210
0.0
220
0.0
230
1.0
 70
     8
 71
     3
 72
     8
 73
     4
 74
     0
 42
0.000000001
 43
0.0000000001
 40
0.0
 40
0.0
 40
0.0
 40
0.0
 40
1.0
 40
1.0
 40
1.0
 40
1.0
 10
64.48674
 20
77.911405
 30
0.0
 10
66.66646999999999
 20
76.985965
 30
0.0
 10
68.77425999999998
 20
75.80360500000002
 30
0.0
 10
69.31924000000001
 20
75.40265500000002
 30
0.0
  0
SPLINE
  5
287
330
1F
100
AcDbEntity
  8
0
 62
     7
100
AcDbSpline
210
0.0
220
0.0
230
1.0
 70
     8
 71
     3
 72
     8
 73
     4
 74
     0
 42
0.000000001
 43
0.0000000001
 40
0.0
 40
0.0
 40
0.0
 40
0.0
 40
1.0
 40
1.0
 40
1.0
 40
1.0
 10
69.31924000000001
 20
75.40265500000002
 30
0.0
 10
69.86419999999999
 20
75.001705
 30
0.0
 10
70.99512
 20
73.438885
 30
0.0
 10
71.84846999999997
 20
72.71908499999998
 30
0.0
  0
SPLINE
  5
288
330
1F
100
AcDbEntity
  8
0
 62
     7
100
AcDbSpline
210
0.0
220
0.0
230
1.0
 70
     8
 71
     3
 72
     8
 73
     4
 74
     0
 42
0.000000001
 43
0.0000000001
 40
0.0
 40
0.0
 40
0.0
 40
0.0
 40
1.0
 40
1.0
 40
1.0
 40
1.0
 10
71.84846999999997
 20
72.71908499999998
 30
0.0
 10
72.70181
 20
71.999285
 30
0.0
 10
73.22629
 20
71.680595
 30
0.0
 10
75.95083999999999
 20
70.673065
 30
0.0
  0
SPLINE
  5
289
330
1F
100
AcDbEntity
  8
0
 62
     7
100
AcDbSpline
210
0.0
220
0.0
230
1.0
 70
     8
 71
     3
 72
     8
 73
     4
 74
     0
 42
0.000000001
 43
0.0000000001
 40
0.0
 40
0.0
 40
0.0
 40
0.0
 40
1.0
 40
1.0
 40
1.0
 40
1.0
 10
75.95083999999999
 20
70.673065
 30
0.0
 10
75.35457
 20
70.950625
 30
0.0
 10
74.70671
 20
71.536725
 30
0.0
 10
72.94856999999997
 20
72.935045
 30
0.0
  0
SPLINE
  5
28A
330
1F
100
AcDbEntity
  8
0
 62
     7
100
AcDbSpline
210
0.0
220
0.0
230
1.0
 70
     8
 71
     3
 72
     8
 73
     4
 74
     0
 42
0.000000001
 43
0.0000000001
 40
0.0
 40
0.0
 40
0.0
 40
0.0
 40
1.0
 40
1.0
 40
1.0
 40
1.0
 10
72.94856999999997
 20
72.935045
 30
0.0
 10
71.19043999999998
 20
74.33335500000002
 30
0.0
 10
70.83046
 20
75.392335
 30
0.0
 10
69.65841999999999
 20
76.00924499999997
 30
0.0
  0
SPLINE
  5
28B
330
1F
100
AcDbEntity
  8
0
 62
     7
100
AcDbSpline
210
0.0
220
0.0
230
1.0
 70
     8
 71
     3
 72
     8
 73
     4
 74
     0
 42
0.000000001
 43
0.0000000001
 40
0.0
 40
0.0
 40
0.0
 40
0.0
 40
1.0
 40
1.0
 40
1.0
 40
1.0
 10
69.65841999999999
 20
76.00924499999997
 30
0.0
 10
68.48623
 20
76.626145
 30
0.0
 10
67.0263
 20
78.374115
 30
0.0
 10
67.0263
 20
78.374115
 30
0.0
  0
SPLINE
  5
28C
330
1F
100
AcDbEntity
  8
0
 62
     7
100
AcDbSpline
210
0.0
220
0.0
230
1.0
 70
     8
 71
     3
 72
     8
 73
     4
 74
     0
 42
0.000000001
 43
0.0000000001
 40
0.0
 40
0.0
 40
0.0
 40
0.0
 40
1.0
 40
1.0
 40
1.0
 40
1.0
 10
67.0263
 20
78.374115
 30
0.0
 10
67.0263
 20
78.374115
 30
0.0
 10
69.69955
 20
76.11213499999998
 30
0.0
 10
72.25973
 20
75.82424499999998
 30
0.0
  0
SPLINE
  5
28D
330
1F
100
AcDbEntity
  8
0
 62
     7
100
AcDbSpline
210
0.0
220
0.0
230
1.0
 70
     8
 71
     3
 72
     8
 73
     4
 74
     0
 42
0.000000001
 43
0.0000000001
 40
0.0
 40
0.0
 40
0.0
 40
0.0
 40
1.0
 40
1.0
 40
1.0
 40
1.0
 10
72.25973
 20
75.82424499999998
 30
0.0
 10
71.3343
 20
76.35889499999997
 30
0.0
 10
70.65578999999998
 20
77.037565
 30
0.0
 10
69.50423
 20
78.76489499999998
 30
0.0
  0
SPLINE
  5
28E
330
1F
100
AcDbEntity
  8
0
 62
     7
100
AcDbSpline
210
0.0
220
0.0
230
1.0
 70
     8
 71
     3
 72
     8
 73
     4
 74
     0
 42
0.000000001
 43
0.0000000001
 40
0.0
 40
0.0
 40
0.0
 40
0.0
 40
1.0
 40
1.0
 40
1.0
 40
1.0
 10
69.50423
 20
78.76489499999998
 30
0.0
 10
71.08769000000002
 20
77.448835
 30
0.0
 10
73.58611999999998
 20
77.181585
 30
0.0
 10
75.14893999999998
 20
77.56189499999997
 30
0.0
  0
SPLINE
  5
28F
330
1F
100
AcDbEntity
  8
0
 62
     7
100
AcDbSpline
210
0.0
220
0.0
230
1.0
 70
     8
 71
     3
 72
     8
 73
     4
 74
     0
 42
0.000000001
 43
0.0000000001
 40
0.0
 40
0.0
 40
0.0
 40
0.0
 40
1.0
 40
1.0
 40
1.0
 40
1.0
 10
75.14893999999998
 20
77.56189499999997
 30
0.0
 10
73.24678
 20
77.65449499999999
 30
0.0
 10
71.65314999999998
 20
78.78538499999997
 30
0.0
 10
70.96430999999999
 20
79.70049499999998
 30
0.0
  0
SPLINE
  5
290
330
1F
100
AcDbEntity
  8
0
 62
     7
100
AcDbSpline
210
0.0
220
0.0
230
1.0
 70
     8
 71
     3
 72
     8
 73
     4
 74
     0
 42
0.000000001
 43
0.0000000001
 40
0.0
 40
0.0
 40
0.0
 40
0.0
 40
1.0
 40
1.0
 40
1.0
 40
1.0
 10
70.96430999999999
 20
79.70049499999998
 30
0.0
 10
71.60169999999998
 20
79.90612500000001
 30
0.0
 10
72.60939
 20
80.58480499999998
 30
0.0
 10
72.60939
 20
80.58480499999998
 30
0.0
  0
SPLINE
  5
291
330
1F
100
AcDbEntity
  8
0
 62
     7
100
AcDbSpline
210
0.0
220
0.0
230
1.0
 70
     8
 71
     3
 72
     8
 73
     4
 74
     0
 42
0.000000001
 43
0.0000000001
 40
0.0
 40
0.0
 40
0.0
 40
0.0
 40
1.0
 40
1.0
 40
1.0
 40
1.0
 10
72.60939
 20
80.58480499999998
 30
0.0
 10
72.60939
 20
80.58480499999998
 30
0.0
 10
74.56299
 20
79.001485
 30
0.0
 10
77.46236999999998
 20
79.35099499999998
 30
0.0
  0
SPLINE
  5
292
330
1F
100
AcDbEntity
  8
0
 62
     7
100
AcDbSpline
210
0.0
220
0.0
230
1.0
 70
     8
 71
     3
 72
     8
 73
     4
 74
     0
 42
0.000000001
 43
0.0000000001
 40
0.0
 40
0.0
 40
0.0
 40
0.0
 40
1.0
 40
1.0
 40
1.0
 40
1.0
 10
77.46236999999998
 20
79.35099499999998
 30
0.0
 10
77.52966999999998
 20
79.35899499999997
 30
0.0
 10
77.59516999999998
 20
79.36879499999998
 30
0.0
 10
77.66068
 20
79.378495
 30
0.0
  0
LWPOLYLINE
  5
293
330
1F
100
AcDbEntity
  8
0
 62
     7
100
AcDbPolyline
 90
        2
 70
     0
 43
0.0
 10
55.00661
 20
76.65036500000002
 10
55.00661
 20
76.65336500000002
  0
SPLINE
  5
294
330
1F
100
AcDbEntity
  8
0
 62
     7
100
AcDbSpline
210
0.0
220
0.0
230
1.0
 70
     8
 71
     3
 72
     8
 73
     4
 74
     0
 42
0.000000001
 43
0.0000000001
 40
0.0
 40
0.0
 40
0.0
 40
0.0
 40
1.0
 40
1.0
 40
1.0
 40
1.0
 10
77.66023
 20
79.378055
 30
0.0
 10
78.24199
 20
79.314655
 30
0.0
 10
79.08396999999998
 20
78.29305500000002
 30
0.0
 10
78.49876999999998
 20
76.79064499999999
 30
0.0
  0
SPLINE
  5
295
330
1F
100
AcDbEntity
  8
0
 62
     7
100
AcDbSpline
210
0.0
220
0.0
230
1.0
 70
     8
 71
     3
 72
     8
 73
     4
 74
     0
 42
0.000000001
 43
0.0000000001
 40
0.0
 40
0.0
 40
0.0
 40
0.0
 40
1.0
 40
1.0
 40
1.0
 40
1.0
 10
78.49876999999998
 20
76.79064499999999
 30
0.0
 10
76.26132
 20
75.80629499999997
 30
0.0
 10
73.32935
 20
76.595635
 30
0.0
 10
73.32935
 20
76.595635
 30
0.0
  0
SPLINE
  5
296
330
1F
100
AcDbEntity
  8
0
 62
     7
100
AcDbSpline
210
0.0
220
0.0
230
1.0
 70
     8
 71
     3
 72
     8
 73
     4
 74
     0
 42
0.000000001
 43
0.0000000001
 40
0.0
 40
0.0
 40
0.0
 40
0.0
 40
1.0
 40
1.0
 40
1.0
 40
1.0
 10
73.32935
 20
76.595635
 30
0.0
 10
73.32935
 20
76.595635
 30
0.0
 10
75.88176
 20
75.425985
 30
0.0
 10
78.55247
 20
76.065315
 30
0.0
  0
SPLINE
  5
297
330
1F
100
AcDbEntity
  8
0
 62
     7
100
AcDbSpline
210
0.0
220
0.0
230
1.0
 70
     8
 71
     3
 72
     8
 73
     4
 74
     0
 42
0.000000001
 43
0.0000000001
 40
0.0
 40
0.0
 40
0.0
 40
0.0
 40
1.0
 40
1.0
 40
1.0
 40
1.0
 10
78.55247
 20
76.065315
 30
0.0
 10
78.7243
 20
75.932515
 30
0.0
 10
79.00306999999997
 20
75.63296499999998
 30
0.0
 10
78.98406999999997
 20
75.094575
 30
0.0
  0
SPLINE
  5
298
330
1F
100
AcDbEntity
  8
0
 62
     7
100
AcDbSpline
210
0.0
220
0.0
230
1.0
 70
     8
 71
     3
 72
     8
 73
     4
 74
     0
 42
0.000000001
 43
0.0000000001
 40
0.0
 40
0.0
 40
0.0
 40
0.0
 40
1.0
 40
1.0
 40
1.0
 40
1.0
 10
78.98406999999997
 20
75.094575
 30
0.0
 10
78.97117
 20
74.732055
 30
0.0
 10
78.82555
 20
74.36759499999998
 30
0.0
 10
78.67404999999997
 20
74.081355
 30
0.0
  0
SPLINE
  5
299
330
1F
100
AcDbEntity
  8
0
 62
     7
100
AcDbSpline
210
0.0
220
0.0
230
1.0
 70
     8
 71
     3
 72
     8
 73
     4
 74
     0
 42
0.000000001
 43
0.0000000001
 40
0.0
 40
0.0
 40
0.0
 40
0.0
 40
1.0
 40
1.0
 40
1.0
 40
1.0
 10
78.67404999999997
 20
74.081355
 30
0.0
 10
78.41563
 20
73.98145500000002
 30
0.0
 10
78.15361
 20
73.89935499999999
 30
0.0
 10
77.88755999999998
 20
73.840125
 30
0.0
  0
SPLINE
  5
29A
330
1F
100
AcDbEntity
  8
0
 62
     7
100
AcDbSpline
210
0.0
220
0.0
230
1.0
 70
     8
 71
     3
 72
     8
 73
     4
 74
     0
 42
0.000000001
 43
0.0000000001
 40
0.0
 40
0.0
 40
0.0
 40
0.0
 40
1.0
 40
1.0
 40
1.0
 40
1.0
 10
77.88755999999998
 20
73.840125
 30
0.0
 10
75.91346
 20
73.40149499999998
 30
0.0
 10
73.93264000000002
 20
73.922425
 30
0.0
 10
71.93791
 20
74.88205500000002
 30
0.0
  0
SPLINE
  5
29B
330
1F
100
AcDbEntity
  8
0
 62
     7
100
AcDbSpline
210
0.0
220
0.0
230
1.0
 70
     8
 71
     3
 72
     8
 73
     4
 74
     0
 42
0.000000001
 43
0.0000000001
 40
0.0
 40
0.0
 40
0.0
 40
0.0
 40
1.0
 40
1.0
 40
1.0
 40
1.0
 10
71.93791
 20
74.88205500000002
 30
0.0
 10
74.95392999999999
 20
72.57191500000002
 30
0.0
 10
76.70863
 20
72.33218499999998
 30
0.0
 10
78.07958000000002
 20
72.71608499999998
 30
0.0
  0
SPLINE
  5
29C
330
1F
100
AcDbEntity
  8
0
 62
     7
100
AcDbSpline
210
0.0
220
0.0
230
1.0
 70
     8
 71
     3
 72
     8
 73
     4
 74
     0
 42
0.000000001
 43
0.0000000001
 40
0.0
 40
0.0
 40
0.0
 40
0.0
 40
1.0
 40
1.0
 40
1.0
 40
1.0
 10
78.07958000000002
 20
72.71608499999998
 30
0.0
 10
78.15678
 20
72.737785
 30
0.0
 10
78.23616
 20
72.761285
 30
0.0
 10
78.31707
 20
72.786485
 30
0.0
  0
SPLINE
  5
29D
330
1F
100
AcDbEntity
  8
0
 62
     7
100
AcDbSpline
210
0.0
220
0.0
230
1.0
 70
     8
 71
     3
 72
     8
 73
     4
 74
     0
 42
0.000000001
 43
0.0000000001
 40
0.0
 40
0.0
 40
0.0
 40
0.0
 40
1.0
 40
1.0
 40
1.0
 40
1.0
 10
78.31707
 20
72.786485
 30
0.0
 10
78.33016999999998
 20
71.935535
 30
0.0
 10
78.41446999999998
 20
70.549785
 30
0.0
 10
78.7922
 20
69.686415
 30
0.0
  0
SPLINE
  5
29E
330
1F
100
AcDbEntity
  8
0
 62
     7
100
AcDbSpline
210
0.0
220
0.0
230
1.0
 70
     8
 71
     3
 72
     8
 73
     4
 74
     0
 42
0.000000001
 43
0.0000000001
 40
0.0
 40
0.0
 40
0.0
 40
0.0
 40
1.0
 40
1.0
 40
1.0
 40
1.0
 10
78.7922
 20
69.686415
 30
0.0
 10
78.6893
 20
70.944445
 30
0.0
 10
79.03506999999997
 20
72.286985
 30
0.0
 10
79.48671999999998
 20
73.286895
 30
0.0
  0
SPLINE
  5
29F
330
1F
100
AcDbEntity
  8
0
 62
     7
100
AcDbSpline
210
0.0
220
0.0
230
1.0
 70
     8
 71
     3
 72
     8
 73
     4
 74
     0
 42
0.000000001
 43
0.0000000001
 40
0.0
 40
0.0
 40
0.0
 40
0.0
 40
1.0
 40
1.0
 40
1.0
 40
1.0
 10
79.48671999999998
 20
73.286895
 30
0.0
 10
80.62571
 20
73.93116500000002
 30
0.0
 10
81.9002
 20
75.183965
 30
0.0
 10
82.95993000000001
 20
77.870675
 30
0.0
  0
SPLINE
  5
2A0
330
1F
100
AcDbEntity
  8
0
 62
     7
100
AcDbSpline
210
0.0
220
0.0
230
1.0
 70
     8
 71
     3
 72
     8
 73
     4
 74
     0
 42
0.000000001
 43
0.0000000001
 40
0.0
 40
0.0
 40
0.0
 40
0.0
 40
1.0
 40
1.0
 40
1.0
 40
1.0
 10
82.95993000000001
 20
77.870675
 30
0.0
 10
82.15429
 20
76.66214499999998
 30
0.0
 10
81.17336999999997
 20
75.588955
 30
0.0
 10
80.08134
 20
74.83625500000002
 30
0.0
  0
SPLINE
  5
2A1
330
1F
100
AcDbEntity
  8
0
 62
     7
100
AcDbSpline
210
0.0
220
0.0
230
1.0
 70
     8
 71
     3
 72
     8
 73
     4
 74
     0
 42
0.000000001
 43
0.0000000001
 40
0.0
 40
0.0
 40
0.0
 40
0.0
 40
1.0
 40
1.0
 40
1.0
 40
1.0
 10
80.08134
 20
74.83625500000002
 30
0.0
 10
80.15793999999997
 20
75.48262499999998
 30
0.0
 10
80.01803999999998
 20
76.118375
 30
0.0
 10
79.73736999999998
 20
76.465785
 30
0.0
  0
SPLINE
  5
2A2
330
1F
100
AcDbEntity
  8
0
 62
     7
100
AcDbSpline
210
0.0
220
0.0
230
1.0
 70
     8
 71
     3
 72
     8
 73
     4
 74
     0
 42
0.000000001
 43
0.0000000001
 40
0.0
 40
0.0
 40
0.0
 40
0.0
 40
1.0
 40
1.0
 40
1.0
 40
1.0
 10
79.73736999999998
 20
76.465785
 30
0.0
 10
82.31775
 20
77.55930500000002
 30
0.0
 10
83.77798
 20
79.50588499999998
 30
0.0
 10
84.78327
 20
82.579635
 30
0.0
  0
SPLINE
  5
2A3
330
1F
100
AcDbEntity
  8
0
 62
     7
100
AcDbSpline
210
0.0
220
0.0
230
1.0
 70
     8
 71
     3
 72
     8
 73
     4
 74
     0
 42
0.000000001
 43
0.0000000001
 40
0.0
 40
0.0
 40
0.0
 40
0.0
 40
1.0
 40
1.0
 40
1.0
 40
1.0
 10
84.78327
 20
82.579635
 30
0.0
 10
85.11229
 20
78.919335
 30
0.0
 10
83.7551
 20
76.04045500000002
 30
0.0
 10
81.14361
 20
72.56529499999998
 30
0.0
  0
SPLINE
  5
2A4
330
1F
100
AcDbEntity
  8
0
 62
     7
100
AcDbSpline
210
0.0
220
0.0
230
1.0
 70
     8
 71
     3
 72
     8
 73
     4
 74
     0
 42
0.000000001
 43
0.0000000001
 40
0.0
 40
0.0
 40
0.0
 40
0.0
 40
1.0
 40
1.0
 40
1.0
 40
1.0
 10
81.14361
 20
72.56529499999998
 30
0.0
 10
81.14361
 20
72.56529499999998
 30
0.0
 10
83.94023999999998
 20
74.70389499999997
 30
0.0
 10
85.11229
 20
76.69863499999998
 30
0.0
  0
SPLINE
  5
2A5
330
1F
100
AcDbEntity
  8
0
 62
     7
100
AcDbSpline
210
0.0
220
0.0
230
1.0
 70
     8
 71
     3
 72
     8
 73
     4
 74
     0
 42
0.000000001
 43
0.0000000001
 40
0.0
 40
0.0
 40
0.0
 40
0.0
 40
1.0
 40
1.0
 40
1.0
 40
1.0
 10
85.11229
 20
76.69863499999998
 30
0.0
 10
86.28433000000002
 20
78.693365
 30
0.0
 10
87.148
 20
80.40005500000003
 30
0.0
 10
87.70328000000002
 20
80.72907499999997
 30
0.0
  0
SPLINE
  5
2A6
330
1F
100
AcDbEntity
  8
0
 62
     7
100
AcDbSpline
210
0.0
220
0.0
230
1.0
 70
     8
 71
     3
 72
     8
 73
     4
 74
     0
 42
0.000000001
 43
0.0000000001
 40
0.0
 40
0.0
 40
0.0
 40
0.0
 40
1.0
 40
1.0
 40
1.0
 40
1.0
 10
87.70328000000002
 20
80.72907499999997
 30
0.0
 10
88.25841999999999
 20
81.058085
 30
0.0
 10
88.62871
 20
80.44118500000001
 30
0.0
 10
89.30723
 20
79.433645
 30
0.0
  0
SPLINE
  5
2A7
330
1F
100
AcDbEntity
  8
0
 62
     7
100
AcDbSpline
210
0.0
220
0.0
230
1.0
 70
     8
 71
     3
 72
     8
 73
     4
 74
     0
 42
0.000000001
 43
0.0000000001
 40
0.0
 40
0.0
 40
0.0
 40
0.0
 40
1.0
 40
1.0
 40
1.0
 40
1.0
 10
89.30723
 20
79.433645
 30
0.0
 10
88.89596
 20
80.60569499999997
 30
0.0
 10
89.92414000000001
 20
82.66203500000001
 30
0.0
 10
89.81452
 20
85.46554499999997
 30
0.0
  0
SPLINE
  5
2A8
330
1F
100
AcDbEntity
  8
0
 62
     7
100
AcDbSpline
210
0.0
220
0.0
230
1.0
 70
     8
 71
     3
 72
     8
 73
     4
 74
     0
 42
0.000000001
 43
0.0000000001
 40
0.0
 40
0.0
 40
0.0
 40
0.0
 40
1.0
 40
1.0
 40
1.0
 40
1.0
 10
89.81452
 20
85.46554499999997
 30
0.0
 10
89.72341999999997
 20
87.79497499999997
 30
0.0
 10
88.16944000000003
 20
90.962805
 30
0.0
 10
84.76966
 20
92.70388500000001
 30
0.0
  0
SPLINE
  5
2A9
330
1F
100
AcDbEntity
  8
0
 62
     7
100
AcDbSpline
210
0.0
220
0.0
230
1.0
 70
     8
 71
     3
 72
     8
 73
     4
 74
     0
 42
0.000000001
 43
0.0000000001
 40
0.0
 40
0.0
 40
0.0
 40
0.0
 40
1.0
 40
1.0
 40
1.0
 40
1.0
 10
84.76966
 20
92.70388500000001
 30
0.0
 10
87.41554
 20
90.90806499999999
 30
0.0
 10
88.15583000000001
 20
88.05654500000001
 30
0.0
 10
88.47109000000001
 20
86.521085
 30
0.0
  0
SPLINE
  5
2AA
330
1F
100
AcDbEntity
  8
0
 62
     7
100
AcDbSpline
210
0.0
220
0.0
230
1.0
 70
     8
 71
     3
 72
     8
 73
     4
 74
     0
 42
0.000000001
 43
0.0000000001
 40
0.0
 40
0.0
 40
0.0
 40
0.0
 40
1.0
 40
1.0
 40
1.0
 40
1.0
 10
88.47109000000001
 20
86.521085
 30
0.0
 10
88.78633999999998
 20
84.98563500000001
 30
0.0
 10
88.59447000000001
 20
83.83408499999999
 30
0.0
 10
87.89531
 20
83.354315
 30
0.0
  0
SPLINE
  5
2AB
330
1F
100
AcDbEntity
  8
0
 62
     7
100
AcDbSpline
210
0.0
220
0.0
230
1.0
 70
     8
 71
     3
 72
     8
 73
     4
 74
     0
 42
0.000000001
 43
0.0000000001
 40
0.0
 40
0.0
 40
0.0
 40
0.0
 40
1.0
 40
1.0
 40
1.0
 40
1.0
 10
87.89531
 20
83.354315
 30
0.0
 10
87.19615000000002
 20
82.874555
 30
0.0
 10
86.24335
 20
83.237815
 30
0.0
 10
83.67299
 20
84.80063499999998
 30
0.0
  0
SPLINE
  5
2AC
330
1F
100
AcDbEntity
  8
0
 62
     7
100
AcDbSpline
210
0.0
220
0.0
230
1.0
 70
     8
 71
     3
 72
     8
 73
     4
 74
     0
 42
0.000000001
 43
0.0000000001
 40
0.0
 40
0.0
 40
0.0
 40
0.0
 40
1.0
 40
1.0
 40
1.0
 40
1.0
 10
83.67299
 20
84.80063499999998
 30
0.0
 10
81.10249000000001
 20
86.363465
 30
0.0
 10
80.19783999999999
 20
86.28120499999999
 30
0.0
 10
79.1079
 20
86.09621500000001
 30
0.0
  0
SPLINE
  5
2AD
330
1F
100
AcDbEntity
  8
0
 62
     7
100
AcDbSpline
210
0.0
220
0.0
230
1.0
 70
     8
 71
     3
 72
     8
 73
     4
 74
     0
 42
0.000000001
 43
0.0000000001
 40
0.0
 40
0.0
 40
0.0
 40
0.0
 40
1.0
 40
1.0
 40
1.0
 40
1.0
 10
79.1079
 20
86.09621500000001
 30
0.0
 10
78.01796
 20
85.91121499999998
 30
0.0
 10
76.61964999999998
 20
85.52043499999998
 30
0.0
 10
75.07746999999998
 20
84.28662499999999
 30
0.0
  0
SPLINE
  5
2AE
330
1F
100
AcDbEntity
  8
0
 62
     7
100
AcDbSpline
210
0.0
220
0.0
230
1.0
 70
     8
 71
     3
 72
     8
 73
     4
 74
     0
 42
0.000000001
 43
0.0000000001
 40
0.0
 40
0.0
 40
0.0
 40
0.0
 40
1.0
 40
1.0
 40
1.0
 40
1.0
 10
75.07746999999998
 20
84.28662499999999
 30
0.0
 10
75.79725999999998
 20
85.41769499999999
 30
0.0
 10
76.68141
 20
86.28120499999999
 30
0.0
 10
78.96389
 20
86.89811500000002
 30
0.0
  0
SPLINE
  5
2AF
330
1F
100
AcDbEntity
  8
0
 62
     7
100
AcDbSpline
210
0.0
220
0.0
230
1.0
 70
     8
 71
     3
 72
     8
 73
     4
 74
     0
 42
0.000000001
 43
0.0000000001
 40
0.0
 40
0.0
 40
0.0
 40
0.0
 40
1.0
 40
1.0
 40
1.0
 40
1.0
 10
78.96389
 20
86.89811500000002
 30
0.0
 10
81.24635000000003
 20
87.51501500000001
 30
0.0
 10
82.70644
 20
86.692475
 30
0.0
 10
84.19733
 20
85.65398499999998
 30
0.0
  0
SPLINE
  5
2B0
330
1F
100
AcDbEntity
  8
0
 62
     7
100
AcDbSpline
210
0.0
220
0.0
230
1.0
 70
     8
 71
     3
 72
     8
 73
     4
 74
     0
 42
0.000000001
 43
0.0000000001
 40
0.0
 40
0.0
 40
0.0
 40
0.0
 40
1.0
 40
1.0
 40
1.0
 40
1.0
 10
84.19733
 20
85.65398499999998
 30
0.0
 10
85.36846999999999
 20
84.838325
 30
0.0
 10
87.53891999999998
 20
83.24813499999997
 30
0.0
 10
87.64166999999998
 20
85.60258499999997
 30
0.0
  0
SPLINE
  5
2B1
330
1F
100
AcDbEntity
  8
0
 62
     7
100
AcDbSpline
210
0.0
220
0.0
230
1.0
 70
     8
 71
     3
 72
     8
 73
     4
 74
     0
 42
0.000000001
 43
0.0000000001
 40
0.0
 40
0.0
 40
0.0
 40
0.0
 40
1.0
 40
1.0
 40
1.0
 40
1.0
 10
87.64166999999998
 20
85.60258499999997
 30
0.0
 10
87.74455999999998
 20
87.95713499999997
 30
0.0
 10
86.09948000000001
 20
90.229435
 30
0.0
 10
84.67021
 20
91.103275
 30
0.0
  0
SPLINE
  5
2B2
330
1F
100
AcDbEntity
  8
0
 62
     7
100
AcDbSpline
210
0.0
220
0.0
230
1.0
 70
     8
 71
     3
 72
     8
 73
     4
 74
     0
 42
0.000000001
 43
0.0000000001
 40
0.0
 40
0.0
 40
0.0
 40
0.0
 40
1.0
 40
1.0
 40
1.0
 40
1.0
 10
84.67021
 20
91.103275
 30
0.0
 10
85.54419000000001
 20
90.476045
 30
0.0
 10
86.08901000000001
 20
89.05724499999998
 30
0.0
 10
86.28448
 20
87.885045
 30
0.0
  0
SPLINE
  5
2B3
330
1F
100
AcDbEntity
  8
0
 62
     7
100
AcDbSpline
210
0.0
220
0.0
230
1.0
 70
     8
 71
     3
 72
     8
 73
     4
 74
     0
 42
0.000000001
 43
0.0000000001
 40
0.0
 40
0.0
 40
0.0
 40
0.0
 40
1.0
 40
1.0
 40
1.0
 40
1.0
 10
86.28448
 20
87.885045
 30
0.0
 10
85.74983000000001
 20
89.21143499999997
 30
0.0
 10
84.30006999999998
 20
90.393795
 30
0.0
 10
84.30006999999998
 20
90.393795
 30
0.0
  0
SPLINE
  5
2B4
330
1F
100
AcDbEntity
  8
0
 62
     7
100
AcDbSpline
210
0.0
220
0.0
230
1.0
 70
     8
 71
     3
 72
     8
 73
     4
 74
     0
 42
0.000000001
 43
0.0000000001
 40
0.0
 40
0.0
 40
0.0
 40
0.0
 40
1.0
 40
1.0
 40
1.0
 40
1.0
 10
84.30006999999998
 20
90.393795
 30
0.0
 10
84.30006999999998
 20
90.393795
 30
0.0
 10
85.36936999999998
 20
88.573895
 30
0.0
 10
85.54419000000001
 20
87.607485
 30
0.0
  0
SPLINE
  5
2B5
330
1F
100
AcDbEntity
  8
0
 62
     7
100
AcDbSpline
210
0.0
220
0.0
230
1.0
 70
     8
 71
     3
 72
     8
 73
     4
 74
     0
 42
0.000000001
 43
0.0000000001
 40
0.0
 40
0.0
 40
0.0
 40
0.0
 40
1.0
 40
1.0
 40
1.0
 40
1.0
 10
85.54419000000001
 20
87.607485
 30
0.0
 10
85.06099
 20
88.58420500000002
 30
0.0
 10
83.36446999999997
 20
89.612385
 30
0.0
 10
83.36446999999997
 20
89.612385
 30
0.0
  0
SPLINE
  5
2B6
330
1F
100
AcDbEntity
  8
0
 62
     7
100
AcDbSpline
210
0.0
220
0.0
230
1.0
 70
     8
 71
     3
 72
     8
 73
     4
 74
     0
 42
0.000000001
 43
0.0000000001
 40
0.0
 40
0.0
 40
0.0
 40
0.0
 40
1.0
 40
1.0
 40
1.0
 40
1.0
 10
83.36446999999997
 20
89.612385
 30
0.0
 10
83.36446999999997
 20
89.612385
 30
0.0
 10
84.51601999999999
 20
88.15229499999999
 30
0.0
 10
84.58063
 20
87.477675
 30
0.0
  0
SPLINE
  5
2B7
330
1F
100
AcDbEntity
  8
0
 62
     7
100
AcDbSpline
210
0.0
220
0.0
230
1.0
 70
     8
 71
     3
 72
     8
 73
     4
 74
     0
 42
0.000000001
 43
0.0000000001
 40
0.0
 40
0.0
 40
0.0
 40
0.0
 40
1.0
 40
1.0
 40
1.0
 40
1.0
 10
84.58063
 20
87.477675
 30
0.0
 10
83.89014000000001
 20
87.99691499999999
 30
0.0
 10
82.95963
 20
88.52468499999998
 30
0.0
 10
81.82826
 20
88.77204499999997
 30
0.0
  0
SPLINE
  5
2B8
330
1F
100
AcDbEntity
  8
0
 62
     7
100
AcDbSpline
210
0.0
220
0.0
230
1.0
 70
     8
 71
     3
 72
     8
 73
     4
 74
     0
 42
0.000000001
 43
0.0000000001
 40
0.0
 40
0.0
 40
0.0
 40
0.0
 40
1.0
 40
1.0
 40
1.0
 40
1.0
 10
81.82826
 20
88.77204499999997
 30
0.0
 10
82.24237
 20
90.143745
 30
0.0
 10
80.91823000000003
 20
91.035075
 30
0.0
 10
80.80338000000002
 20
91.737225
 30
0.0
  0
SPLINE
  5
2B9
330
1F
100
AcDbEntity
  8
0
 62
     7
100
AcDbSpline
210
0.0
220
0.0
230
1.0
 70
     8
 71
     3
 72
     8
 73
     4
 74
     0
 42
0.000000001
 43
0.0000000001
 40
0.0
 40
0.0
 40
0.0
 40
0.0
 40
1.0
 40
1.0
 40
1.0
 40
1.0
 10
80.80338000000002
 20
91.737225
 30
0.0
 10
81.13195000000002
 20
93.20403500000001
 30
0.0
 10
80.51593999999999
 20
94.475525
 30
0.0
 10
79.53921
 20
94.82862500000001
 30
0.0
  0
SPLINE
  5
2BA
330
1F
100
AcDbEntity
  8
0
 62
     7
100
AcDbSpline
210
0.0
220
0.0
230
1.0
 70
     8
 71
     3
 72
     8
 73
     4
 74
     0
 42
0.000000001
 43
0.0000000001
 40
0.0
 40
0.0
 40
0.0
 40
0.0
 40
1.0
 40
1.0
 40
1.0
 40
1.0
 10
79.53921
 20
94.82862500000001
 30
0.0
 10
80.21788
 20
94.451605
 30
0.0
 10
80.35143000000003
 20
92.66609499999999
 30
0.0
 10
80.06353999999998
 20
92.12112500000001
 30
0.0
  0
SPLINE
  5
2BB
330
1F
100
AcDbEntity
  8
0
 62
     7
100
AcDbSpline
210
0.0
220
0.0
230
1.0
 70
     8
 71
     3
 72
     8
 73
     4
 74
     0
 42
0.000000001
 43
0.0000000001
 40
0.0
 40
0.0
 40
0.0
 40
0.0
 40
1.0
 40
1.0
 40
1.0
 40
1.0
 10
80.06353999999998
 20
92.12112500000001
 30
0.0
 10
79.88094
 20
91.775655
 30
0.0
 10
79.89275000000002
 20
91.521415
 30
0.0
 10
79.92581
 20
91.38129499999999
 30
0.0
  0
SPLINE
  5
2BC
330
1F
100
AcDbEntity
  8
0
 62
     7
100
AcDbSpline
210
0.0
220
0.0
230
1.0
 70
     8
 71
     3
 72
     8
 73
     4
 74
     0
 42
0.000000001
 43
0.0000000001
 40
0.0
 40
0.0
 40
0.0
 40
0.0
 40
1.0
 40
1.0
 40
1.0
 40
1.0
 10
79.92581
 20
91.38129499999999
 30
0.0
 10
78.83542
 20
91.733335
 30
0.0
 10
77.97639000000002
 20
91.94764499999999
 30
0.0
 10
77.26466999999998
 20
92.04918499999999
 30
0.0
  0
SPLINE
  5
2BD
330
1F
100
AcDbEntity
  8
0
 62
     7
100
AcDbSpline
210
0.0
220
0.0
230
1.0
 70
     8
 71
     3
 72
     8
 73
     4
 74
     0
 42
0.000000001
 43
0.0000000001
 40
0.0
 40
0.0
 40
0.0
 40
0.0
 40
1.0
 40
1.0
 40
1.0
 40
1.0
 10
77.26466999999998
 20
92.04918499999999
 30
0.0
 10
77.21416999999998
 20
93.10413500000001
 30
0.0
 10
76.63311
 20
94.715415
 30
0.0
 10
75.44551
 20
95.38735499999999
 30
0.0
  0
SPLINE
  5
2BE
330
1F
100
AcDbEntity
  8
0
 62
     7
100
AcDbSpline
210
0.0
220
0.0
230
1.0
 70
     8
 71
     3
 72
     8
 73
     4
 74
     0
 42
0.000000001
 43
0.0000000001
 40
0.0
 40
0.0
 40
0.0
 40
0.0
 40
1.0
 40
1.0
 40
1.0
 40
1.0
 10
75.44551
 20
95.38735499999999
 30
0.0
 10
78.77290000000002
 20
96.033415
 30
0.0
 10
80.90104000000001
 20
96.262535
 30
0.0
 10
84.49507999999999
 20
94.56810500000001
 30
0.0
  0
SPLINE
  5
2BF
330
1F
100
AcDbEntity
  8
0
 62
     7
100
AcDbSpline
210
0.0
220
0.0
230
1.0
 70
     8
 71
     3
 72
     8
 73
     4
 74
     0
 42
0.000000001
 43
0.0000000001
 40
0.0
 40
0.0
 40
0.0
 40
0.0
 40
1.0
 40
1.0
 40
1.0
 40
1.0
 10
84.49507999999999
 20
94.56810500000001
 30
0.0
 10
88.81341
 20
92.53239499999999
 30
0.0
 10
91.37703999999999
 20
89.029725
 30
0.0
 10
90.74638
 20
82.77843500000001
 30
0.0
  0
SPLINE
  5
2C0
330
1F
100
AcDbEntity
  8
0
 62
     7
100
AcDbSpline
210
0.0
220
0.0
230
1.0
 70
     8
 71
     3
 72
     8
 73
     4
 74
     0
 42
0.000000001
 43
0.0000000001
 40
0.0
 40
0.0
 40
0.0
 40
0.0
 40
1.0
 40
1.0
 40
1.0
 40
1.0
 10
90.74638
 20
82.77843500000001
 30
0.0
 10
92.03507
 20
86.04121500000003
 30
0.0
 10
92.51484000000001
 20
90.82555499999999
 30
0.0
 10
92.22694
 20
93.622185
 30
0.0
  0
SPLINE
  5
2C1
330
1F
100
AcDbEntity
  8
0
 62
     7
100
AcDbSpline
210
0.0
220
0.0
230
1.0
 70
     8
 71
     3
 72
     8
 73
     4
 74
     0
 42
0.000000001
 43
0.0000000001
 40
0.0
 40
0.0
 40
0.0
 40
0.0
 40
1.0
 40
1.0
 40
1.0
 40
1.0
 10
92.22694
 20
93.622185
 30
0.0
 10
91.93906
 20
96.418815
 30
0.0
 10
91.40441
 20
97.03572499999999
 30
0.0
 10
91.21253000000001
 20
99.887235
 30
0.0
  0
SPLINE
  5
2C2
330
1F
100
AcDbEntity
  8
0
 62
     7
100
AcDbSpline
210
0.0
220
0.0
230
1.0
 70
     8
 71
     3
 72
     8
 73
     4
 74
     0
 42
0.000000001
 43
0.0000000001
 40
0.0
 40
0.0
 40
0.0
 40
0.0
 40
1.0
 40
1.0
 40
1.0
 40
1.0
 10
91.21253000000001
 20
99.887235
 30
0.0
 10
91.15483000000001
 20
100.745075
 30
0.0
 10
90.77135
 20
101.765165
 30
0.0
 10
90.24702000000001
 20
102.763875
 30
0.0
  0
SPLINE
  5
2C3
330
1F
100
AcDbEntity
  8
0
 62
     7
100
AcDbSpline
210
0.0
220
0.0
230
1.0
 70
     8
 71
     3
 72
     8
 73
     4
 74
     0
 42
0.000000001
 43
0.0000000001
 40
0.0
 40
0.0
 40
0.0
 40
0.0
 40
1.0
 40
1.0
 40
1.0
 40
1.0
 10
90.24702000000001
 20
102.763875
 30
0.0
 10
89.81421
 20
103.588655
 30
0.0
 10
90.47225
 20
103.862785
 30
0.0
 10
88.55289
 20
106.796565
 30
0.0
  0
SPLINE
  5
2C4
330
1F
100
AcDbEntity
  8
0
 62
     7
100
AcDbSpline
210
0.0
220
0.0
230
1.0
 70
     8
 71
     3
 72
     8
 73
     4
 74
     0
 42
0.000000001
 43
0.0000000001
 40
0.0
 40
0.0
 40
0.0
 40
0.0
 40
1.0
 40
1.0
 40
1.0
 40
1.0
 10
88.55289
 20
106.796565
 30
0.0
 10
88.55289
 20
105.864405
 30
0.0
 10
88.55289
 20
103.725805
 30
0.0
 10
88.79965
 20
103.122505
 30
0.0
  0
SPLINE
  5
2C5
330
1F
100
AcDbEntity
  8
0
 62
     7
100
AcDbSpline
210
0.0
220
0.0
230
1.0
 70
     8
 71
     3
 72
     8
 73
     4
 74
     0
 42
0.000000001
 43
0.0000000001
 40
0.0
 40
0.0
 40
0.0
 40
0.0
 40
1.0
 40
1.0
 40
1.0
 40
1.0
 10
88.79965
 20
103.122505
 30
0.0
 10
87.82636
 20
104.623715
 30
0.0
 10
87.16833000000002
 20
105.898645
 30
0.0
 10
88.40214000000001
 20
108.900765
 30
0.0
  0
SPLINE
  5
2C6
330
1F
100
AcDbEntity
  8
0
 62
     7
100
AcDbSpline
210
0.0
220
0.0
230
1.0
 70
     8
 71
     3
 72
     8
 73
     4
 74
     0
 42
0.000000001
 43
0.0000000001
 40
0.0
 40
0.0
 40
0.0
 40
0.0
 40
1.0
 40
1.0
 40
1.0
 40
1.0
 10
88.40214000000001
 20
108.900765
 30
0.0
 10
89.77997
 20
107.317305
 30
0.0
 10
90.54073999999999
 20
106.104135
 30
0.0
 10
90.86975999999999
 20
105.055325
 30
0.0
  0
SPLINE
  5
2C7
330
1F
100
AcDbEntity
  8
0
 62
     7
100
AcDbSpline
210
0.0
220
0.0
230
1.0
 70
     8
 71
     3
 72
     8
 73
     4
 74
     0
 42
0.000000001
 43
0.0000000001
 40
0.0
 40
0.0
 40
0.0
 40
0.0
 40
1.0
 40
1.0
 40
1.0
 40
1.0
 10
90.86975999999999
 20
105.055325
 30
0.0
 10
91.09602999999999
 20
106.700395
 30
0.0
 10
90.49961999999998
 20
108.427725
 30
0.0
 10
89.75933000000003
 20
109.270905
 30
0.0
  0
SPLINE
  5
2C8
330
1F
100
AcDbEntity
  8
0
 62
     7
100
AcDbSpline
210
0.0
220
0.0
230
1.0
 70
     8
 71
     3
 72
     8
 73
     4
 74
     0
 42
0.000000001
 43
0.0000000001
 40
0.0
 40
0.0
 40
0.0
 40
0.0
 40
1.0
 40
1.0
 40
1.0
 40
1.0
 10
89.75933000000003
 20
109.270905
 30
0.0
 10
89.01904999999997
 20
110.114085
 30
0.0
 10
87.97023000000001
 20
111.574015
 30
0.0
 10
87.18881999999998
 20
113.980015
 30
0.0
  0
SPLINE
  5
2C9
330
1F
100
AcDbEntity
  8
0
 62
     7
100
AcDbSpline
210
0.0
220
0.0
230
1.0
 70
     8
 71
     3
 72
     8
 73
     4
 74
     0
 42
0.000000001
 43
0.0000000001
 40
0.0
 40
0.0
 40
0.0
 40
0.0
 40
1.0
 40
1.0
 40
1.0
 40
1.0
 10
87.18881999999998
 20
113.980015
 30
0.0
 10
86.63353
 20
111.594655
 30
0.0
 10
87.70568
 20
108.423545
 30
0.0
 10
86.55128000000003
 20
108.098865
 30
0.0
  0
SPLINE
  5
2CA
330
1F
100
AcDbEntity
  8
0
 62
     7
100
AcDbSpline
210
0.0
220
0.0
230
1.0
 70
     8
 71
     3
 72
     8
 73
     4
 74
     0
 42
0.000000001
 43
0.0000000001
 40
0.0
 40
0.0
 40
0.0
 40
0.0
 40
1.0
 40
1.0
 40
1.0
 40
1.0
 10
86.55128000000003
 20
108.098865
 30
0.0
 10
85.89325
 20
107.913715
 30
0.0
 10
84.30994
 20
109.003655
 30
0.0
 10
83.11711
 20
110.607605
 30
0.0
  0
SPLINE
  5
2CB
330
1F
100
AcDbEntity
  8
0
 62
     7
100
AcDbSpline
210
0.0
220
0.0
230
1.0
 70
     8
 71
     3
 72
     8
 73
     4
 74
     0
 42
0.000000001
 43
0.0000000001
 40
0.0
 40
0.0
 40
0.0
 40
0.0
 40
1.0
 40
1.0
 40
1.0
 40
1.0
 10
83.11711
 20
110.607605
 30
0.0
 10
81.92441999999998
 20
112.211555
 30
0.0
 10
82.39656
 20
118.915245
 30
0.0
 10
82.39656
 20
118.915245
 30
0.0
  0
SPLINE
  5
2CC
330
1F
100
AcDbEntity
  8
0
 62
     7
100
AcDbSpline
210
0.0
220
0.0
230
1.0
 70
     8
 71
     3
 72
     8
 73
     4
 74
     0
 42
0.000000001
 43
0.0000000001
 40
0.0
 40
0.0
 40
0.0
 40
0.0
 40
1.0
 40
1.0
 40
1.0
 40
1.0
 10
82.39656
 20
118.915245
 30
0.0
 10
82.39656
 20
118.915245
 30
0.0
 10
81.49252
 20
116.303765
 30
0.0
 10
81.47203000000002
 20
113.794875
 30
0.0
  0
SPLINE
  5
2CD
330
1F
100
AcDbEntity
  8
0
 62
     7
100
AcDbSpline
210
0.0
220
0.0
230
1.0
 70
     8
 71
     3
 72
     8
 73
     4
 74
     0
 42
0.000000001
 43
0.0000000001
 40
0.0
 40
0.0
 40
0.0
 40
0.0
 40
1.0
 40
1.0
 40
1.0
 40
1.0
 10
81.47203000000002
 20
113.794875
 30
0.0
 10
80.69062
 20
115.851215
 30
0.0
 10
81.41043000000001
 20
117.804825
 30
0.0
 10
81.26639
 20
119.388135
 30
0.0
  0
SPLINE
  5
2CE
330
1F
100
AcDbEntity
  8
0
 62
     7
100
AcDbSpline
210
0.0
220
0.0
230
1.0
 70
     8
 71
     3
 72
     8
 73
     4
 74
     0
 42
0.000000001
 43
0.0000000001
 40
0.0
 40
0.0
 40
0.0
 40
0.0
 40
1.0
 40
1.0
 40
1.0
 40
1.0
 10
81.26639
 20
119.388135
 30
0.0
 10
81.12253
 20
120.971445
 30
0.0
 10
79.92983999999998
 20
123.233425
 30
0.0
 10
79.92983999999998
 20
123.233425
 30
0.0
  0
SPLINE
  5
2CF
330
1F
100
AcDbEntity
  8
0
 62
     7
100
AcDbSpline
210
0.0
220
0.0
230
1.0
 70
     8
 71
     3
 72
     8
 73
     4
 74
     0
 42
0.000000001
 43
0.0000000001
 40
0.0
 40
0.0
 40
0.0
 40
0.0
 40
1.0
 40
1.0
 40
1.0
 40
1.0
 10
79.92983999999998
 20
123.233425
 30
0.0
 10
79.92983999999998
 20
123.233425
 30
0.0
 10
80.38223999999997
 20
121.300465
 30
0.0
 10
80.17659999999997
 20
119.182495
 30
0.0
  0
SPLINE
  5
2D0
330
1F
100
AcDbEntity
  8
0
 62
     7
100
AcDbSpline
210
0.0
220
0.0
230
1.0
 70
     8
 71
     3
 72
     8
 73
     4
 74
     0
 42
0.000000001
 43
0.0000000001
 40
0.0
 40
0.0
 40
0.0
 40
0.0
 40
1.0
 40
1.0
 40
1.0
 40
1.0
 10
80.17659999999997
 20
119.182495
 30
0.0
 10
79.97097
 20
117.064385
 30
0.0
 10
79.78596999999997
 20
114.699665
 30
0.0
 10
80.0121
 20
113.753745
 30
0.0
  0
SPLINE
  5
2D1
330
1F
100
AcDbEntity
  8
0
 62
     7
100
AcDbSpline
210
0.0
220
0.0
230
1.0
 70
     8
 71
     3
 72
     8
 73
     4
 74
     0
 42
0.000000001
 43
0.0000000001
 40
0.0
 40
0.0
 40
0.0
 40
0.0
 40
1.0
 40
1.0
 40
1.0
 40
1.0
 10
80.0121
 20
113.753745
 30
0.0
 10
79.33343
 20
114.596765
 30
0.0
 10
78.90166999999998
 20
116.769765
 30
0.0
 10
79.08667
 20
118.366835
 30
0.0
  0
SPLINE
  5
2D2
330
1F
100
AcDbEntity
  8
0
 62
     7
100
AcDbSpline
210
0.0
220
0.0
230
1.0
 70
     8
 71
     3
 72
     8
 73
     4
 74
     0
 42
0.000000001
 43
0.0000000001
 40
0.0
 40
0.0
 40
0.0
 40
0.0
 40
1.0
 40
1.0
 40
1.0
 40
1.0
 10
79.08667
 20
118.366835
 30
0.0
 10
78.30525
 20
117.352425
 30
0.0
 10
78.38750999999998
 20
115.296075
 30
0.0
 10
78.38750999999998
 20
115.296075
 30
0.0
  0
SPLINE
  5
2D3
330
1F
100
AcDbEntity
  8
0
 62
     7
100
AcDbSpline
210
0.0
220
0.0
230
1.0
 70
     8
 71
     3
 72
     8
 73
     4
 74
     0
 42
0.000000001
 43
0.0000000001
 40
0.0
 40
0.0
 40
0.0
 40
0.0
 40
1.0
 40
1.0
 40
1.0
 40
1.0
 10
78.38750999999998
 20
115.296075
 30
0.0
 10
78.38750999999998
 20
115.296075
 30
0.0
 10
77.48272
 20
116.091245
 30
0.0
 10
77.81173000000002
 20
118.366835
 30
0.0
  0
SPLINE
  5
2D4
330
1F
100
AcDbEntity
  8
0
 62
     7
100
AcDbSpline
210
0.0
220
0.0
230
1.0
 70
     8
 71
     3
 72
     8
 73
     4
 74
     0
 42
0.000000001
 43
0.0000000001
 40
0.0
 40
0.0
 40
0.0
 40
0.0
 40
1.0
 40
1.0
 40
1.0
 40
1.0
 10
77.81173000000002
 20
118.366835
 30
0.0
 10
78.14074999999998
 20
120.642575
 30
0.0
 10
78.36701999999998
 20
125.392665
 30
0.0
 10
79.25118000000002
 20
125.474915
 30
0.0
  0
SPLINE
  5
2D5
330
1F
100
AcDbEntity
  8
0
 62
     7
100
AcDbSpline
210
0.0
220
0.0
230
1.0
 70
     8
 71
     3
 72
     8
 73
     4
 74
     0
 42
0.000000001
 43
0.0000000001
 40
0.0
 40
0.0
 40
0.0
 40
0.0
 40
1.0
 40
1.0
 40
1.0
 40
1.0
 10
79.25118000000002
 20
125.474915
 30
0.0
 10
79.65959999999999
 20
125.512915
 30
0.0
 10
80.57261999999999
 20
124.879105
 30
0.0
 10
81.50164000000001
 20
124.014385
 30
0.0
  0
SPLINE
  5
2D6
330
1F
100
AcDbEntity
  8
0
 62
     7
100
AcDbSpline
210
0.0
220
0.0
230
1.0
 70
     8
 71
     3
 72
     8
 73
     4
 74
     0
 42
0.000000001
 43
0.0000000001
 40
0.0
 40
0.0
 40
0.0
 40
0.0
 40
1.0
 40
1.0
 40
1.0
 40
1.0
 10
81.50164000000001
 20
124.014385
 30
0.0
 10
81.42673999999997
 20
123.648585
 30
0.0
 10
81.34714999999998
 20
123.259145
 30
0.0
 10
81.26295999999998
 20
122.823955
 30
0.0
  0
LWPOLYLINE
  5
2D7
330
1F
100
AcDbEntity
  8
0
 62
     7
100
AcDbPolyline
 90
        2
 70
     0
 43
0.0
 10
77.66068
 20
79.378495
 10
77.66023
 20
79.378055
  0
SPLINE
  5
2D8
330
1F
100
AcDbEntity
  8
0
 62
     7
100
AcDbSpline
210
0.0
220
0.0
230
1.0
 70
     8
 71
     3
 72
     8
 73
     4
 74
     0
 42
0.000000001
 43
0.0000000001
 40
0.0
 40
0.0
 40
0.0
 40
0.0
 40
1.0
 40
1.0
 40
1.0
 40
1.0
 10
82.17522999999998
 20
122.097125
 30
0.0
 10
82.45966999999998
 20
122.223045
 30
0.0
 10
82.72094
 20
122.341495
 30
0.0
 10
82.96307
 20
122.456945
 30
0.0
  0
SPLINE
  5
2D9
330
1F
100
AcDbEntity
  8
0
 62
     7
100
AcDbSpline
210
0.0
220
0.0
230
1.0
 70
     8
 71
     3
 72
     8
 73
     4
 74
     0
 42
0.000000001
 43
0.0000000001
 40
0.0
 40
0.0
 40
0.0
 40
0.0
 40
1.0
 40
1.0
 40
1.0
 40
1.0
 10
82.96307
 20
122.456945
 30
0.0
 10
83.45674
 20
121.848425
 30
0.0
 10
83.855
 20
121.243485
 30
0.0
 10
84.04253999999998
 20
120.745325
 30
0.0
  0
SPLINE
  5
2DA
330
1F
100
AcDbEntity
  8
0
 62
     7
100
AcDbSpline
210
0.0
220
0.0
230
1.0
 70
     8
 71
     3
 72
     8
 73
     4
 74
     0
 42
0.000000001
 43
0.0000000001
 40
0.0
 40
0.0
 40
0.0
 40
0.0
 40
1.0
 40
1.0
 40
1.0
 40
1.0
 10
84.04253999999998
 20
120.745325
 30
0.0
 10
84.70057
 20
118.997355
 30
0.0
 10
84.4538
 20
116.324105
 30
0.0
 10
84.18640000000001
 20
114.925785
 30
0.0
  0
SPLINE
  5
2DB
330
1F
100
AcDbEntity
  8
0
 62
     7
100
AcDbSpline
210
0.0
220
0.0
230
1.0
 70
     8
 71
     3
 72
     8
 73
     4
 74
     0
 42
0.000000001
 43
0.0000000001
 40
0.0
 40
0.0
 40
0.0
 40
0.0
 40
1.0
 40
1.0
 40
1.0
 40
1.0
 10
84.18640000000001
 20
114.925785
 30
0.0
 10
83.91916
 20
113.527475
 30
0.0
 10
83.52838
 20
111.759015
 30
0.0
 10
83.77514000000003
 20
111.100975
 30
0.0
  0
SPLINE
  5
2DC
330
1F
100
AcDbEntity
  8
0
 62
     7
100
AcDbSpline
210
0.0
220
0.0
230
1.0
 70
     8
 71
     3
 72
     8
 73
     4
 74
     0
 42
0.000000001
 43
0.0000000001
 40
0.0
 40
0.0
 40
0.0
 40
0.0
 40
1.0
 40
1.0
 40
1.0
 40
1.0
 10
83.77514000000003
 20
111.100975
 30
0.0
 10
84.0219
 20
110.442945
 30
0.0
 10
85.21458
 20
110.196185
 30
0.0
 10
85.68761
 20
109.414775
 30
0.0
  0
SPLINE
  5
2DD
330
1F
100
AcDbEntity
  8
0
 62
     7
100
AcDbSpline
210
0.0
220
0.0
230
1.0
 70
     8
 71
     3
 72
     8
 73
     4
 74
     0
 42
0.000000001
 43
0.0000000001
 40
0.0
 40
0.0
 40
0.0
 40
0.0
 40
1.0
 40
1.0
 40
1.0
 40
1.0
 10
85.68761
 20
109.414775
 30
0.0
 10
85.44085
 20
110.401825
 30
0.0
 10
84.76218000000001
 20
110.874705
 30
0.0
 10
84.55655
 20
111.388875
 30
0.0
  0
SPLINE
  5
2DE
330
1F
100
AcDbEntity
  8
0
 62
     7
100
AcDbSpline
210
0.0
220
0.0
230
1.0
 70
     8
 71
     3
 72
     8
 73
     4
 74
     0
 42
0.000000001
 43
0.0000000001
 40
0.0
 40
0.0
 40
0.0
 40
0.0
 40
1.0
 40
1.0
 40
1.0
 40
1.0
 10
84.55655
 20
111.388875
 30
0.0
 10
84.35092
 20
111.903035
 30
0.0
 10
85.13233000000003
 20
113.774235
 30
0.0
 10
85.66698
 20
115.460435
 30
0.0
  0
SPLINE
  5
2DF
330
1F
100
AcDbEntity
  8
0
 62
     7
100
AcDbSpline
210
0.0
220
0.0
230
1.0
 70
     8
 71
     3
 72
     8
 73
     4
 74
     0
 42
0.000000001
 43
0.0000000001
 40
0.0
 40
0.0
 40
0.0
 40
0.0
 40
1.0
 40
1.0
 40
1.0
 40
1.0
 10
85.66698
 20
115.460435
 30
0.0
 10
86.20163000000003
 20
117.146635
 30
0.0
 10
87.31205
 20
119.655385
 30
0.0
 10
85.21458
 20
122.061235
 30
0.0
  0
SPLINE
  5
2E0
330
1F
100
AcDbEntity
  8
0
 62
     7
100
AcDbSpline
210
0.0
220
0.0
230
1.0
 70
     8
 71
     3
 72
     8
 73
     4
 74
     0
 42
0.000000001
 43
0.0000000001
 40
0.0
 40
0.0
 40
0.0
 40
0.0
 40
1.0
 40
1.0
 40
1.0
 40
1.0
 10
85.21458
 20
122.061235
 30
0.0
 10
84.86836
 20
122.458445
 30
0.0
 10
84.54518
 20
122.824845
 30
0.0
 10
84.23845
 20
123.171815
 30
0.0
  0
SPLINE
  5
2E1
330
1F
100
AcDbEntity
  8
0
 62
     7
100
AcDbSpline
210
0.0
220
0.0
230
1.0
 70
     8
 71
     3
 72
     8
 73
     4
 74
     0
 42
0.000000001
 43
0.0000000001
 40
0.0
 40
0.0
 40
0.0
 40
0.0
 40
1.0
 40
1.0
 40
1.0
 40
1.0
 10
84.23845
 20
123.171815
 30
0.0
 10
84.62444000000003
 20
123.440405
 30
0.0
 10
84.95062
 20
123.739065
 30
0.0
 10
85.25032000000001
 20
124.116985
 30
0.0
  0
SPLINE
  5
2E2
330
1F
100
AcDbEntity
  8
0
 62
     7
100
AcDbSpline
210
0.0
220
0.0
230
1.0
 70
     8
 71
     3
 72
     8
 73
     4
 74
     0
 42
0.000000001
 43
0.0000000001
 40
0.0
 40
0.0
 40
0.0
 40
0.0
 40
1.0
 40
1.0
 40
1.0
 40
1.0
 10
85.25032000000001
 20
124.116985
 30
0.0
 10
86.01468999999999
 20
123.377595
 30
0.0
 10
86.64908999999999
 20
122.687705
 30
0.0
 10
86.98902
 20
121.997075
 30
0.0
  0
SPLINE
  5
2E3
330
1F
100
AcDbEntity
  8
0
 62
     7
100
AcDbSpline
210
0.0
220
0.0
230
1.0
 70
     8
 71
     3
 72
     8
 73
     4
 74
     0
 42
0.000000001
 43
0.0000000001
 40
0.0
 40
0.0
 40
0.0
 40
0.0
 40
1.0
 40
1.0
 40
1.0
 40
1.0
 10
86.98902
 20
121.997075
 30
0.0
 10
87.55149000000001
 20
120.854045
 30
0.0
 10
87.66993000000002
 20
119.463355
 30
0.0
 10
87.79510999999997
 20
117.990865
 30
0.0
  0
SPLINE
  5
2E4
330
1F
100
AcDbEntity
  8
0
 62
     7
100
AcDbSpline
210
0.0
220
0.0
230
1.0
 70
     8
 71
     3
 72
     8
 73
     4
 74
     0
 42
0.000000001
 43
0.0000000001
 40
0.0
 40
0.0
 40
0.0
 40
0.0
 40
1.0
 40
1.0
 40
1.0
 40
1.0
 10
87.79510999999997
 20
117.990865
 30
0.0
 10
87.93689
 20
116.324995
 30
0.0
 10
88.08374999999998
 20
114.602605
 30
0.0
 10
88.88429999999997
 20
113.024225
 30
0.0
  0
SPLINE
  5
2E5
330
1F
100
AcDbEntity
  8
0
 62
     7
100
AcDbSpline
210
0.0
220
0.0
230
1.0
 70
     8
 71
     3
 72
     8
 73
     4
 74
     0
 42
0.000000001
 43
0.0000000001
 40
0.0
 40
0.0
 40
0.0
 40
0.0
 40
1.0
 40
1.0
 40
1.0
 40
1.0
 10
88.88429999999997
 20
113.024225
 30
0.0
 10
89.37498000000003
 20
112.056915
 30
0.0
 10
89.85295
 20
111.412945
 30
0.0
 10
90.27483999999999
 20
110.844795
 30
0.0
  0
SPLINE
  5
2E6
330
1F
100
AcDbEntity
  8
0
 62
     7
100
AcDbSpline
210
0.0
220
0.0
230
1.0
 70
     8
 71
     3
 72
     8
 73
     4
 74
     0
 42
0.000000001
 43
0.0000000001
 40
0.0
 40
0.0
 40
0.0
 40
0.0
 40
1.0
 40
1.0
 40
1.0
 40
1.0
 10
90.27483999999999
 20
110.844795
 30
0.0
 10
91.12609
 20
109.698325
 30
0.0
 10
91.79847999999999
 20
108.792785
 30
0.0
 10
92.27496
 20
105.615845
 30
0.0
  0
SPLINE
  5
2E7
330
1F
100
AcDbEntity
  8
0
 62
     7
100
AcDbSpline
210
0.0
220
0.0
230
1.0
 70
     8
 71
     3
 72
     8
 73
     4
 74
     0
 42
0.000000001
 43
0.0000000001
 40
0.0
 40
0.0
 40
0.0
 40
0.0
 40
1.0
 40
1.0
 40
1.0
 40
1.0
 10
92.27496
 20
105.615845
 30
0.0
 10
92.63941
 20
103.186065
 30
0.0
 10
92.58632
 20
101.970505
 30
0.0
 10
92.53936000000001
 20
100.898215
 30
0.0
  0
SPLINE
  5
2E8
330
1F
100
AcDbEntity
  8
0
 62
     7
100
AcDbSpline
210
0.0
220
0.0
230
1.0
 70
     8
 71
     3
 72
     8
 73
     4
 74
     0
 42
0.000000001
 43
0.0000000001
 40
0.0
 40
0.0
 40
0.0
 40
0.0
 40
1.0
 40
1.0
 40
1.0
 40
1.0
 10
92.53936000000001
 20
100.898215
 30
0.0
 10
92.49316
 20
99.84042500000001
 30
0.0
 10
92.45326
 20
98.92710499999999
 30
0.0
 10
92.86314
 20
97.287265
 30
0.0
  0
SPLINE
  5
2E9
330
1F
100
AcDbEntity
  8
0
 62
     7
100
AcDbSpline
210
0.0
220
0.0
230
1.0
 70
     8
 71
     3
 72
     8
 73
     4
 74
     0
 42
0.000000001
 43
0.0000000001
 40
0.0
 40
0.0
 40
0.0
 40
0.0
 40
1.0
 40
1.0
 40
1.0
 40
1.0
 10
92.86314
 20
97.287265
 30
0.0
 10
93.58173999999999
 20
94.41301499999999
 30
0.0
 10
93.84869
 20
92.30821500000001
 30
0.0
 10
93.4105
 20
88.291085
 30
0.0
  0
SPLINE
  5
2EA
330
1F
100
AcDbEntity
  8
0
 62
     7
100
AcDbSpline
210
0.0
220
0.0
230
1.0
 70
     8
 71
     3
 72
     8
 73
     4
 74
     0
 42
0.000000001
 43
0.0000000001
 40
0.0
 40
0.0
 40
0.0
 40
0.0
 40
1.0
 40
1.0
 40
1.0
 40
1.0
 10
93.4105
 20
88.291085
 30
0.0
 10
93.28352999999999
 20
87.72009500000001
 30
0.0
 10
93.18721999999999
 20
87.143265
 30
0.0
 10
93.07909999999999
 20
86.566895
 30
0.0
  0
SPLINE
  5
2EB
330
1F
100
AcDbEntity
  8
0
 62
     7
100
AcDbSpline
210
0.0
220
0.0
230
1.0
 70
     8
 71
     3
 72
     8
 73
     4
 74
     0
 42
0.000000001
 43
0.0000000001
 40
0.0
 40
0.0
 40
0.0
 40
0.0
 40
1.0
 40
1.0
 40
1.0
 40
1.0
 10
93.07909999999999
 20
86.566895
 30
0.0
 10
92.9823
 20
85.98603500000001
 30
0.0
 10
92.89963
 20
85.401875
 30
0.0
 10
92.81871999999999
 20
84.816085
 30
0.0
  0
SPLINE
  5
2EC
330
1F
100
AcDbEntity
  8
0
 62
     7
100
AcDbSpline
210
0.0
220
0.0
230
1.0
 70
     8
 71
     3
 72
     8
 73
     4
 74
     0
 42
0.000000001
 43
0.0000000001
 40
0.0
 40
0.0
 40
0.0
 40
0.0
 40
1.0
 40
1.0
 40
1.0
 40
1.0
 10
92.81871999999999
 20
84.816085
 30
0.0
 10
92.65511999999999
 20
83.644785
 30
0.0
 10
92.56014999999999
 20
82.45734499999997
 30
0.0
 10
92.52979000000001
 20
81.26466500000002
 30
0.0
  0
SPLINE
  5
2ED
330
1F
100
AcDbEntity
  8
0
 62
     7
100
AcDbSpline
210
0.0
220
0.0
230
1.0
 70
     8
 71
     3
 72
     8
 73
     4
 74
     0
 42
0.000000001
 43
0.0000000001
 40
0.0
 40
0.0
 40
0.0
 40
0.0
 40
1.0
 40
1.0
 40
1.0
 40
1.0
 10
92.52979000000001
 20
81.26466500000002
 30
0.0
 10
92.50329
 20
80.07212499999999
 30
0.0
 10
92.55689
 20
78.871225
 30
0.0
 10
92.73797
 20
77.689015
 30
0.0
  0
SPLINE
  5
2EE
330
1F
100
AcDbEntity
  8
0
 62
     7
100
AcDbSpline
210
0.0
220
0.0
230
1.0
 70
     8
 71
     3
 72
     8
 73
     4
 74
     0
 42
0.000000001
 43
0.0000000001
 40
0.0
 40
0.0
 40
0.0
 40
0.0
 40
1.0
 40
1.0
 40
1.0
 40
1.0
 10
92.73797
 20
77.689015
 30
0.0
 10
92.78376999999997
 20
77.393795
 30
0.0
 10
92.84565
 20
77.100375
 30
0.0
 10
92.89874000000001
 20
76.807695
 30
0.0
  0
SPLINE
  5
2EF
330
1F
100
AcDbEntity
  8
0
 62
     7
100
AcDbSpline
210
0.0
220
0.0
230
1.0
 70
     8
 71
     3
 72
     8
 73
     4
 74
     0
 42
0.000000001
 43
0.0000000001
 40
0.0
 40
0.0
 40
0.0
 40
0.0
 40
1.0
 40
1.0
 40
1.0
 40
1.0
 10
92.89874000000001
 20
76.807695
 30
0.0
 10
92.95944
 20
76.51577500000001
 30
0.0
 10
93.03154000000001
 20
76.226085
 30
0.0
 10
93.09718999999999
 20
75.937005
 30
0.0
  0
SPLINE
  5
2F0
330
1F
100
AcDbEntity
  8
0
 62
     7
100
AcDbSpline
210
0.0
220
0.0
230
1.0
 70
     8
 71
     3
 72
     8
 73
     4
 74
     0
 42
0.000000001
 43
0.0000000001
 40
0.0
 40
0.0
 40
0.0
 40
0.0
 40
1.0
 40
1.0
 40
1.0
 40
1.0
 10
93.09718999999999
 20
75.937005
 30
0.0
 10
93.17829000000001
 20
75.650165
 30
0.0
 10
93.27082
 20
75.366755
 30
0.0
 10
93.35651
 20
75.083955
 30
0.0
  0
SPLINE
  5
2F1
330
1F
100
AcDbEntity
  8
0
 62
     7
100
AcDbSpline
210
0.0
220
0.0
230
1.0
 70
     8
 71
     3
 72
     8
 73
     4
 74
     0
 42
0.000000001
 43
0.0000000001
 40
0.0
 40
0.0
 40
0.0
 40
0.0
 40
1.0
 40
1.0
 40
1.0
 40
1.0
 10
93.35651
 20
75.083955
 30
0.0
 10
93.45311
 20
74.80324499999998
 30
0.0
 10
93.55737000000001
 20
74.525675
 30
0.0
 10
93.66578999999999
 20
74.25124499999999
 30
0.0
  0
LWPOLYLINE
  5
2F2
330
1F
100
AcDbEntity
  8
0
 62
     7
100
AcDbPolyline
 90
        3
 70
     0
 43
0.0
 10
81.26295999999998
 20
122.823955
 10
81.02321999999999
 20
121.587005
 10
82.17522999999998
 20
122.097125
  0
SPLINE
  5
2F3
330
1F
100
AcDbEntity
  8
0
 62
     7
100
AcDbSpline
210
0.0
220
0.0
230
1.0
 70
     8
 71
     3
 72
     8
 73
     4
 74
     0
 42
0.000000001
 43
0.0000000001
 40
0.0
 40
0.0
 40
0.0
 40
0.0
 40
1.0
 40
1.0
 40
1.0
 40
1.0
 10
93.62779000000001
 20
76.021945
 30
0.0
 10
93.62579
 20
76.60475500000003
 30
0.0
 10
93.63279
 20
77.181275
 30
0.0
 10
93.65219000000001
 20
77.75481500000002
 30
0.0
  0
SPLINE
  5
2F4
330
1F
100
AcDbEntity
  8
0
 62
     7
100
AcDbSpline
210
0.0
220
0.0
230
1.0
 70
     8
 71
     3
 72
     8
 73
     4
 74
     0
 42
0.000000001
 43
0.0000000001
 40
0.0
 40
0.0
 40
0.0
 40
0.0
 40
1.0
 40
1.0
 40
1.0
 40
1.0
 10
93.65219000000001
 20
77.75481500000002
 30
0.0
 10
93.67479000000001
 20
78.042705
 30
0.0
 10
93.67009000000001
 20
78.327155
 30
0.0
 10
93.69149
 20
78.61324499999998
 30
0.0
  0
SPLINE
  5
2F5
330
1F
100
AcDbEntity
  8
0
 62
     7
100
AcDbSpline
210
0.0
220
0.0
230
1.0
 70
     8
 71
     3
 72
     8
 73
     4
 74
     0
 42
0.000000001
 43
0.0000000001
 40
0.0
 40
0.0
 40
0.0
 40
0.0
 40
1.0
 40
1.0
 40
1.0
 40
1.0
 10
93.69149
 20
78.61324499999998
 30
0.0
 10
93.71209
 20
78.89933499999997
 30
0.0
 10
93.72768999999999
 20
79.183335
 30
0.0
 10
93.75218999999999
 20
79.468535
 30
0.0
  0
SPLINE
  5
2F6
330
1F
100
AcDbEntity
  8
0
 62
     7
100
AcDbSpline
210
0.0
220
0.0
230
1.0
 70
     8
 71
     3
 72
     8
 73
     4
 74
     0
 42
0.000000001
 43
0.0000000001
 40
0.0
 40
0.0
 40
0.0
 40
0.0
 40
1.0
 40
1.0
 40
1.0
 40
1.0
 10
93.75218999999999
 20
79.468535
 30
0.0
 10
93.78609
 20
80.03818499999999
 30
0.0
 10
93.85552999999999
 20
80.605735
 30
0.0
 10
93.90967000000001
 20
81.17463499999997
 30
0.0
  0
SPLINE
  5
2F7
330
1F
100
AcDbEntity
  8
0
 62
     7
100
AcDbSpline
210
0.0
220
0.0
230
1.0
 70
     8
 71
     3
 72
     8
 73
     4
 74
     0
 42
0.000000001
 43
0.0000000001
 40
0.0
 40
0.0
 40
0.0
 40
0.0
 40
1.0
 40
1.0
 40
1.0
 40
1.0
 10
93.90967000000001
 20
81.17463499999997
 30
0.0
 10
93.93477
 20
81.413465
 30
0.0
 10
93.96277000000001
 20
81.65230499999998
 30
0.0
 10
93.99137000000001
 20
81.891285
 30
0.0
  0
SPLINE
  5
2F8
330
1F
100
AcDbEntity
  8
0
 62
     7
100
AcDbSpline
210
0.0
220
0.0
230
1.0
 70
     8
 71
     3
 72
     8
 73
     4
 74
     0
 42
0.000000001
 43
0.0000000001
 40
0.0
 40
0.0
 40
0.0
 40
0.0
 40
1.0
 40
1.0
 40
1.0
 40
1.0
 10
93.99137000000001
 20
81.891285
 30
0.0
 10
94.16619999999999
 20
81.29950500000003
 30
0.0
 10
94.35867
 20
80.689185
 30
0.0
 10
94.55817000000001
 20
80.05776500000001
 30
0.0
  0
SPLINE
  5
2F9
330
1F
100
AcDbEntity
  8
0
 62
     7
100
AcDbSpline
210
0.0
220
0.0
230
1.0
 70
     8
 71
     3
 72
     8
 73
     4
 74
     0
 42
0.000000001
 43
0.0000000001
 40
0.0
 40
0.0
 40
0.0
 40
0.0
 40
1.0
 40
1.0
 40
1.0
 40
1.0
 10
94.55817000000001
 20
80.05776500000001
 30
0.0
 10
95.93180999999999
 20
75.710435
 30
0.0
 10
97.64105
 20
70.300075
 30
0.0
 10
96.18695
 20
63.029425
 30
0.0
  0
SPLINE
  5
2FA
330
1F
100
AcDbEntity
  8
0
 62
     7
100
AcDbSpline
210
0.0
220
0.0
230
1.0
 70
     8
 71
     3
 72
     8
 73
     4
 74
     0
 42
0.000000001
 43
0.0000000001
 40
0.0
 40
0.0
 40
0.0
 40
0.0
 40
1.0
 40
1.0
 40
1.0
 40
1.0
 10
96.18695
 20
63.029425
 30
0.0
 10
94.96241000000001
 20
56.90749499999999
 30
0.0
 10
91.13252000000001
 20
51.902425
 30
0.0
 10
87.75338000000003
 20
47.486585
 30
0.0
  0
SPLINE
  5
2FB
330
1F
100
AcDbEntity
  8
0
 62
     7
100
AcDbSpline
210
0.0
220
0.0
230
1.0
 70
     8
 71
     3
 72
     8
 73
     4
 74
     0
 42
0.000000001
 43
0.0000000001
 40
0.0
 40
0.0
 40
0.0
 40
0.0
 40
1.0
 40
1.0
 40
1.0
 40
1.0
 10
87.75338000000003
 20
47.486585
 30
0.0
 10
85.9284
 20
45.101675
 30
0.0
 10
84.24832
 20
42.90459499999999
 30
0.0
 10
83.15299999999998
 20
40.77691399999999
 30
0.0
  0
SPLINE
  5
2FC
330
1F
100
AcDbEntity
  8
0
 62
     7
100
AcDbSpline
210
0.0
220
0.0
230
1.0
 70
     8
 71
     3
 72
     8
 73
     4
 74
     0
 42
0.000000001
 43
0.0000000001
 40
0.0
 40
0.0
 40
0.0
 40
0.0
 40
1.0
 40
1.0
 40
1.0
 40
1.0
 10
83.15299999999998
 20
40.77691399999999
 30
0.0
 10
83.15000000000003
 20
41.172025
 30
0.0
 10
83.15899999999999
 20
41.610215
 30
0.0
 10
83.18800000000001
 20
42.113915
 30
0.0
  0
SPLINE
  5
2FD
330
1F
100
AcDbEntity
  8
0
 62
     7
100
AcDbSpline
210
0.0
220
0.0
230
1.0
 70
     8
 71
     3
 72
     8
 73
     4
 74
     0
 42
0.000000001
 43
0.0000000001
 40
0.0
 40
0.0
 40
0.0
 40
0.0
 40
1.0
 40
1.0
 40
1.0
 40
1.0
 10
83.18800000000001
 20
42.113915
 30
0.0
 10
84.27046
 20
45.911945
 30
0.0
 10
86.4475
 20
48.423385
 30
0.0
 10
87.70180000000001
 20
50.027635
 30
0.0
  0
SPLINE
  5
2FE
330
1F
100
AcDbEntity
  8
0
 62
     7
100
AcDbSpline
210
0.0
220
0.0
230
1.0
 70
     8
 71
     3
 72
     8
 73
     4
 74
     0
 42
0.000000001
 43
0.0000000001
 40
0.0
 40
0.0
 40
0.0
 40
0.0
 40
1.0
 40
1.0
 40
1.0
 40
1.0
 10
87.70180000000001
 20
50.027635
 30
0.0
 10
89.47025
 20
52.289615
 30
0.0
 10
92.71928
 20
56.484565
 30
0.0
 10
93.87083999999999
 20
59.980355
 30
0.0
  0
SPLINE
  5
2FF
330
1F
100
AcDbEntity
  8
0
 62
     7
100
AcDbSpline
210
0.0
220
0.0
230
1.0
 70
     8
 71
     3
 72
     8
 73
     4
 74
     0
 42
0.000000001
 43
0.0000000001
 40
0.0
 40
0.0
 40
0.0
 40
0.0
 40
1.0
 40
1.0
 40
1.0
 40
1.0
 10
93.87083999999999
 20
59.980355
 30
0.0
 10
95.02239000000001
 20
63.47614499999998
 30
0.0
 10
95.92718000000001
 20
67.218695
 30
0.0
 10
94.48774
 20
72.567435
 30
0.0
  0
SPLINE
  5
300
330
1F
100
AcDbEntity
  8
0
 62
     7
100
AcDbSpline
210
0.0
220
0.0
230
1.0
 70
     8
 71
     3
 72
     8
 73
     4
 74
     0
 42
0.000000001
 43
0.0000000001
 40
0.0
 40
0.0
 40
0.0
 40
0.0
 40
1.0
 40
1.0
 40
1.0
 40
1.0
 10
94.48774
 20
72.567435
 30
0.0
 10
94.48774
 20
72.567435
 30
0.0
 10
94.67274000000001
 20
69.583565
 30
0.0
 10
94.40554
 20
67.259815
 30
0.0
  0
SPLINE
  5
301
330
1F
100
AcDbEntity
  8
0
 62
     7
100
AcDbSpline
210
0.0
220
0.0
230
1.0
 70
     8
 71
     3
 72
     8
 73
     4
 74
     0
 42
0.000000001
 43
0.0000000001
 40
0.0
 40
0.0
 40
0.0
 40
0.0
 40
1.0
 40
1.0
 40
1.0
 40
1.0
 10
94.40554
 20
67.259815
 30
0.0
 10
94.38494
 20
68.575885
 30
0.0
 10
93.25397999999999
 20
71.023005
 30
0.0
 10
93.25397999999999
 20
71.023005
 30
0.0
  0
SPLINE
  5
302
330
1F
100
AcDbEntity
  8
0
 62
     7
100
AcDbSpline
210
0.0
220
0.0
230
1.0
 70
     8
 71
     3
 72
     8
 73
     4
 74
     0
 42
0.000000001
 43
0.0000000001
 40
0.0
 40
0.0
 40
0.0
 40
0.0
 40
1.0
 40
1.0
 40
1.0
 40
1.0
 10
93.25397999999999
 20
71.023005
 30
0.0
 10
93.25397999999999
 20
71.023005
 30
0.0
 10
94.05587999999999
 20
66.272925
 30
0.0
 10
93.62413
 20
64.771715
 30
0.0
  0
SPLINE
  5
303
330
1F
100
AcDbEntity
  8
0
 62
     7
100
AcDbSpline
210
0.0
220
0.0
230
1.0
 70
     8
 71
     3
 72
     8
 73
     4
 74
     0
 42
0.000000001
 43
0.0000000001
 40
0.0
 40
0.0
 40
0.0
 40
0.0
 40
1.0
 40
1.0
 40
1.0
 40
1.0
 10
93.62413
 20
64.771715
 30
0.0
 10
93.60353000000001
 20
65.799885
 30
0.0
 10
92.34918999999999
 20
68.53490500000001
 30
0.0
 10
92.34918999999999
 20
68.53490500000001
 30
0.0
  0
SPLINE
  5
304
330
1F
100
AcDbEntity
  8
0
 62
     7
100
AcDbSpline
210
0.0
220
0.0
230
1.0
 70
     8
 71
     3
 72
     8
 73
     4
 74
     0
 42
0.000000001
 43
0.0000000001
 40
0.0
 40
0.0
 40
0.0
 40
0.0
 40
1.0
 40
1.0
 40
1.0
 40
1.0
 10
92.34918999999999
 20
68.53490500000001
 30
0.0
 10
92.34918999999999
 20
68.53490500000001
 30
0.0
 10
93.23335
 20
63.96980500000001
 30
0.0
 10
92.88384
 20
62.489245
 30
0.0
  0
SPLINE
  5
305
330
1F
100
AcDbEntity
  8
0
 62
     7
100
AcDbSpline
210
0.0
220
0.0
230
1.0
 70
     8
 71
     3
 72
     8
 73
     4
 74
     0
 42
0.000000001
 43
0.0000000001
 40
0.0
 40
0.0
 40
0.0
 40
0.0
 40
1.0
 40
1.0
 40
1.0
 40
1.0
 10
92.88384
 20
62.489245
 30
0.0
 10
92.86324
 20
63.681925
 30
0.0
 10
91.46489
 20
66.21115500000001
 30
0.0
 10
91.46489
 20
66.21115500000001
 30
0.0
  0
SPLINE
  5
306
330
1F
100
AcDbEntity
  8
0
 62
     7
100
AcDbSpline
210
0.0
220
0.0
230
1.0
 70
     8
 71
     3
 72
     8
 73
     4
 74
     0
 42
0.000000001
 43
0.0000000001
 40
0.0
 40
0.0
 40
0.0
 40
0.0
 40
1.0
 40
1.0
 40
1.0
 40
1.0
 10
91.46489
 20
66.21115500000001
 30
0.0
 10
91.46489
 20
66.21115500000001
 30
0.0
 10
92.28742999999999
 20
62.324435
 30
0.0
 10
91.95840999999999
 20
60.28887499999999
 30
0.0
  0
SPLINE
  5
307
330
1F
100
AcDbEntity
  8
0
 62
     7
100
AcDbSpline
210
0.0
220
0.0
230
1.0
 70
     8
 71
     3
 72
     8
 73
     4
 74
     0
 42
0.000000001
 43
0.0000000001
 40
0.0
 40
0.0
 40
0.0
 40
0.0
 40
1.0
 40
1.0
 40
1.0
 40
1.0
 10
91.95840999999999
 20
60.28887499999999
 30
0.0
 10
91.93791
 20
61.419945
 30
0.0
 10
91.48552999999999
 20
63.332265
 30
0.0
 10
90.39559
 20
64.64833500000001
 30
0.0
  0
SPLINE
  5
308
330
1F
100
AcDbEntity
  8
0
 62
     7
100
AcDbSpline
210
0.0
220
0.0
230
1.0
 70
     8
 71
     3
 72
     8
 73
     4
 74
     0
 42
0.000000001
 43
0.0000000001
 40
0.0
 40
0.0
 40
0.0
 40
0.0
 40
1.0
 40
1.0
 40
1.0
 40
1.0
 10
90.39559
 20
64.64833500000001
 30
0.0
 10
90.97137
 20
63.722905
 30
0.0
 10
91.32102000000001
 20
60.042115
 30
0.0
 10
90.95072
 20
58.355915
 30
0.0
  0
SPLINE
  5
309
330
1F
100
AcDbEntity
  8
0
 62
     7
100
AcDbSpline
210
0.0
220
0.0
230
1.0
 70
     8
 71
     3
 72
     8
 73
     4
 74
     0
 42
0.000000001
 43
0.0000000001
 40
0.0
 40
0.0
 40
0.0
 40
0.0
 40
1.0
 40
1.0
 40
1.0
 40
1.0
 10
90.95072
 20
58.355915
 30
0.0
 10
90.97132
 20
59.178445
 30
0.0
 10
90.23093000000001
 20
61.728325
 30
0.0
 10
89.28501
 20
62.694875
 30
0.0
  0
SPLINE
  5
30A
330
1F
100
AcDbEntity
  8
0
 62
     7
100
AcDbSpline
210
0.0
220
0.0
230
1.0
 70
     8
 71
     3
 72
     8
 73
     4
 74
     0
 42
0.000000001
 43
0.0000000001
 40
0.0
 40
0.0
 40
0.0
 40
0.0
 40
1.0
 40
1.0
 40
1.0
 40
1.0
 10
89.28501
 20
62.694875
 30
0.0
 10
89.8403
 20
61.111415
 30
0.0
 10
90.39543999999999
 20
58.02689499999999
 30
0.0
 10
89.59354000000002
 20
55.74442499999999
 30
0.0
  0
SPLINE
  5
30B
330
1F
100
AcDbEntity
  8
0
 62
     7
100
AcDbSpline
210
0.0
220
0.0
230
1.0
 70
     8
 71
     3
 72
     8
 73
     4
 74
     0
 42
0.000000001
 43
0.0000000001
 40
0.0
 40
0.0
 40
0.0
 40
0.0
 40
1.0
 40
1.0
 40
1.0
 40
1.0
 10
89.59354000000002
 20
55.74442499999999
 30
0.0
 10
89.75804000000001
 20
57.081125
 30
0.0
 10
89.2234
 20
59.54874499999998
 30
0.0
 10
88.09233
 20
60.864655
 30
0.0
  0
SPLINE
  5
30C
330
1F
100
AcDbEntity
  8
0
 62
     7
100
AcDbSpline
210
0.0
220
0.0
230
1.0
 70
     8
 71
     3
 72
     8
 73
     4
 74
     0
 42
0.000000001
 43
0.0000000001
 40
0.0
 40
0.0
 40
0.0
 40
0.0
 40
1.0
 40
1.0
 40
1.0
 40
1.0
 10
88.09233
 20
60.864655
 30
0.0
 10
88.58584999999997
 20
59.486975
 30
0.0
 10
88.75035999999999
 20
56.813725
 30
0.0
 10
88.23635000000001
 20
54.01709499999999
 30
0.0
  0
SPLINE
  5
30D
330
1F
100
AcDbEntity
  8
0
 62
     7
100
AcDbSpline
210
0.0
220
0.0
230
1.0
 70
     8
 71
     3
 72
     8
 73
     4
 74
     0
 42
0.000000001
 43
0.0000000001
 40
0.0
 40
0.0
 40
0.0
 40
0.0
 40
1.0
 40
1.0
 40
1.0
 40
1.0
 10
88.23635000000001
 20
54.01709499999999
 30
0.0
 10
88.33924000000001
 20
55.045265
 30
0.0
 10
88.01007
 20
58.417675
 30
0.0
 10
86.87915999999999
 20
59.528105
 30
0.0
  0
SPLINE
  5
30E
330
1F
100
AcDbEntity
  8
0
 62
     7
100
AcDbSpline
210
0.0
220
0.0
230
1.0
 70
     8
 71
     3
 72
     8
 73
     4
 74
     0
 42
0.000000001
 43
0.0000000001
 40
0.0
 40
0.0
 40
0.0
 40
0.0
 40
1.0
 40
1.0
 40
1.0
 40
1.0
 10
86.87915999999999
 20
59.528105
 30
0.0
 10
87.48229999999997
 20
57.77340500000001
 30
0.0
 10
87.34531
 20
54.78474499999999
 30
0.0
 10
86.65976999999998
 20
52.207505
 30
0.0
  0
SPLINE
  5
30F
330
1F
100
AcDbEntity
  8
0
 62
     7
100
AcDbSpline
210
0.0
220
0.0
230
1.0
 70
     8
 71
     3
 72
     8
 73
     4
 74
     0
 42
0.000000001
 43
0.0000000001
 40
0.0
 40
0.0
 40
0.0
 40
0.0
 40
1.0
 40
1.0
 40
1.0
 40
1.0
 10
86.65976999999998
 20
52.207505
 30
0.0
 10
86.74207
 20
52.838175
 30
0.0
 10
86.63237
 20
55.881565
 30
0.0
 10
85.45333000000002
 20
57.96527499999999
 30
0.0
  0
SPLINE
  5
310
330
1F
100
AcDbEntity
  8
0
 62
     7
100
AcDbSpline
210
0.0
220
0.0
230
1.0
 70
     8
 71
     3
 72
     8
 73
     4
 74
     0
 42
0.000000001
 43
0.0000000001
 40
0.0
 40
0.0
 40
0.0
 40
0.0
 40
1.0
 40
1.0
 40
1.0
 40
1.0
 10
85.45333000000002
 20
57.96527499999999
 30
0.0
 10
86.05646999999997
 20
54.59286500000001
 30
0.0
 10
85.06943000000003
 20
50.754305
 30
0.0
 10
85.06943000000003
 20
50.754305
 30
0.0
  0
SPLINE
  5
311
330
1F
100
AcDbEntity
  8
0
 62
     7
100
AcDbSpline
210
0.0
220
0.0
230
1.0
 70
     8
 71
     3
 72
     8
 73
     4
 74
     0
 42
0.000000001
 43
0.0000000001
 40
0.0
 40
0.0
 40
0.0
 40
0.0
 40
1.0
 40
1.0
 40
1.0
 40
1.0
 10
85.06943000000003
 20
50.754305
 30
0.0
 10
85.06943000000003
 20
50.754305
 30
0.0
 10
84.7953
 20
54.09934499999999
 30
0.0
 10
84.27424999999997
 20
55.30563499999999
 30
0.0
  0
SPLINE
  5
312
330
1F
100
AcDbEntity
  8
0
 62
     7
100
AcDbSpline
210
0.0
220
0.0
230
1.0
 70
     8
 71
     3
 72
     8
 73
     4
 74
     0
 42
0.000000001
 43
0.0000000001
 40
0.0
 40
0.0
 40
0.0
 40
0.0
 40
1.0
 40
1.0
 40
1.0
 40
1.0
 10
84.27424999999997
 20
55.30563499999999
 30
0.0
 10
84.43876000000001
 20
54.126715
 30
0.0
 10
83.45170999999998
 20
49.492985
 30
0.0
 10
83.45170999999998
 20
49.492985
 30
0.0
  0
SPLINE
  5
313
330
1F
100
AcDbEntity
  8
0
 62
     7
100
AcDbSpline
210
0.0
220
0.0
230
1.0
 70
     8
 71
     3
 72
     8
 73
     4
 74
     0
 42
0.000000001
 43
0.0000000001
 40
0.0
 40
0.0
 40
0.0
 40
0.0
 40
1.0
 40
1.0
 40
1.0
 40
1.0
 10
83.45170999999998
 20
49.492985
 30
0.0
 10
83.45170999999998
 20
49.492985
 30
0.0
 10
82.32753
 20
51.68646500000001
 30
0.0
 10
83.04045
 20
53.687925
 30
0.0
  0
SPLINE
  5
314
330
1F
100
AcDbEntity
  8
0
 62
     7
100
AcDbSpline
210
0.0
220
0.0
230
1.0
 70
     8
 71
     3
 72
     8
 73
     4
 74
     0
 42
0.000000001
 43
0.0000000001
 40
0.0
 40
0.0
 40
0.0
 40
0.0
 40
1.0
 40
1.0
 40
1.0
 40
1.0
 10
83.04045
 20
53.687925
 30
0.0
 10
83.75336
 20
55.68938499999998
 30
0.0
 10
83.56134
 20
57.197475
 30
0.0
 10
83.56134
 20
57.197475
 30
0.0
  0
SPLINE
  5
315
330
1F
100
AcDbEntity
  8
0
 62
     7
100
AcDbSpline
210
0.0
220
0.0
230
1.0
 70
     8
 71
     3
 72
     8
 73
     4
 74
     0
 42
0.000000001
 43
0.0000000001
 40
0.0
 40
0.0
 40
0.0
 40
0.0
 40
1.0
 40
1.0
 40
1.0
 40
1.0
 10
83.56134
 20
57.197475
 30
0.0
 10
83.56134
 20
57.197475
 30
0.0
 10
83.12269999999998
 20
55.223385
 30
0.0
 10
82.38241999999997
 20
54.071835
 30
0.0
  0
SPLINE
  5
316
330
1F
100
AcDbEntity
  8
0
 62
     7
100
AcDbSpline
210
0.0
220
0.0
230
1.0
 70
     8
 71
     3
 72
     8
 73
     4
 74
     0
 42
0.000000001
 43
0.0000000001
 40
0.0
 40
0.0
 40
0.0
 40
0.0
 40
1.0
 40
1.0
 40
1.0
 40
1.0
 10
82.38241999999997
 20
54.071835
 30
0.0
 10
81.64213000000001
 20
52.92027499999999
 30
0.0
 10
81.01146999999997
 20
51.275195
 30
0.0
 10
80.62772
 20
48.259175
 30
0.0
  0
SPLINE
  5
317
330
1F
100
AcDbEntity
  8
0
 62
     7
100
AcDbSpline
210
0.0
220
0.0
230
1.0
 70
     8
 71
     3
 72
     8
 73
     4
 74
     0
 42
0.000000001
 43
0.0000000001
 40
0.0
 40
0.0
 40
0.0
 40
0.0
 40
1.0
 40
1.0
 40
1.0
 40
1.0
 10
80.62772
 20
48.259175
 30
0.0
 10
80.58972
 20
47.960815
 30
0.0
 10
80.4976
 20
47.56285499999999
 30
0.0
 10
80.36794
 20
47.091465
 30
0.0
  0
SPLINE
  5
318
330
1F
100
AcDbEntity
  8
0
 62
     7
100
AcDbSpline
210
0.0
220
0.0
230
1.0
 70
     8
 71
     3
 72
     8
 73
     4
 74
     0
 42
0.000000001
 43
0.0000000001
 40
0.0
 40
0.0
 40
0.0
 40
0.0
 40
1.0
 40
1.0
 40
1.0
 40
1.0
 10
80.36794
 20
47.091465
 30
0.0
 10
80.35434
 20
47.14456499999999
 30
0.0
 10
80.33984
 20
47.198995
 30
0.0
 10
80.32594000000001
 20
47.252685
 30
0.0
  0
SPLINE
  5
319
330
1F
100
AcDbEntity
  8
0
 62
     7
100
AcDbSpline
210
0.0
220
0.0
230
1.0
 70
     8
 71
     3
 72
     8
 73
     4
 74
     0
 42
0.000000001
 43
0.0000000001
 40
0.0
 40
0.0
 40
0.0
 40
0.0
 40
1.0
 40
1.0
 40
1.0
 40
1.0
 10
80.32594000000001
 20
47.252685
 30
0.0
 10
80.27554
 20
49.014265
 30
0.0
 10
80.50316
 20
52.03701500000001
 30
0.0
 10
80.57299999999997
 20
53.08478499999999
 30
0.0
  0
SPLINE
  5
31A
330
1F
100
AcDbEntity
  8
0
 62
     7
100
AcDbSpline
210
0.0
220
0.0
230
1.0
 70
     8
 71
     3
 72
     8
 73
     4
 74
     0
 42
0.000000001
 43
0.0000000001
 40
0.0
 40
0.0
 40
0.0
 40
0.0
 40
1.0
 40
1.0
 40
1.0
 40
1.0
 10
80.57299999999997
 20
53.08478499999999
 30
0.0
 10
80.65519999999997
 20
54.31859499999998
 30
0.0
 10
80.38111999999998
 20
54.28434499999998
 30
0.0
 10
80.31935
 20
55.723785
 30
0.0
  0
SPLINE
  5
31B
330
1F
100
AcDbEntity
  8
0
 62
     7
100
AcDbSpline
210
0.0
220
0.0
230
1.0
 70
     8
 71
     3
 72
     8
 73
     4
 74
     0
 42
0.000000001
 43
0.0000000001
 40
0.0
 40
0.0
 40
0.0
 40
0.0
 40
1.0
 40
1.0
 40
1.0
 40
1.0
 10
80.31935
 20
55.723785
 30
0.0
 10
80.25755
 20
57.163225
 30
0.0
 10
79.90808
 20
57.841895
 30
0.0
 10
79.57907
 20
59.548595
 30
0.0
  0
SPLINE
  5
31C
330
1F
100
AcDbEntity
  8
0
 62
     7
100
AcDbSpline
210
0.0
220
0.0
230
1.0
 70
     8
 71
     3
 72
     8
 73
     4
 74
     0
 42
0.000000001
 43
0.0000000001
 40
0.0
 40
0.0
 40
0.0
 40
0.0
 40
1.0
 40
1.0
 40
1.0
 40
1.0
 10
79.57907
 20
59.548595
 30
0.0
 10
80.64837
 20
58.458805
 30
0.0
 10
81.05964
 20
56.895975
 30
0.0
 10
81.24479
 20
55.292025
 30
0.0
  0
SPLINE
  5
31D
330
1F
100
AcDbEntity
  8
0
 62
     7
100
AcDbSpline
210
0.0
220
0.0
230
1.0
 70
     8
 71
     3
 72
     8
 73
     4
 74
     0
 42
0.000000001
 43
0.0000000001
 40
0.0
 40
0.0
 40
0.0
 40
0.0
 40
1.0
 40
1.0
 40
1.0
 40
1.0
 10
81.24479
 20
55.292025
 30
0.0
 10
81.59429000000001
 20
56.525835
 30
0.0
 10
81.55331
 20
58.643795
 30
0.0
 10
80.52499
 20
60.309515
 30
0.0
  0
SPLINE
  5
31E
330
1F
100
AcDbEntity
  8
0
 62
     7
100
AcDbSpline
210
0.0
220
0.0
230
1.0
 70
     8
 71
     3
 72
     8
 73
     4
 74
     0
 42
0.000000001
 43
0.0000000001
 40
0.0
 40
0.0
 40
0.0
 40
0.0
 40
1.0
 40
1.0
 40
1.0
 40
1.0
 10
80.52499
 20
60.309515
 30
0.0
 10
82.10829999999999
 20
59.507615
 30
0.0
 10
82.43731999999999
 20
57.57449499999999
 30
0.0
 10
82.43731999999999
 20
57.57449499999999
 30
0.0
  0
LWPOLYLINE
  5
31F
330
1F
100
AcDbEntity
  8
0
 62
     7
100
AcDbPolyline
 90
        4
 70
     0
 43
0.0
 10
93.66578999999999
 20
74.25124499999999
 10
93.65878999999999
 20
74.700655
 10
93.64159
 20
75.143175
 10
93.62779000000001
 20
76.021945
  0
SPLINE
  5
320
330
1F
100
AcDbEntity
  8
0
 62
     7
100
AcDbSpline
210
0.0
220
0.0
230
1.0
 70
     8
 71
     3
 72
     8
 73
     4
 74
     0
 42
0.000000001
 43
0.0000000001
 40
0.0
 40
0.0
 40
0.0
 40
0.0
 40
1.0
 40
1.0
 40
1.0
 40
1.0
 10
82.65416999999997
 20
61.440425
 30
0.0
 10
82.65416999999997
 20
61.440425
 30
0.0
 10
82.82810000000003
 20
60.638535
 30
0.0
 10
83.23936999999999
 20
60.16549499999999
 30
0.0
  0
SPLINE
  5
321
330
1F
100
AcDbEntity
  8
0
 62
     7
100
AcDbSpline
210
0.0
220
0.0
230
1.0
 70
     8
 71
     3
 72
     8
 73
     4
 74
     0
 42
0.000000001
 43
0.0000000001
 40
0.0
 40
0.0
 40
0.0
 40
0.0
 40
1.0
 40
1.0
 40
1.0
 40
1.0
 10
83.23936999999999
 20
60.16549499999999
 30
0.0
 10
83.73288999999997
 20
61.46106500000001
 30
0.0
 10
86.98192
 20
63.455645
 30
0.0
 10
88.42135999999998
 20
65.902625
 30
0.0
  0
SPLINE
  5
322
330
1F
100
AcDbEntity
  8
0
 62
     7
100
AcDbSpline
210
0.0
220
0.0
230
1.0
 70
     8
 71
     3
 72
     8
 73
     4
 74
     0
 42
0.000000001
 43
0.0000000001
 40
0.0
 40
0.0
 40
0.0
 40
0.0
 40
1.0
 40
1.0
 40
1.0
 40
1.0
 10
88.42135999999998
 20
65.902625
 30
0.0
 10
89.39943000000003
 20
67.56535500000001
 30
0.0
 10
89.53867
 20
70.522605
 30
0.0
 10
89.63452999999999
 20
71.564385
 30
0.0
  0
SPLINE
  5
323
330
1F
100
AcDbEntity
  8
0
 62
     7
100
AcDbSpline
210
0.0
220
0.0
230
1.0
 70
     8
 71
     3
 72
     8
 73
     4
 74
     0
 42
0.000000001
 43
0.0000000001
 40
0.0
 40
0.0
 40
0.0
 40
0.0
 40
1.0
 40
1.0
 40
1.0
 40
1.0
 10
89.63452999999999
 20
71.564385
 30
0.0
 10
89.73053
 20
72.60631500000002
 30
0.0
 10
90.22406999999999
 20
73.15457499999998
 30
0.0
 10
90.89570999999999
 20
73.34660500000002
 30
0.0
  0
SPLINE
  5
324
330
1F
100
AcDbEntity
  8
0
 62
     7
100
AcDbSpline
210
0.0
220
0.0
230
1.0
 70
     8
 71
     3
 72
     8
 73
     4
 74
     0
 42
0.000000001
 43
0.0000000001
 40
0.0
 40
0.0
 40
0.0
 40
0.0
 40
1.0
 40
1.0
 40
1.0
 40
1.0
 10
90.89570999999999
 20
73.34660500000002
 30
0.0
 10
91.5675
 20
73.538475
 30
0.0
 10
92.50175
 20
74.052495
 30
0.0
 10
92.0335
 20
74.553045
 30
0.0
  0
SPLINE
  5
325
330
1F
100
AcDbEntity
  8
0
 62
     7
100
AcDbSpline
210
0.0
220
0.0
230
1.0
 70
     8
 71
     3
 72
     8
 73
     4
 74
     0
 42
0.000000001
 43
0.0000000001
 40
0.0
 40
0.0
 40
0.0
 40
0.0
 40
1.0
 40
1.0
 40
1.0
 40
1.0
 10
92.0335
 20
74.553045
 30
0.0
 10
91.03958
 20
75.615465
 30
0.0
 10
89.75776000000001
 20
73.88125500000002
 30
0.0
 10
89.28487999999999
 20
72.791465
 30
0.0
  0
SPLINE
  5
326
330
1F
100
AcDbEntity
  8
0
 62
     7
100
AcDbSpline
210
0.0
220
0.0
230
1.0
 70
     8
 71
     3
 72
     8
 73
     4
 74
     0
 42
0.000000001
 43
0.0000000001
 40
0.0
 40
0.0
 40
0.0
 40
0.0
 40
1.0
 40
1.0
 40
1.0
 40
1.0
 10
89.28487999999999
 20
72.791465
 30
0.0
 10
88.81199
 20
71.701525
 30
0.0
 10
88.81199
 20
70.39234499999998
 30
0.0
 10
88.27733999999997
 20
68.52114499999998
 30
0.0
  0
SPLINE
  5
327
330
1F
100
AcDbEntity
  8
0
 62
     7
100
AcDbSpline
210
0.0
220
0.0
230
1.0
 70
     8
 71
     3
 72
     8
 73
     4
 74
     0
 42
0.000000001
 43
0.0000000001
 40
0.0
 40
0.0
 40
0.0
 40
0.0
 40
1.0
 40
1.0
 40
1.0
 40
1.0
 10
88.27733999999997
 20
68.52114499999998
 30
0.0
 10
87.74269
 20
66.649795
 30
0.0
 10
86.7694
 20
65.217225
 30
0.0
 10
84.63079999999997
 20
63.695535
 30
0.0
  0
SPLINE
  5
328
330
1F
100
AcDbEntity
  8
0
 62
     7
100
AcDbSpline
210
0.0
220
0.0
230
1.0
 70
     8
 71
     3
 72
     8
 73
     4
 74
     0
 42
0.000000001
 43
0.0000000001
 40
0.0
 40
0.0
 40
0.0
 40
0.0
 40
1.0
 40
1.0
 40
1.0
 40
1.0
 10
84.63079999999997
 20
63.695535
 30
0.0
 10
81.73531999999999
 20
61.63529499999999
 30
0.0
 10
78.98265999999998
 20
61.282805
 30
0.0
 10
78.16011
 20
61.748805
 30
0.0
  0
SPLINE
  5
329
330
1F
100
AcDbEntity
  8
0
 62
     7
100
AcDbSpline
210
0.0
220
0.0
230
1.0
 70
     8
 71
     3
 72
     8
 73
     4
 74
     0
 42
0.000000001
 43
0.0000000001
 40
0.0
 40
0.0
 40
0.0
 40
0.0
 40
1.0
 40
1.0
 40
1.0
 40
1.0
 10
78.16011
 20
61.748805
 30
0.0
 10
77.03174
 20
62.38829499999999
 30
0.0
 10
75.05495999999998
 20
65.696995
 30
0.0
 10
73.7389
 20
67.19819499999998
 30
0.0
  0
SPLINE
  5
32A
330
1F
100
AcDbEntity
  8
0
 62
     7
100
AcDbSpline
210
0.0
220
0.0
230
1.0
 70
     8
 71
     3
 72
     8
 73
     4
 74
     0
 42
0.000000001
 43
0.0000000001
 40
0.0
 40
0.0
 40
0.0
 40
0.0
 40
1.0
 40
1.0
 40
1.0
 40
1.0
 10
73.7389
 20
67.19819499999998
 30
0.0
 10
74.21178000000002
 20
66.601935
 30
0.0
 10
74.62305
 20
65.10072499999999
 30
0.0
 10
75.71299
 20
63.27050500000001
 30
0.0
  0
SPLINE
  5
32B
330
1F
100
AcDbEntity
  8
0
 62
     7
100
AcDbSpline
210
0.0
220
0.0
230
1.0
 70
     8
 71
     3
 72
     8
 73
     4
 74
     0
 42
0.000000001
 43
0.0000000001
 40
0.0
 40
0.0
 40
0.0
 40
0.0
 40
1.0
 40
1.0
 40
1.0
 40
1.0
 10
75.71299
 20
63.27050500000001
 30
0.0
 10
76.80293
 20
61.440425
 30
0.0
 10
77.46096
 20
59.486825
 30
0.0
 10
77.87223
 20
57.574355
 30
0.0
  0
SPLINE
  5
32C
330
1F
100
AcDbEntity
  8
0
 62
     7
100
AcDbSpline
210
0.0
220
0.0
230
1.0
 70
     8
 71
     3
 72
     8
 73
     4
 74
     0
 42
0.000000001
 43
0.0000000001
 40
0.0
 40
0.0
 40
0.0
 40
0.0
 40
1.0
 40
1.0
 40
1.0
 40
1.0
 10
77.87223
 20
57.574355
 30
0.0
 10
78.2835
 20
55.662025
 30
0.0
 10
79.10604000000002
 20
55.127375
 30
0.0
 10
79.16764999999998
 20
53.685685
 30
0.0
  0
SPLINE
  5
32D
330
1F
100
AcDbEntity
  8
0
 62
     7
100
AcDbSpline
210
0.0
220
0.0
230
1.0
 70
     8
 71
     3
 72
     8
 73
     4
 74
     0
 42
0.000000001
 43
0.0000000001
 40
0.0
 40
0.0
 40
0.0
 40
0.0
 40
1.0
 40
1.0
 40
1.0
 40
1.0
 10
79.16764999999998
 20
53.685685
 30
0.0
 10
79.22374999999998
 20
52.374115
 30
0.0
 10
79.61452
 20
52.224405
 30
0.0
 10
79.60195
 20
49.77159499999999
 30
0.0
  0
SPLINE
  5
32E
330
1F
100
AcDbEntity
  8
0
 62
     7
100
AcDbSpline
210
0.0
220
0.0
230
1.0
 70
     8
 71
     3
 72
     8
 73
     4
 74
     0
 42
0.000000001
 43
0.0000000001
 40
0.0
 40
0.0
 40
0.0
 40
0.0
 40
1.0
 40
1.0
 40
1.0
 40
1.0
 10
79.60195
 20
49.77159499999999
 30
0.0
 10
79.36012999999999
 20
50.531925
 30
0.0
 10
79.09572
 20
51.286865
 30
0.0
 10
78.81052
 20
51.988865
 30
0.0
  0
SPLINE
  5
32F
330
1F
100
AcDbEntity
  8
0
 62
     7
100
AcDbSpline
210
0.0
220
0.0
230
1.0
 70
     8
 71
     3
 72
     8
 73
     4
 74
     0
 42
0.000000001
 43
0.0000000001
 40
0.0
 40
0.0
 40
0.0
 40
0.0
 40
1.0
 40
1.0
 40
1.0
 40
1.0
 10
78.81052
 20
51.988865
 30
0.0
 10
78.46535
 20
52.838625
 30
0.0
 10
78.16818999999998
 20
53.56469499999999
 30
0.0
 10
77.90468
 20
54.209115
 30
0.0
  0
SPLINE
  5
330
330
1F
100
AcDbEntity
  8
0
 62
     7
100
AcDbSpline
210
0.0
220
0.0
230
1.0
 70
     8
 71
     3
 72
     8
 73
     4
 74
     0
 42
0.000000001
 43
0.0000000001
 40
0.0
 40
0.0
 40
0.0
 40
0.0
 40
1.0
 40
1.0
 40
1.0
 40
1.0
 10
77.90468
 20
54.209115
 30
0.0
 10
77.08274
 20
56.218055
 30
0.0
 10
76.58667
 20
57.430625
 30
0.0
 10
75.96753000000003
 20
59.123265
 30
0.0
  0
SPLINE
  5
331
330
1F
100
AcDbEntity
  8
0
 62
     7
100
AcDbSpline
210
0.0
220
0.0
230
1.0
 70
     8
 71
     3
 72
     8
 73
     4
 74
     0
 42
0.000000001
 43
0.0000000001
 40
0.0
 40
0.0
 40
0.0
 40
0.0
 40
1.0
 40
1.0
 40
1.0
 40
1.0
 10
75.96753000000003
 20
59.123265
 30
0.0
 10
74.96956
 20
61.85109499999999
 30
0.0
 10
72.67528
 20
64.30929499999999
 30
0.0
 10
68.95381
 20
66.638425
 30
0.0
  0
LWPOLYLINE
  5
332
330
1F
100
AcDbEntity
  8
0
 62
     7
100
AcDbPolyline
 90
        2
 70
     0
 43
0.0
 10
82.43731999999999
 20
57.57449499999999
 10
82.65416999999997
 20
61.440425
  0
SPLINE
  5
333
330
1F
100
AcDbEntity
  8
0
 62
     7
100
AcDbSpline
210
0.0
220
0.0
230
1.0
 70
     8
 71
     3
 72
     8
 73
     4
 74
     0
 42
0.000000001
 43
0.0000000001
 40
0.0
 40
0.0
 40
0.0
 40
0.0
 40
1.0
 40
1.0
 40
1.0
 40
1.0
 10
68.95281
 20
66.636425
 30
0.0
 10
67.78465
 20
67.434285
 30
0.0
 10
66.01604
 20
68.830655
 30
0.0
 10
64.77356
 20
69.748165
 30
0.0
  0
SPLINE
  5
334
330
1F
100
AcDbEntity
  8
0
 62
     7
100
AcDbSpline
210
0.0
220
0.0
230
1.0
 70
     8
 71
     3
 72
     8
 73
     4
 74
     0
 42
0.000000001
 43
0.0000000001
 40
0.0
 40
0.0
 40
0.0
 40
0.0
 40
1.0
 40
1.0
 40
1.0
 40
1.0
 10
64.77356
 20
69.748165
 30
0.0
 10
63.43685999999999
 20
70.735205
 30
0.0
 10
61.21615999999999
 20
72.133525
 30
0.0
 10
59.69431
 20
72.27754499999997
 30
0.0
  0
SPLINE
  5
335
330
1F
100
AcDbEntity
  8
0
 62
     7
100
AcDbSpline
210
0.0
220
0.0
230
1.0
 70
     8
 71
     3
 72
     8
 73
     4
 74
     0
 42
0.000000001
 43
0.0000000001
 40
0.0
 40
0.0
 40
0.0
 40
0.0
 40
1.0
 40
1.0
 40
1.0
 40
1.0
 10
59.69431
 20
72.27754499999997
 30
0.0
 10
62.42933
 20
70.920355
 30
0.0
 10
62.59384
 20
70.241685
 30
0.0
 10
62.40868999999999
 20
69.91267499999999
 30
0.0
  0
SPLINE
  5
336
330
1F
100
AcDbEntity
  8
0
 62
     7
100
AcDbSpline
210
0.0
220
0.0
230
1.0
 70
     8
 71
     3
 72
     8
 73
     4
 74
     0
 42
0.000000001
 43
0.0000000001
 40
0.0
 40
0.0
 40
0.0
 40
0.0
 40
1.0
 40
1.0
 40
1.0
 40
1.0
 10
62.40868999999999
 20
69.91267499999999
 30
0.0
 10
62.22369
 20
69.58365500000001
 30
0.0
 10
60.29071999999999
 20
69.66591499999998
 30
0.0
 10
60.29071999999999
 20
69.66591499999998
 30
0.0
  0
SPLINE
  5
337
330
1F
100
AcDbEntity
  8
0
 62
     7
100
AcDbSpline
210
0.0
220
0.0
230
1.0
 70
     8
 71
     3
 72
     8
 73
     4
 74
     0
 42
0.000000001
 43
0.0000000001
 40
0.0
 40
0.0
 40
0.0
 40
0.0
 40
1.0
 40
1.0
 40
1.0
 40
1.0
 10
60.29071999999999
 20
69.66591499999998
 30
0.0
 10
60.29071999999999
 20
69.66591499999998
 30
0.0
 10
62.77883
 20
68.863855
 30
0.0
 10
64.03328000000001
 20
68.205825
 30
0.0
  0
SPLINE
  5
338
330
1F
100
AcDbEntity
  8
0
 62
     7
100
AcDbSpline
210
0.0
220
0.0
230
1.0
 70
     8
 71
     3
 72
     8
 73
     4
 74
     0
 42
0.000000001
 43
0.0000000001
 40
0.0
 40
0.0
 40
0.0
 40
0.0
 40
1.0
 40
1.0
 40
1.0
 40
1.0
 10
64.03328000000001
 20
68.205825
 30
0.0
 10
65.28772
 20
67.54779499999999
 30
0.0
 10
66.68335
 20
66.91040500000001
 30
0.0
 10
66.68335
 20
66.91040500000001
 30
0.0
  0
SPLINE
  5
339
330
1F
100
AcDbEntity
  8
0
 62
     7
100
AcDbSpline
210
0.0
220
0.0
230
1.0
 70
     8
 71
     3
 72
     8
 73
     4
 74
     0
 42
0.000000001
 43
0.0000000001
 40
0.0
 40
0.0
 40
0.0
 40
0.0
 40
1.0
 40
1.0
 40
1.0
 40
1.0
 10
66.68335
 20
66.91040500000001
 30
0.0
 10
66.68335
 20
66.91040500000001
 30
0.0
 10
65.14369999999999
 20
66.972005
 30
0.0
 10
63.33412
 20
67.79456500000001
 30
0.0
  0
SPLINE
  5
33A
330
1F
100
AcDbEntity
  8
0
 62
     7
100
AcDbSpline
210
0.0
220
0.0
230
1.0
 70
     8
 71
     3
 72
     8
 73
     4
 74
     0
 42
0.000000001
 43
0.0000000001
 40
0.0
 40
0.0
 40
0.0
 40
0.0
 40
1.0
 40
1.0
 40
1.0
 40
1.0
 10
63.33412
 20
67.79456500000001
 30
0.0
 10
61.52453000000001
 20
68.61709499999999
 30
0.0
 10
58.87177
 20
68.987235
 30
0.0
 10
57.61748
 20
68.678865
 30
0.0
  0
SPLINE
  5
33B
330
1F
100
AcDbEntity
  8
0
 62
     7
100
AcDbSpline
210
0.0
220
0.0
230
1.0
 70
     8
 71
     3
 72
     8
 73
     4
 74
     0
 42
0.000000001
 43
0.0000000001
 40
0.0
 40
0.0
 40
0.0
 40
0.0
 40
1.0
 40
1.0
 40
1.0
 40
1.0
 10
57.61748
 20
68.678865
 30
0.0
 10
60.39362
 20
68.30872499999999
 30
0.0
 10
63.10785
 20
66.108355
 30
0.0
 10
63.72475
 20
65.67659499999999
 30
0.0
  0
SPLINE
  5
33C
330
1F
100
AcDbEntity
  8
0
 62
     7
100
AcDbSpline
210
0.0
220
0.0
230
1.0
 70
     8
 71
     3
 72
     8
 73
     4
 74
     0
 42
0.000000001
 43
0.0000000001
 40
0.0
 40
0.0
 40
0.0
 40
0.0
 40
1.0
 40
1.0
 40
1.0
 40
1.0
 10
63.72475
 20
65.67659499999999
 30
0.0
 10
64.34166000000001
 20
65.24468500000001
 30
0.0
 10
66.37736
 20
64.819805
 30
0.0
 10
66.37736
 20
64.819805
 30
0.0
  0
SPLINE
  5
33D
330
1F
100
AcDbEntity
  8
0
 62
     7
100
AcDbSpline
210
0.0
220
0.0
230
1.0
 70
     8
 71
     3
 72
     8
 73
     4
 74
     0
 42
0.000000001
 43
0.0000000001
 40
0.0
 40
0.0
 40
0.0
 40
0.0
 40
1.0
 40
1.0
 40
1.0
 40
1.0
 10
66.37736
 20
64.819805
 30
0.0
 10
66.37736
 20
64.819805
 30
0.0
 10
64.81454000000001
 20
65.55321500000001
 30
0.0
 10
63.68363000000001
 20
66.704775
 30
0.0
  0
SPLINE
  5
33E
330
1F
100
AcDbEntity
  8
0
 62
     7
100
AcDbSpline
210
0.0
220
0.0
230
1.0
 70
     8
 71
     3
 72
     8
 73
     4
 74
     0
 42
0.000000001
 43
0.0000000001
 40
0.0
 40
0.0
 40
0.0
 40
0.0
 40
1.0
 40
1.0
 40
1.0
 40
1.0
 10
63.68363000000001
 20
66.704775
 30
0.0
 10
65.73593000000001
 20
66.190605
 30
0.0
 10
67.44906
 20
66.046595
 30
0.0
 10
68.27159
 20
65.511945
 30
0.0
  0
SPLINE
  5
33F
330
1F
100
AcDbEntity
  8
0
 62
     7
100
AcDbSpline
210
0.0
220
0.0
230
1.0
 70
     8
 71
     3
 72
     8
 73
     4
 74
     0
 42
0.000000001
 43
0.0000000001
 40
0.0
 40
0.0
 40
0.0
 40
0.0
 40
1.0
 40
1.0
 40
1.0
 40
1.0
 10
68.27159
 20
65.511945
 30
0.0
 10
68.28548999999999
 20
65.50294499999999
 30
0.0
 10
68.29928999999999
 20
65.49514499999999
 30
0.0
 10
68.31299
 20
65.48654499999999
 30
0.0
  0
SPLINE
  5
340
330
1F
100
AcDbEntity
  8
0
 62
     7
100
AcDbSpline
210
0.0
220
0.0
230
1.0
 70
     8
 71
     3
 72
     8
 73
     4
 74
     0
 42
0.000000001
 43
0.0000000001
 40
0.0
 40
0.0
 40
0.0
 40
0.0
 40
1.0
 40
1.0
 40
1.0
 40
1.0
 10
68.31299
 20
65.48654499999999
 30
0.0
 10
71.74253
 20
63.329855
 30
0.0
 10
73.84329
 20
61.100175
 30
0.0
 10
74.73193000000001
 20
58.671445
 30
0.0
  0
SPLINE
  5
341
330
1F
100
AcDbEntity
  8
0
 62
     7
100
AcDbSpline
210
0.0
220
0.0
230
1.0
 70
     8
 71
     3
 72
     8
 73
     4
 74
     0
 42
0.000000001
 43
0.0000000001
 40
0.0
 40
0.0
 40
0.0
 40
0.0
 40
1.0
 40
1.0
 40
1.0
 40
1.0
 10
74.73193000000001
 20
58.671445
 30
0.0
 10
75.35975999999998
 20
56.95547499999999
 30
0.0
 10
75.85941
 20
55.734235
 30
0.0
 10
76.68703999999998
 20
53.710935
 30
0.0
  0
SPLINE
  5
342
330
1F
100
AcDbEntity
  8
0
 62
     7
100
AcDbSpline
210
0.0
220
0.0
230
1.0
 70
     8
 71
     3
 72
     8
 73
     4
 74
     0
 42
0.000000001
 43
0.0000000001
 40
0.0
 40
0.0
 40
0.0
 40
0.0
 40
1.0
 40
1.0
 40
1.0
 40
1.0
 10
76.68703999999998
 20
53.710935
 30
0.0
 10
76.9501
 20
53.067565
 30
0.0
 10
77.24696
 20
52.34237499999998
 30
0.0
 10
77.59168000000002
 20
51.493665
 30
0.0
  0
SPLINE
  5
343
330
1F
100
AcDbEntity
  8
0
 62
     7
100
AcDbSpline
210
0.0
220
0.0
230
1.0
 70
     8
 71
     3
 72
     8
 73
     4
 74
     0
 42
0.000000001
 43
0.0000000001
 40
0.0
 40
0.0
 40
0.0
 40
0.0
 40
1.0
 40
1.0
 40
1.0
 40
1.0
 10
77.59168000000002
 20
51.493665
 30
0.0
 10
78.97549000000002
 20
48.087465
 30
0.0
 10
79.90331000000002
 20
43.196795
 30
0.0
 10
79.91243
 20
43.147745
 30
0.0
  0
LWPOLYLINE
  5
344
330
1F
100
AcDbEntity
  8
0
 62
     7
100
AcDbPolyline
 90
        2
 70
     0
 43
0.0
 10
68.95381
 20
66.638425
 10
68.95281
 20
66.636425
  0
SPLINE
  5
345
330
1F
100
AcDbEntity
  8
0
 62
     7
100
AcDbSpline
210
0.0
220
0.0
230
1.0
 70
     8
 71
     3
 72
     8
 73
     4
 74
     0
 42
0.000000001
 43
0.0000000001
 40
0.0
 40
0.0
 40
0.0
 40
0.0
 40
1.0
 40
1.0
 40
1.0
 40
1.0
 10
81.19664
 20
43.105865
 30
0.0
 10
81.40855999999997
 20
43.932745
 30
0.0
 10
81.80906
 20
44.95478499999999
 30
0.0
 10
82.25531999999999
 20
45.65559499999999
 30
0.0
  0
SPLINE
  5
346
330
1F
100
AcDbEntity
  8
0
 62
     7
100
AcDbSpline
210
0.0
220
0.0
230
1.0
 70
     8
 71
     3
 72
     8
 73
     4
 74
     0
 42
0.000000001
 43
0.0000000001
 40
0.0
 40
0.0
 40
0.0
 40
0.0
 40
1.0
 40
1.0
 40
1.0
 40
1.0
 10
82.25531999999999
 20
45.65559499999999
 30
0.0
 10
81.71035000000001
 20
42.04135499999998
 30
0.0
 10
81.81743
 20
40.44757399999999
 30
0.0
 10
81.91315000000001
 20
39.02114
 30
0.0
  0
SPLINE
  5
347
330
1F
100
AcDbEntity
  8
0
 62
     7
100
AcDbSpline
210
0.0
220
0.0
230
1.0
 70
     8
 71
     3
 72
     8
 73
     4
 74
     0
 42
0.000000001
 43
0.0000000001
 40
0.0
 40
0.0
 40
0.0
 40
0.0
 40
1.0
 40
1.0
 40
1.0
 40
1.0
 10
81.91315000000001
 20
39.02114
 30
0.0
 10
81.97974999999997
 20
38.0308
 30
0.0
 10
82.03698000000001
 20
37.17521
 30
0.0
 10
81.85315000000001
 20
35.73906
 30
0.0
  0
SPLINE
  5
348
330
1F
100
AcDbEntity
  8
0
 62
     7
100
AcDbSpline
210
0.0
220
0.0
230
1.0
 70
     8
 71
     3
 72
     8
 73
     4
 74
     0
 42
0.000000001
 43
0.0000000001
 40
0.0
 40
0.0
 40
0.0
 40
0.0
 40
1.0
 40
1.0
 40
1.0
 40
1.0
 10
81.85315000000001
 20
35.73906
 30
0.0
 10
81.84515000000002
 20
35.67416
 30
0.0
 10
81.83625000000002
 20
35.61299
 30
0.0
 10
81.82785
 20
35.54943
 30
0.0
  0
SPLINE
  5
349
330
1F
100
AcDbEntity
  8
0
 62
     7
100
AcDbSpline
210
0.0
220
0.0
230
1.0
 70
     8
 71
     3
 72
     8
 73
     4
 74
     0
 42
0.000000001
 43
0.0000000001
 40
0.0
 40
0.0
 40
0.0
 40
0.0
 40
1.0
 40
1.0
 40
1.0
 40
1.0
 10
81.82785
 20
35.54943
 30
0.0
 10
81.75245
 20
35.65456
 30
0.0
 10
81.67515999999997
 20
35.7573
 30
0.0
 10
81.59499999999999
 20
35.85586
 30
0.0
  0
SPLINE
  5
34A
330
1F
100
AcDbEntity
  8
0
 62
     7
100
AcDbSpline
210
0.0
220
0.0
230
1.0
 70
     8
 71
     3
 72
     8
 73
     4
 74
     0
 42
0.000000001
 43
0.0000000001
 40
0.0
 40
0.0
 40
0.0
 40
0.0
 40
1.0
 40
1.0
 40
1.0
 40
1.0
 10
81.59499999999999
 20
35.85586
 30
0.0
 10
81.3771
 20
36.11802
 30
0.0
 10
81.14065999999999
 20
36.35372
 30
0.0
 10
80.90121999999999
 20
36.5752
 30
0.0
  0
SPLINE
  5
34B
330
1F
100
AcDbEntity
  8
0
 62
     7
100
AcDbSpline
210
0.0
220
0.0
230
1.0
 70
     8
 71
     3
 72
     8
 73
     4
 74
     0
 42
0.000000001
 43
0.0000000001
 40
0.0
 40
0.0
 40
0.0
 40
0.0
 40
1.0
 40
1.0
 40
1.0
 40
1.0
 10
80.90121999999999
 20
36.5752
 30
0.0
 10
80.65925
 20
36.7949
 30
0.0
 10
80.4077
 20
36.9947
 30
0.0
 10
80.15944000000002
 20
37.18972
 30
0.0
  0
LWPOLYLINE
  5
34C
330
1F
100
AcDbEntity
  8
0
 62
     7
100
AcDbPolyline
 90
        3
 70
     0
 43
0.0
 10
79.91243
 20
43.147745
 10
80.46024
 20
40.233264
 10
81.19664
 20
43.105865
  0
SPLINE
  5
34D
330
1F
100
AcDbEntity
  8
0
 62
     7
100
AcDbSpline
210
0.0
220
0.0
230
1.0
 70
     8
 71
     3
 72
     8
 73
     4
 74
     0
 42
0.000000001
 43
0.0000000001
 40
0.0
 40
0.0
 40
0.0
 40
0.0
 40
1.0
 40
1.0
 40
1.0
 40
1.0
 10
79.41093000000002
 20
37.75338
 30
0.0
 10
79.16476999999997
 20
37.94240999999999
 30
0.0
 10
78.93356
 20
38.13907
 30
0.0
 10
78.73585
 20
38.38868
 30
0.0
  0
SPLINE
  5
34E
330
1F
100
AcDbEntity
  8
0
 62
     7
100
AcDbSpline
210
0.0
220
0.0
230
1.0
 70
     8
 71
     3
 72
     8
 73
     4
 74
     0
 42
0.000000001
 43
0.0000000001
 40
0.0
 40
0.0
 40
0.0
 40
0.0
 40
1.0
 40
1.0
 40
1.0
 40
1.0
 10
78.73585
 20
38.38868
 30
0.0
 10
78.80705
 20
38.07492
 30
0.0
 10
78.97798
 20
37.78763
 30
0.0
 10
79.14667
 20
37.51544000000001
 30
0.0
  0
SPLINE
  5
34F
330
1F
100
AcDbEntity
  8
0
 62
     7
100
AcDbSpline
210
0.0
220
0.0
230
1.0
 70
     8
 71
     3
 72
     8
 73
     4
 74
     0
 42
0.000000001
 43
0.0000000001
 40
0.0
 40
0.0
 40
0.0
 40
0.0
 40
1.0
 40
1.0
 40
1.0
 40
1.0
 10
79.14667
 20
37.51544000000001
 30
0.0
 10
79.31447
 20
37.23832
 30
0.0
 10
79.51113000000002
 20
36.98992
 30
0.0
 10
79.69254000000002
 20
36.73568
 30
0.0
  0
SPLINE
  5
350
330
1F
100
AcDbEntity
  8
0
 62
     7
100
AcDbSpline
210
0.0
220
0.0
230
1.0
 70
     8
 71
     3
 72
     8
 73
     4
 74
     0
 42
0.000000001
 43
0.0000000001
 40
0.0
 40
0.0
 40
0.0
 40
0.0
 40
1.0
 40
1.0
 40
1.0
 40
1.0
 10
79.69254000000002
 20
36.73568
 30
0.0
 10
79.87678999999999
 20
36.48368
 30
0.0
 10
80.05146999999999
 20
36.23004
 30
0.0
 10
80.21687
 20
35.97954
 30
0.0
  0
SPLINE
  5
351
330
1F
100
AcDbEntity
  8
0
 62
     7
100
AcDbSpline
210
0.0
220
0.0
230
1.0
 70
     8
 71
     3
 72
     8
 73
     4
 74
     0
 42
0.000000001
 43
0.0000000001
 40
0.0
 40
0.0
 40
0.0
 40
0.0
 40
1.0
 40
1.0
 40
1.0
 40
1.0
 10
80.21687
 20
35.97954
 30
0.0
 10
80.38541999999997
 20
35.73173
 30
0.0
 10
80.53645999999998
 20
35.47914
 30
0.0
 10
80.66777
 20
35.22639
 30
0.0
  0
SPLINE
  5
352
330
1F
100
AcDbEntity
  8
0
 62
     7
100
AcDbSpline
210
0.0
220
0.0
230
1.0
 70
     8
 71
     3
 72
     8
 73
     4
 74
     0
 42
0.000000001
 43
0.0000000001
 40
0.0
 40
0.0
 40
0.0
 40
0.0
 40
1.0
 40
1.0
 40
1.0
 40
1.0
 10
80.66777
 20
35.22639
 30
0.0
 10
80.93800999999997
 20
34.72315
 30
0.0
 10
81.09714
 20
34.20764000000001
 30
0.0
 10
81.16773
 20
33.70424000000002
 30
0.0
  0
SPLINE
  5
353
330
1F
100
AcDbEntity
  8
0
 62
     7
100
AcDbSpline
210
0.0
220
0.0
230
1.0
 70
     8
 71
     3
 72
     8
 73
     4
 74
     0
 42
0.000000001
 43
0.0000000001
 40
0.0
 40
0.0
 40
0.0
 40
0.0
 40
1.0
 40
1.0
 40
1.0
 40
1.0
 10
81.16773
 20
33.70424000000002
 30
0.0
 10
81.20193
 20
33.45105
 30
0.0
 10
81.21693
 20
33.19846
 30
0.0
 10
81.21583000000002
 20
32.94033
 30
0.0
  0
SPLINE
  5
354
330
1F
100
AcDbEntity
  8
0
 62
     7
100
AcDbSpline
210
0.0
220
0.0
230
1.0
 70
     8
 71
     3
 72
     8
 73
     4
 74
     0
 42
0.000000001
 43
0.0000000001
 40
0.0
 40
0.0
 40
0.0
 40
0.0
 40
1.0
 40
1.0
 40
1.0
 40
1.0
 10
81.21583000000002
 20
32.94033
 30
0.0
 10
81.20683000000003
 20
32.81097000000001
 30
0.0
 10
81.20883
 20
32.68116
 30
0.0
 10
81.19923
 20
32.54836
 30
0.0
  0
SPLINE
  5
355
330
1F
100
AcDbEntity
  8
0
 62
     7
100
AcDbSpline
210
0.0
220
0.0
230
1.0
 70
     8
 71
     3
 72
     8
 73
     4
 74
     0
 42
0.000000001
 43
0.0000000001
 40
0.0
 40
0.0
 40
0.0
 40
0.0
 40
1.0
 40
1.0
 40
1.0
 40
1.0
 10
81.19923
 20
32.54836
 30
0.0
 10
81.19623
 20
32.416
 30
0.0
 10
81.16922999999998
 20
32.2832
 30
0.0
 10
81.16613
 20
32.14546
 30
0.0
  0
LWPOLYLINE
  5
356
330
1F
100
AcDbEntity
  8
0
 62
     7
100
AcDbPolyline
 90
        2
 70
     0
 43
0.0
 10
80.15944000000002
 20
37.18972
 10
79.41093000000002
 20
37.75338
  0
SPLINE
  5
357
330
1F
100
AcDbEntity
  8
0
 62
     7
100
AcDbSpline
210
0.0
220
0.0
230
1.0
 70
     8
 71
     3
 72
     8
 73
     4
 74
     0
 42
0.000000001
 43
0.0000000001
 40
0.0
 40
0.0
 40
0.0
 40
0.0
 40
1.0
 40
1.0
 40
1.0
 40
1.0
 10
81.16713
 20
32.14516
 30
0.0
 10
80.95221999999997
 20
31.42596
 30
0.0
 10
80.70486
 20
30.86664000000001
 30
0.0
 10
80.41099
 20
30.41275
 30
0.0
  0
SPLINE
  5
358
330
1F
100
AcDbEntity
  8
0
 62
     7
100
AcDbSpline
210
0.0
220
0.0
230
1.0
 70
     8
 71
     3
 72
     8
 73
     4
 74
     0
 42
0.000000001
 43
0.0000000001
 40
0.0
 40
0.0
 40
0.0
 40
0.0
 40
1.0
 40
1.0
 40
1.0
 40
1.0
 10
80.41099
 20
30.41275
 30
0.0
 10
80.72281
 20
31.75214
 30
0.0
 10
80.30286999999999
 20
32.95214
 30
0.0
 10
79.46223
 20
32.81845
 30
0.0
  0
SPLINE
  5
359
330
1F
100
AcDbEntity
  8
0
 62
     7
100
AcDbSpline
210
0.0
220
0.0
230
1.0
 70
     8
 71
     3
 72
     8
 73
     4
 74
     0
 42
0.000000001
 43
0.0000000001
 40
0.0
 40
0.0
 40
0.0
 40
0.0
 40
1.0
 40
1.0
 40
1.0
 40
1.0
 10
79.46223
 20
32.81845
 30
0.0
 10
78.23425999999997
 20
32.62328
 30
0.0
 10
78.64896999999998
 20
29.68771
 30
0.0
 10
77.71262
 20
28.31183
 30
0.0
  0
LWPOLYLINE
  5
35A
330
1F
100
AcDbEntity
  8
0
 62
     7
100
AcDbPolyline
 90
        2
 70
     0
 43
0.0
 10
81.16613
 20
32.14546
 10
81.16713
 20
32.14516
  0
SPLINE
  5
35B
330
1F
100
AcDbEntity
  8
0
 62
     7
100
AcDbSpline
210
0.0
220
0.0
230
1.0
 70
     8
 71
     3
 72
     8
 73
     4
 74
     0
 42
0.000000001
 43
0.0000000001
 40
0.0
 40
0.0
 40
0.0
 40
0.0
 40
1.0
 40
1.0
 40
1.0
 40
1.0
 10
77.65731999999998
 20
28.23063
 30
0.0
 10
74.27519000000002
 20
23.27027
 30
0.0
 10
69.96313999999999
 20
24.39071
 30
0.0
 10
66.94174
 20
26.20344
 30
0.0
  0
SPLINE
  5
35C
330
1F
100
AcDbEntity
  8
0
 62
     7
100
AcDbSpline
210
0.0
220
0.0
230
1.0
 70
     8
 71
     3
 72
     8
 73
     4
 74
     0
 42
0.000000001
 43
0.0000000001
 40
0.0
 40
0.0
 40
0.0
 40
0.0
 40
1.0
 40
1.0
 40
1.0
 40
1.0
 10
66.94174
 20
26.20344
 30
0.0
 10
64.54815
 20
27.63974000000001
 30
0.0
 10
57.11479
 20
33.09976
 30
0.0
 10
55.62105999999999
 20
37.05811
 30
0.0
  0
LWPOLYLINE
  5
35D
330
1F
100
AcDbEntity
  8
0
 62
     7
100
AcDbPolyline
 90
        2
 70
     0
 43
0.0
 10
77.71262
 20
28.31183
 10
77.65731999999998
 20
28.23063
  0
SPLINE
  5
35E
330
1F
100
AcDbEntity
  8
0
 62
     7
100
AcDbSpline
210
0.0
220
0.0
230
1.0
 70
     8
 71
     3
 72
     8
 73
     4
 74
     0
 42
0.000000001
 43
0.0000000001
 40
0.0
 40
0.0
 40
0.0
 40
0.0
 40
1.0
 40
1.0
 40
1.0
 40
1.0
 10
54.38994
 20
37.05811
 30
0.0
 10
52.89621
 20
33.09976
 30
0.0
 10
45.46286
 20
27.63974000000001
 30
0.0
 10
43.06911999999999
 20
26.20344
 30
0.0
  0
SPLINE
  5
35F
330
1F
100
AcDbEntity
  8
0
 62
     7
100
AcDbSpline
210
0.0
220
0.0
230
1.0
 70
     8
 71
     3
 72
     8
 73
     4
 74
     0
 42
0.000000001
 43
0.0000000001
 40
0.0
 40
0.0
 40
0.0
 40
0.0
 40
1.0
 40
1.0
 40
1.0
 40
1.0
 10
43.06911999999999
 20
26.20344
 30
0.0
 10
40.04741
 20
24.39042000000001
 30
0.0
 10
35.73537
 20
23.27071
 30
0.0
 10
32.35353
 20
28.23063
 30
0.0
  0
LWPOLYLINE
  5
360
330
1F
100
AcDbEntity
  8
0
 62
     7
100
AcDbPolyline
 90
        3
 70
     0
 43
0.0
 10
55.62105999999999
 20
37.05811
 10
55.0055
 20
38.68958
 10
54.38994
 20
37.05811
  0
SPLINE
  5
361
330
1F
100
AcDbEntity
  8
0
 62
     7
100
AcDbSpline
210
0.0
220
0.0
230
1.0
 70
     8
 71
     3
 72
     8
 73
     4
 74
     0
 42
0.000000001
 43
0.0000000001
 40
0.0
 40
0.0
 40
0.0
 40
0.0
 40
1.0
 40
1.0
 40
1.0
 40
1.0
 10
32.29823
 20
28.31183
 30
0.0
 10
31.36203
 20
29.68771
 30
0.0
 10
31.77659
 20
32.62313
 30
0.0
 10
30.54862
 20
32.81845
 30
0.0
  0
SPLINE
  5
362
330
1F
100
AcDbEntity
  8
0
 62
     7
100
AcDbSpline
210
0.0
220
0.0
230
1.0
 70
     8
 71
     3
 72
     8
 73
     4
 74
     0
 42
0.000000001
 43
0.0000000001
 40
0.0
 40
0.0
 40
0.0
 40
0.0
 40
1.0
 40
1.0
 40
1.0
 40
1.0
 10
30.54862
 20
32.81845
 30
0.0
 10
29.70798
 20
32.95214
 30
0.0
 10
29.28804
 20
31.75229
 30
0.0
 10
29.5997
 20
30.4129
 30
0.0
  0
SPLINE
  5
363
330
1F
100
AcDbEntity
  8
0
 62
     7
100
AcDbSpline
210
0.0
220
0.0
230
1.0
 70
     8
 71
     3
 72
     8
 73
     4
 74
     0
 42
0.000000001
 43
0.0000000001
 40
0.0
 40
0.0
 40
0.0
 40
0.0
 40
1.0
 40
1.0
 40
1.0
 40
1.0
 10
29.5997
 20
30.4129
 30
0.0
 10
29.29387
 20
30.88548
 30
0.0
 10
29.03813
 20
31.47053
 30
0.0
 10
28.8171
 20
32.2328
 30
0.0
  0
SPLINE
  5
364
330
1F
100
AcDbEntity
  8
0
 62
     7
100
AcDbSpline
210
0.0
220
0.0
230
1.0
 70
     8
 71
     3
 72
     8
 73
     4
 74
     0
 42
0.000000001
 43
0.0000000001
 40
0.0
 40
0.0
 40
0.0
 40
0.0
 40
1.0
 40
1.0
 40
1.0
 40
1.0
 10
28.8171
 20
32.2328
 30
0.0
 10
28.8028
 20
32.47552000000001
 30
0.0
 10
28.7884
 20
32.71002
 30
0.0
 10
28.7839
 20
32.93973
 30
0.0
  0
SPLINE
  5
365
330
1F
100
AcDbEntity
  8
0
 62
     7
100
AcDbSpline
210
0.0
220
0.0
230
1.0
 70
     8
 71
     3
 72
     8
 73
     4
 74
     0
 42
0.000000001
 43
0.0000000001
 40
0.0
 40
0.0
 40
0.0
 40
0.0
 40
1.0
 40
1.0
 40
1.0
 40
1.0
 10
28.7839
 20
32.93973
 30
0.0
 10
28.7859
 20
33.19876
 30
0.0
 10
28.8033
 20
33.45165
 30
0.0
 10
28.8394
 20
33.70485
 30
0.0
  0
SPLINE
  5
366
330
1F
100
AcDbEntity
  8
0
 62
     7
100
AcDbSpline
210
0.0
220
0.0
230
1.0
 70
     8
 71
     3
 72
     8
 73
     4
 74
     0
 42
0.000000001
 43
0.0000000001
 40
0.0
 40
0.0
 40
0.0
 40
0.0
 40
1.0
 40
1.0
 40
1.0
 40
1.0
 10
28.8394
 20
33.70485
 30
0.0
 10
28.9139
 20
34.20794
 30
0.0
 10
29.0739
 20
34.72255
 30
0.0
 10
29.34534000000001
 20
35.22475
 30
0.0
  0
SPLINE
  5
367
330
1F
100
AcDbEntity
  8
0
 62
     7
100
AcDbSpline
210
0.0
220
0.0
230
1.0
 70
     8
 71
     3
 72
     8
 73
     4
 74
     0
 42
0.000000001
 43
0.0000000001
 40
0.0
 40
0.0
 40
0.0
 40
0.0
 40
1.0
 40
1.0
 40
1.0
 40
1.0
 10
29.34534000000001
 20
35.22475
 30
0.0
 10
29.6078
 20
35.73083
 30
0.0
 10
29.9588
 20
36.2242
 30
0.0
 10
30.32625
 20
36.72805
 30
0.0
  0
SPLINE
  5
368
330
1F
100
AcDbEntity
  8
0
 62
     7
100
AcDbSpline
210
0.0
220
0.0
230
1.0
 70
     8
 71
     3
 72
     8
 73
     4
 74
     0
 42
0.000000001
 43
0.0000000001
 40
0.0
 40
0.0
 40
0.0
 40
0.0
 40
1.0
 40
1.0
 40
1.0
 40
1.0
 10
30.32625
 20
36.72805
 30
0.0
 10
30.50556
 20
36.98423
 30
0.0
 10
30.69834
 20
37.23638
 30
0.0
 10
30.86658
 20
37.51335
 30
0.0
  0
SPLINE
  5
369
330
1F
100
AcDbEntity
  8
0
 62
     7
100
AcDbSpline
210
0.0
220
0.0
230
1.0
 70
     8
 71
     3
 72
     8
 73
     4
 74
     0
 42
0.000000001
 43
0.0000000001
 40
0.0
 40
0.0
 40
0.0
 40
0.0
 40
1.0
 40
1.0
 40
1.0
 40
1.0
 10
30.86658
 20
37.51335
 30
0.0
 10
31.03468
 20
37.78598000000001
 30
0.0
 10
31.20547
 20
38.07402000000001
 30
0.0
 10
31.27516
 20
38.38853
 30
0.0
  0
SPLINE
  5
36A
330
1F
100
AcDbEntity
  8
0
 62
     7
100
AcDbSpline
210
0.0
220
0.0
230
1.0
 70
     8
 71
     3
 72
     8
 73
     4
 74
     0
 42
0.000000001
 43
0.0000000001
 40
0.0
 40
0.0
 40
0.0
 40
0.0
 40
1.0
 40
1.0
 40
1.0
 40
1.0
 10
31.27516
 20
38.38853
 30
0.0
 10
31.0788
 20
38.13803
 30
0.0
 10
30.84774
 20
37.94077
 30
0.0
 10
30.60217
 20
37.75129000000001
 30
0.0
  0
SPLINE
  5
36B
330
1F
100
AcDbEntity
  8
0
 62
     7
100
AcDbSpline
210
0.0
220
0.0
230
1.0
 70
     8
 71
     3
 72
     8
 73
     4
 74
     0
 42
0.000000001
 43
0.0000000001
 40
0.0
 40
0.0
 40
0.0
 40
0.0
 40
1.0
 40
1.0
 40
1.0
 40
1.0
 10
30.60217
 20
37.75129000000001
 30
0.0
 10
30.35392
 20
37.56614000000001
 30
0.0
 10
30.11074000000001
 20
37.37426
 30
0.0
 10
29.8592
 20
37.18209
 30
0.0
  0
SPLINE
  5
36C
330
1F
100
AcDbEntity
  8
0
 62
     7
100
AcDbSpline
210
0.0
220
0.0
230
1.0
 70
     8
 71
     3
 72
     8
 73
     4
 74
     0
 42
0.000000001
 43
0.0000000001
 40
0.0
 40
0.0
 40
0.0
 40
0.0
 40
1.0
 40
1.0
 40
1.0
 40
1.0
 10
29.8592
 20
37.18209
 30
0.0
 10
29.60989000000001
 20
36.98812
 30
0.0
 10
29.35551
 20
36.79131
 30
0.0
 10
29.11278
 20
36.57236
 30
0.0
  0
SPLINE
  5
36D
330
1F
100
AcDbEntity
  8
0
 62
     7
100
AcDbSpline
210
0.0
220
0.0
230
1.0
 70
     8
 71
     3
 72
     8
 73
     4
 74
     0
 42
0.000000001
 43
0.0000000001
 40
0.0
 40
0.0
 40
0.0
 40
0.0
 40
1.0
 40
1.0
 40
1.0
 40
1.0
 10
29.11278
 20
36.57236
 30
0.0
 10
28.87305
 20
36.35117000000001
 30
0.0
 10
28.63646
 20
36.11593
 30
0.0
 10
28.41826
 20
35.85406
 30
0.0
  0
SPLINE
  5
36E
330
1F
100
AcDbEntity
  8
0
 62
     7
100
AcDbSpline
210
0.0
220
0.0
230
1.0
 70
     8
 71
     3
 72
     8
 73
     4
 74
     0
 42
0.000000001
 43
0.0000000001
 40
0.0
 40
0.0
 40
0.0
 40
0.0
 40
1.0
 40
1.0
 40
1.0
 40
1.0
 10
28.41826
 20
35.85406
 30
0.0
 10
28.33746
 20
35.75526
 30
0.0
 10
28.25958
 20
35.65202
 30
0.0
 10
28.18361
 20
35.54658
 30
0.0
  0
SPLINE
  5
36F
330
1F
100
AcDbEntity
  8
0
 62
     7
100
AcDbSpline
210
0.0
220
0.0
230
1.0
 70
     8
 71
     3
 72
     8
 73
     4
 74
     0
 42
0.000000001
 43
0.0000000001
 40
0.0
 40
0.0
 40
0.0
 40
0.0
 40
1.0
 40
1.0
 40
1.0
 40
1.0
 10
28.18361
 20
35.54658
 30
0.0
 10
28.17461
 20
35.61108
 30
0.0
 10
28.16641
 20
35.6731
 30
0.0
 10
28.15801
 20
35.73876
 30
0.0
  0
SPLINE
  5
370
330
1F
100
AcDbEntity
  8
0
 62
     7
100
AcDbSpline
210
0.0
220
0.0
230
1.0
 70
     8
 71
     3
 72
     8
 73
     4
 74
     0
 42
0.000000001
 43
0.0000000001
 40
0.0
 40
0.0
 40
0.0
 40
0.0
 40
1.0
 40
1.0
 40
1.0
 40
1.0
 10
28.15801
 20
35.73876
 30
0.0
 10
27.97436
 20
37.17506
 30
0.0
 10
28.03179
 20
38.03035
 30
0.0
 10
28.09821
 20
39.02069
 30
0.0
  0
SPLINE
  5
371
330
1F
100
AcDbEntity
  8
0
 62
     7
100
AcDbSpline
210
0.0
220
0.0
230
1.0
 70
     8
 71
     3
 72
     8
 73
     4
 74
     0
 42
0.000000001
 43
0.0000000001
 40
0.0
 40
0.0
 40
0.0
 40
0.0
 40
1.0
 40
1.0
 40
1.0
 40
1.0
 10
28.09821
 20
39.02069
 30
0.0
 10
28.19391
 20
40.446674
 30
0.0
 10
28.30085
 20
42.04015499999999
 30
0.0
 10
27.75663
 20
45.65200499999998
 30
0.0
  0
SPLINE
  5
372
330
1F
100
AcDbEntity
  8
0
 62
     7
100
AcDbSpline
210
0.0
220
0.0
230
1.0
 70
     8
 71
     3
 72
     8
 73
     4
 74
     0
 42
0.000000001
 43
0.0000000001
 40
0.0
 40
0.0
 40
0.0
 40
0.0
 40
1.0
 40
1.0
 40
1.0
 40
1.0
 10
27.75663
 20
45.65200499999998
 30
0.0
 10
28.202
 20
44.951195
 30
0.0
 10
28.60206
 20
43.931245
 30
0.0
 10
28.81457
 20
43.105715
 30
0.0
  0
LWPOLYLINE
  5
373
330
1F
100
AcDbEntity
  8
0
 62
     7
100
AcDbPolyline
 90
        2
 70
     0
 43
0.0
 10
32.35353
 20
28.23063
 10
32.29823
 20
28.31183
  0
SPLINE
  5
374
330
1F
100
AcDbEntity
  8
0
 62
     7
100
AcDbSpline
210
0.0
220
0.0
230
1.0
 70
     8
 71
     3
 72
     8
 73
     4
 74
     0
 42
0.000000001
 43
0.0000000001
 40
0.0
 40
0.0
 40
0.0
 40
0.0
 40
1.0
 40
1.0
 40
1.0
 40
1.0
 10
30.09878
 20
43.147445
 30
0.0
 10
30.10778
 20
43.196645
 30
0.0
 10
31.03602
 20
48.087315
 30
0.0
 10
32.41968
 20
51.493515
 30
0.0
  0
SPLINE
  5
375
330
1F
100
AcDbEntity
  8
0
 62
     7
100
AcDbSpline
210
0.0
220
0.0
230
1.0
 70
     8
 71
     3
 72
     8
 73
     4
 74
     0
 42
0.000000001
 43
0.0000000001
 40
0.0
 40
0.0
 40
0.0
 40
0.0
 40
1.0
 40
1.0
 40
1.0
 40
1.0
 10
32.41968
 20
51.493515
 30
0.0
 10
32.76575
 20
52.345215
 30
0.0
 10
33.06321
 20
53.07279499999999
 30
0.0
 10
33.32717000000001
 20
53.718115
 30
0.0
  0
SPLINE
  5
376
330
1F
100
AcDbEntity
  8
0
 62
     7
100
AcDbSpline
210
0.0
220
0.0
230
1.0
 70
     8
 71
     3
 72
     8
 73
     4
 74
     0
 42
0.000000001
 43
0.0000000001
 40
0.0
 40
0.0
 40
0.0
 40
0.0
 40
1.0
 40
1.0
 40
1.0
 40
1.0
 10
33.32717000000001
 20
53.718115
 30
0.0
 10
34.15359
 20
55.73812499999998
 30
0.0
 10
34.65235
 20
56.957265
 30
0.0
 10
35.27942
 20
58.67129499999999
 30
0.0
  0
SPLINE
  5
377
330
1F
100
AcDbEntity
  8
0
 62
     7
100
AcDbSpline
210
0.0
220
0.0
230
1.0
 70
     8
 71
     3
 72
     8
 73
     4
 74
     0
 42
0.000000001
 43
0.0000000001
 40
0.0
 40
0.0
 40
0.0
 40
0.0
 40
1.0
 40
1.0
 40
1.0
 40
1.0
 10
35.27942
 20
58.67129499999999
 30
0.0
 10
36.16821
 20
61.100475
 30
0.0
 10
38.26957
 20
63.330455
 30
0.0
 10
41.70001
 20
65.48744499999999
 30
0.0
  0
SPLINE
  5
378
330
1F
100
AcDbEntity
  8
0
 62
     7
100
AcDbSpline
210
0.0
220
0.0
230
1.0
 70
     8
 71
     3
 72
     8
 73
     4
 74
     0
 42
0.000000001
 43
0.0000000001
 40
0.0
 40
0.0
 40
0.0
 40
0.0
 40
1.0
 40
1.0
 40
1.0
 40
1.0
 10
41.70001
 20
65.48744499999999
 30
0.0
 10
41.71331
 20
65.49544499999999
 30
0.0
 10
41.72651
 20
65.50314499999998
 30
0.0
 10
41.73981
 20
65.51184499999999
 30
0.0
  0
SPLINE
  5
379
330
1F
100
AcDbEntity
  8
0
 62
     7
100
AcDbSpline
210
0.0
220
0.0
230
1.0
 70
     8
 71
     3
 72
     8
 73
     4
 74
     0
 42
0.000000001
 43
0.0000000001
 40
0.0
 40
0.0
 40
0.0
 40
0.0
 40
1.0
 40
1.0
 40
1.0
 40
1.0
 10
41.73981
 20
65.51184499999999
 30
0.0
 10
42.56235
 20
66.04649499999999
 30
0.0
 10
44.27548
 20
66.19051500000001
 30
0.0
 10
46.32778
 20
66.70467499999999
 30
0.0
  0
SPLINE
  5
37A
330
1F
100
AcDbEntity
  8
0
 62
     7
100
AcDbSpline
210
0.0
220
0.0
230
1.0
 70
     8
 71
     3
 72
     8
 73
     4
 74
     0
 42
0.000000001
 43
0.0000000001
 40
0.0
 40
0.0
 40
0.0
 40
0.0
 40
1.0
 40
1.0
 40
1.0
 40
1.0
 10
46.32778
 20
66.70467499999999
 30
0.0
 10
45.19671999999999
 20
65.55312499999999
 30
0.0
 10
43.63389
 20
64.819715
 30
0.0
 10
43.63389
 20
64.819715
 30
0.0
  0
SPLINE
  5
37B
330
1F
100
AcDbEntity
  8
0
 62
     7
100
AcDbSpline
210
0.0
220
0.0
230
1.0
 70
     8
 71
     3
 72
     8
 73
     4
 74
     0
 42
0.000000001
 43
0.0000000001
 40
0.0
 40
0.0
 40
0.0
 40
0.0
 40
1.0
 40
1.0
 40
1.0
 40
1.0
 10
43.63389
 20
64.819715
 30
0.0
 10
43.63389
 20
64.819715
 30
0.0
 10
45.66975
 20
65.244745
 30
0.0
 10
46.28665999999999
 20
65.676505
 30
0.0
  0
SPLINE
  5
37C
330
1F
100
AcDbEntity
  8
0
 62
     7
100
AcDbSpline
210
0.0
220
0.0
230
1.0
 70
     8
 71
     3
 72
     8
 73
     4
 74
     0
 42
0.000000001
 43
0.0000000001
 40
0.0
 40
0.0
 40
0.0
 40
0.0
 40
1.0
 40
1.0
 40
1.0
 40
1.0
 10
46.28665999999999
 20
65.676505
 30
0.0
 10
46.90356
 20
66.108265
 30
0.0
 10
49.61794000000001
 20
68.30862500000001
 30
0.0
 10
52.39392999999999
 20
68.678775
 30
0.0
  0
SPLINE
  5
37D
330
1F
100
AcDbEntity
  8
0
 62
     7
100
AcDbSpline
210
0.0
220
0.0
230
1.0
 70
     8
 71
     3
 72
     8
 73
     4
 74
     0
 42
0.000000001
 43
0.0000000001
 40
0.0
 40
0.0
 40
0.0
 40
0.0
 40
1.0
 40
1.0
 40
1.0
 40
1.0
 10
52.39392999999999
 20
68.678775
 30
0.0
 10
51.13948
 20
68.98729499999999
 30
0.0
 10
48.48687
 20
68.616975
 30
0.0
 10
46.67729
 20
67.794465
 30
0.0
  0
SPLINE
  5
37E
330
1F
100
AcDbEntity
  8
0
 62
     7
100
AcDbSpline
210
0.0
220
0.0
230
1.0
 70
     8
 71
     3
 72
     8
 73
     4
 74
     0
 42
0.000000001
 43
0.0000000001
 40
0.0
 40
0.0
 40
0.0
 40
0.0
 40
1.0
 40
1.0
 40
1.0
 40
1.0
 10
46.67729
 20
67.794465
 30
0.0
 10
44.86769999999999
 20
66.97192499999998
 30
0.0
 10
43.32790999999999
 20
66.910315
 30
0.0
 10
43.32790999999999
 20
66.910315
 30
0.0
  0
SPLINE
  5
37F
330
1F
100
AcDbEntity
  8
0
 62
     7
100
AcDbSpline
210
0.0
220
0.0
230
1.0
 70
     8
 71
     3
 72
     8
 73
     4
 74
     0
 42
0.000000001
 43
0.0000000001
 40
0.0
 40
0.0
 40
0.0
 40
0.0
 40
1.0
 40
1.0
 40
1.0
 40
1.0
 10
43.32790999999999
 20
66.910315
 30
0.0
 10
43.32790999999999
 20
66.910315
 30
0.0
 10
44.72368
 20
67.54770500000001
 30
0.0
 10
45.97813
 20
68.205735
 30
0.0
  0
SPLINE
  5
380
330
1F
100
AcDbEntity
  8
0
 62
     7
100
AcDbSpline
210
0.0
220
0.0
230
1.0
 70
     8
 71
     3
 72
     8
 73
     4
 74
     0
 42
0.000000001
 43
0.0000000001
 40
0.0
 40
0.0
 40
0.0
 40
0.0
 40
1.0
 40
1.0
 40
1.0
 40
1.0
 10
45.97813
 20
68.205735
 30
0.0
 10
47.23243
 20
68.863765
 30
0.0
 10
49.72068
 20
69.66581500000001
 30
0.0
 10
49.72068
 20
69.66581500000001
 30
0.0
  0
SPLINE
  5
381
330
1F
100
AcDbEntity
  8
0
 62
     7
100
AcDbSpline
210
0.0
220
0.0
230
1.0
 70
     8
 71
     3
 72
     8
 73
     4
 74
     0
 42
0.000000001
 43
0.0000000001
 40
0.0
 40
0.0
 40
0.0
 40
0.0
 40
1.0
 40
1.0
 40
1.0
 40
1.0
 10
49.72068
 20
69.66581500000001
 30
0.0
 10
49.72068
 20
69.66581500000001
 30
0.0
 10
47.78770999999998
 20
69.583515
 30
0.0
 10
47.60257
 20
69.912575
 30
0.0
  0
SPLINE
  5
382
330
1F
100
AcDbEntity
  8
0
 62
     7
100
AcDbSpline
210
0.0
220
0.0
230
1.0
 70
     8
 71
     3
 72
     8
 73
     4
 74
     0
 42
0.000000001
 43
0.0000000001
 40
0.0
 40
0.0
 40
0.0
 40
0.0
 40
1.0
 40
1.0
 40
1.0
 40
1.0
 10
47.60257
 20
69.912575
 30
0.0
 10
47.41756999999998
 20
70.24159499999999
 30
0.0
 10
47.58207
 20
70.92011499999998
 30
0.0
 10
50.31695
 20
72.27745500000001
 30
0.0
  0
SPLINE
  5
383
330
1F
100
AcDbEntity
  8
0
 62
     7
100
AcDbSpline
210
0.0
220
0.0
230
1.0
 70
     8
 71
     3
 72
     8
 73
     4
 74
     0
 42
0.000000001
 43
0.0000000001
 40
0.0
 40
0.0
 40
0.0
 40
0.0
 40
1.0
 40
1.0
 40
1.0
 40
1.0
 10
50.31695
 20
72.27745500000001
 30
0.0
 10
48.79525000000001
 20
72.133585
 30
0.0
 10
46.5744
 20
70.73511500000002
 30
0.0
 10
45.23784
 20
69.74806499999999
 30
0.0
  0
SPLINE
  5
384
330
1F
100
AcDbEntity
  8
0
 62
     7
100
AcDbSpline
210
0.0
220
0.0
230
1.0
 70
     8
 71
     3
 72
     8
 73
     4
 74
     0
 42
0.000000001
 43
0.0000000001
 40
0.0
 40
0.0
 40
0.0
 40
0.0
 40
1.0
 40
1.0
 40
1.0
 40
1.0
 10
45.23784
 20
69.74806499999999
 30
0.0
 10
43.99536
 20
68.83056500000001
 30
0.0
 10
42.22675999999998
 20
67.43419499999999
 30
0.0
 10
41.05859999999998
 20
66.636335
 30
0.0
  0
LWPOLYLINE
  5
385
330
1F
100
AcDbEntity
  8
0
 62
     7
100
AcDbPolyline
 90
        3
 70
     0
 43
0.0
 10
28.81457
 20
43.105715
 10
29.55096
 20
40.233264
 10
30.09878
 20
43.147445
  0
SPLINE
  5
386
330
1F
100
AcDbEntity
  8
0
 62
     7
100
AcDbSpline
210
0.0
220
0.0
230
1.0
 70
     8
 71
     3
 72
     8
 73
     4
 74
     0
 42
0.000000001
 43
0.0000000001
 40
0.0
 40
0.0
 40
0.0
 40
0.0
 40
1.0
 40
1.0
 40
1.0
 40
1.0
 10
41.0576
 20
66.63833499999999
 30
0.0
 10
37.33614
 20
64.309205
 30
0.0
 10
35.04185
 20
61.851015
 30
0.0
 10
34.04389
 20
59.123175
 30
0.0
  0
SPLINE
  5
387
330
1F
100
AcDbEntity
  8
0
 62
     7
100
AcDbSpline
210
0.0
220
0.0
230
1.0
 70
     8
 71
     3
 72
     8
 73
     4
 74
     0
 42
0.000000001
 43
0.0000000001
 40
0.0
 40
0.0
 40
0.0
 40
0.0
 40
1.0
 40
1.0
 40
1.0
 40
1.0
 10
34.04389
 20
59.123175
 30
0.0
 10
33.42534000000001
 20
57.432635
 30
0.0
 10
32.93002
 20
56.222005
 30
0.0
 10
32.10943
 20
54.216065
 30
0.0
  0
SPLINE
  5
388
330
1F
100
AcDbEntity
  8
0
 62
     7
100
AcDbSpline
210
0.0
220
0.0
230
1.0
 70
     8
 71
     3
 72
     8
 73
     4
 74
     0
 42
0.000000001
 43
0.0000000001
 40
0.0
 40
0.0
 40
0.0
 40
0.0
 40
1.0
 40
1.0
 40
1.0
 40
1.0
 10
32.10943
 20
54.216065
 30
0.0
 10
31.84502
 20
53.56984499999999
 30
0.0
 10
31.54711
 20
52.841675
 30
0.0
 10
31.2006
 20
51.988775
 30
0.0
  0
SPLINE
  5
389
330
1F
100
AcDbEntity
  8
0
 62
     7
100
AcDbSpline
210
0.0
220
0.0
230
1.0
 70
     8
 71
     3
 72
     8
 73
     4
 74
     0
 42
0.000000001
 43
0.0000000001
 40
0.0
 40
0.0
 40
0.0
 40
0.0
 40
1.0
 40
1.0
 40
1.0
 40
1.0
 10
31.2006
 20
51.988775
 30
0.0
 10
30.8997
 20
51.248195
 30
0.0
 10
30.62183
 20
50.448835
 30
0.0
 10
30.36954
 20
49.646185
 30
0.0
  0
SPLINE
  5
38A
330
1F
100
AcDbEntity
  8
0
 62
     7
100
AcDbSpline
210
0.0
220
0.0
230
1.0
 70
     8
 71
     3
 72
     8
 73
     4
 74
     0
 42
0.000000001
 43
0.0000000001
 40
0.0
 40
0.0
 40
0.0
 40
0.0
 40
1.0
 40
1.0
 40
1.0
 40
1.0
 10
30.36954
 20
49.646185
 30
0.0
 10
30.34294
 20
52.218485
 30
0.0
 10
30.74566
 20
52.352185
 30
0.0
 10
30.80264000000001
 20
53.68544499999998
 30
0.0
  0
SPLINE
  5
38B
330
1F
100
AcDbEntity
  8
0
 62
     7
100
AcDbSpline
210
0.0
220
0.0
230
1.0
 70
     8
 71
     3
 72
     8
 73
     4
 74
     0
 42
0.000000001
 43
0.0000000001
 40
0.0
 40
0.0
 40
0.0
 40
0.0
 40
1.0
 40
1.0
 40
1.0
 40
1.0
 10
30.80264000000001
 20
53.68544499999998
 30
0.0
 10
30.86444
 20
55.12698499999999
 30
0.0
 10
31.68695
 20
55.661635
 30
0.0
 10
32.09821
 20
57.57411499999999
 30
0.0
  0
SPLINE
  5
38C
330
1F
100
AcDbEntity
  8
0
 62
     7
100
AcDbSpline
210
0.0
220
0.0
230
1.0
 70
     8
 71
     3
 72
     8
 73
     4
 74
     0
 42
0.000000001
 43
0.0000000001
 40
0.0
 40
0.0
 40
0.0
 40
0.0
 40
1.0
 40
1.0
 40
1.0
 40
1.0
 10
32.09821
 20
57.57411499999999
 30
0.0
 10
32.50948
 20
59.486585
 30
0.0
 10
33.16751
 20
61.440045
 30
0.0
 10
34.25745
 20
63.270265
 30
0.0
  0
SPLINE
  5
38D
330
1F
100
AcDbEntity
  8
0
 62
     7
100
AcDbSpline
210
0.0
220
0.0
230
1.0
 70
     8
 71
     3
 72
     8
 73
     4
 74
     0
 42
0.000000001
 43
0.0000000001
 40
0.0
 40
0.0
 40
0.0
 40
0.0
 40
1.0
 40
1.0
 40
1.0
 40
1.0
 10
34.25745
 20
63.270265
 30
0.0
 10
35.34739
 20
65.10048499999999
 30
0.0
 10
35.75866
 20
66.601545
 30
0.0
 10
36.23154
 20
67.197965
 30
0.0
  0
SPLINE
  5
38E
330
1F
100
AcDbEntity
  8
0
 62
     7
100
AcDbSpline
210
0.0
220
0.0
230
1.0
 70
     8
 71
     3
 72
     8
 73
     4
 74
     0
 42
0.000000001
 43
0.0000000001
 40
0.0
 40
0.0
 40
0.0
 40
0.0
 40
1.0
 40
1.0
 40
1.0
 40
1.0
 10
36.23154
 20
67.197965
 30
0.0
 10
34.91548
 20
65.69675500000001
 30
0.0
 10
32.93885
 20
62.388055
 30
0.0
 10
31.81033
 20
61.748565
 30
0.0
  0
SPLINE
  5
38F
330
1F
100
AcDbEntity
  8
0
 62
     7
100
AcDbSpline
210
0.0
220
0.0
230
1.0
 70
     8
 71
     3
 72
     8
 73
     4
 74
     0
 42
0.000000001
 43
0.0000000001
 40
0.0
 40
0.0
 40
0.0
 40
0.0
 40
1.0
 40
1.0
 40
1.0
 40
1.0
 10
31.81033
 20
61.748565
 30
0.0
 10
30.98779
 20
61.282415
 30
0.0
 10
28.23527
 20
61.634905
 30
0.0
 10
25.33963
 20
63.69529499999998
 30
0.0
  0
SPLINE
  5
390
330
1F
100
AcDbEntity
  8
0
 62
     7
100
AcDbSpline
210
0.0
220
0.0
230
1.0
 70
     8
 71
     3
 72
     8
 73
     4
 74
     0
 42
0.000000001
 43
0.0000000001
 40
0.0
 40
0.0
 40
0.0
 40
0.0
 40
1.0
 40
1.0
 40
1.0
 40
1.0
 10
25.33963
 20
63.69529499999998
 30
0.0
 10
23.20103
 20
65.21698499999999
 30
0.0
 10
22.22775
 20
66.64955500000001
 30
0.0
 10
21.6931
 20
68.520905
 30
0.0
  0
SPLINE
  5
391
330
1F
100
AcDbEntity
  8
0
 62
     7
100
AcDbSpline
210
0.0
220
0.0
230
1.0
 70
     8
 71
     3
 72
     8
 73
     4
 74
     0
 42
0.000000001
 43
0.0000000001
 40
0.0
 40
0.0
 40
0.0
 40
0.0
 40
1.0
 40
1.0
 40
1.0
 40
1.0
 10
21.6931
 20
68.520905
 30
0.0
 10
21.15845
 20
70.392255
 30
0.0
 10
21.15845
 20
71.701435
 30
0.0
 10
20.68556
 20
72.79122499999998
 30
0.0
  0
SPLINE
  5
392
330
1F
100
AcDbEntity
  8
0
 62
     7
100
AcDbSpline
210
0.0
220
0.0
230
1.0
 70
     8
 71
     3
 72
     8
 73
     4
 74
     0
 42
0.000000001
 43
0.0000000001
 40
0.0
 40
0.0
 40
0.0
 40
0.0
 40
1.0
 40
1.0
 40
1.0
 40
1.0
 10
20.68556
 20
72.79122499999998
 30
0.0
 10
20.21268
 20
73.88101500000002
 30
0.0
 10
18.93087
 20
75.61522499999998
 30
0.0
 10
17.93694
 20
74.552805
 30
0.0
  0
SPLINE
  5
393
330
1F
100
AcDbEntity
  8
0
 62
     7
100
AcDbSpline
210
0.0
220
0.0
230
1.0
 70
     8
 71
     3
 72
     8
 73
     4
 74
     0
 42
0.000000001
 43
0.0000000001
 40
0.0
 40
0.0
 40
0.0
 40
0.0
 40
1.0
 40
1.0
 40
1.0
 40
1.0
 10
17.93694
 20
74.552805
 30
0.0
 10
17.46869
 20
74.052255
 30
0.0
 10
18.40309
 20
73.53838499999998
 30
0.0
 10
19.07473
 20
73.34636500000002
 30
0.0
  0
SPLINE
  5
394
330
1F
100
AcDbEntity
  8
0
 62
     7
100
AcDbSpline
210
0.0
220
0.0
230
1.0
 70
     8
 71
     3
 72
     8
 73
     4
 74
     0
 42
0.000000001
 43
0.0000000001
 40
0.0
 40
0.0
 40
0.0
 40
0.0
 40
1.0
 40
1.0
 40
1.0
 40
1.0
 10
19.07473
 20
73.34636500000002
 30
0.0
 10
19.74652
 20
73.15449499999998
 30
0.0
 10
20.24004
 20
72.606075
 30
0.0
 10
20.33591
 20
71.564155
 30
0.0
  0
SPLINE
  5
395
330
1F
100
AcDbEntity
  8
0
 62
     7
100
AcDbSpline
210
0.0
220
0.0
230
1.0
 70
     8
 71
     3
 72
     8
 73
     4
 74
     0
 42
0.000000001
 43
0.0000000001
 40
0.0
 40
0.0
 40
0.0
 40
0.0
 40
1.0
 40
1.0
 40
1.0
 40
1.0
 10
20.33591
 20
71.564155
 30
0.0
 10
20.43191
 20
70.522215
 30
0.0
 10
20.571
 20
67.56511500000001
 30
0.0
 10
21.54908
 20
65.902395
 30
0.0
  0
SPLINE
  5
396
330
1F
100
AcDbEntity
  8
0
 62
     7
100
AcDbSpline
210
0.0
220
0.0
230
1.0
 70
     8
 71
     3
 72
     8
 73
     4
 74
     0
 42
0.000000001
 43
0.0000000001
 40
0.0
 40
0.0
 40
0.0
 40
0.0
 40
1.0
 40
1.0
 40
1.0
 40
1.0
 10
21.54908
 20
65.902395
 30
0.0
 10
22.98852
 20
63.455415
 30
0.0
 10
26.23755
 20
61.460685
 30
0.0
 10
26.73107
 20
60.165255
 30
0.0
  0
SPLINE
  5
397
330
1F
100
AcDbEntity
  8
0
 62
     7
100
AcDbSpline
210
0.0
220
0.0
230
1.0
 70
     8
 71
     3
 72
     8
 73
     4
 74
     0
 42
0.000000001
 43
0.0000000001
 40
0.0
 40
0.0
 40
0.0
 40
0.0
 40
1.0
 40
1.0
 40
1.0
 40
1.0
 10
26.73107
 20
60.165255
 30
0.0
 10
27.14234
 20
60.63829499999999
 30
0.0
 10
27.31627
 20
61.44019499999998
 30
0.0
 10
27.31627
 20
61.44019499999998
 30
0.0
  0
LWPOLYLINE
  5
398
330
1F
100
AcDbEntity
  8
0
 62
     7
100
AcDbPolyline
 90
        2
 70
     0
 43
0.0
 10
41.05859999999998
 20
66.636335
 10
41.0576
 20
66.63833499999999
  0
SPLINE
  5
399
330
1F
100
AcDbEntity
  8
0
 62
     7
100
AcDbSpline
210
0.0
220
0.0
230
1.0
 70
     8
 71
     3
 72
     8
 73
     4
 74
     0
 42
0.000000001
 43
0.0000000001
 40
0.0
 40
0.0
 40
0.0
 40
0.0
 40
1.0
 40
1.0
 40
1.0
 40
1.0
 10
27.53312
 20
57.57426500000001
 30
0.0
 10
27.53312
 20
57.57426500000001
 30
0.0
 10
27.86214000000001
 20
59.507225
 30
0.0
 10
29.44545
 20
60.309275
 30
0.0
  0
SPLINE
  5
39A
330
1F
100
AcDbEntity
  8
0
 62
     7
100
AcDbSpline
210
0.0
220
0.0
230
1.0
 70
     8
 71
     3
 72
     8
 73
     4
 74
     0
 42
0.000000001
 43
0.0000000001
 40
0.0
 40
0.0
 40
0.0
 40
0.0
 40
1.0
 40
1.0
 40
1.0
 40
1.0
 10
29.44545
 20
60.309275
 30
0.0
 10
28.41727
 20
58.64355500000001
 30
0.0
 10
28.37615
 20
56.52559499999998
 30
0.0
 10
28.72565
 20
55.291785
 30
0.0
  0
SPLINE
  5
39B
330
1F
100
AcDbEntity
  8
0
 62
     7
100
AcDbSpline
210
0.0
220
0.0
230
1.0
 70
     8
 71
     3
 72
     8
 73
     4
 74
     0
 42
0.000000001
 43
0.0000000001
 40
0.0
 40
0.0
 40
0.0
 40
0.0
 40
1.0
 40
1.0
 40
1.0
 40
1.0
 10
28.72565
 20
55.291785
 30
0.0
 10
28.9108
 20
56.89574499999999
 30
0.0
 10
29.32207
 20
58.458565
 30
0.0
 10
30.39137
 20
59.54835500000001
 30
0.0
  0
SPLINE
  5
39C
330
1F
100
AcDbEntity
  8
0
 62
     7
100
AcDbSpline
210
0.0
220
0.0
230
1.0
 70
     8
 71
     3
 72
     8
 73
     4
 74
     0
 42
0.000000001
 43
0.0000000001
 40
0.0
 40
0.0
 40
0.0
 40
0.0
 40
1.0
 40
1.0
 40
1.0
 40
1.0
 10
30.39137
 20
59.54835500000001
 30
0.0
 10
30.06236
 20
57.841665
 30
0.0
 10
29.7127
 20
57.162985
 30
0.0
 10
29.65108
 20
55.72354499999999
 30
0.0
  0
SPLINE
  5
39D
330
1F
100
AcDbEntity
  8
0
 62
     7
100
AcDbSpline
210
0.0
220
0.0
230
1.0
 70
     8
 71
     3
 72
     8
 73
     4
 74
     0
 42
0.000000001
 43
0.0000000001
 40
0.0
 40
0.0
 40
0.0
 40
0.0
 40
1.0
 40
1.0
 40
1.0
 40
1.0
 10
29.65108
 20
55.72354499999999
 30
0.0
 10
29.58948
 20
54.284105
 30
0.0
 10
29.31519
 20
54.318355
 30
0.0
 10
29.39745
 20
53.08454499999999
 30
0.0
  0
SPLINE
  5
39E
330
1F
100
AcDbEntity
  8
0
 62
     7
100
AcDbSpline
210
0.0
220
0.0
230
1.0
 70
     8
 71
     3
 72
     8
 73
     4
 74
     0
 42
0.000000001
 43
0.0000000001
 40
0.0
 40
0.0
 40
0.0
 40
0.0
 40
1.0
 40
1.0
 40
1.0
 40
1.0
 10
29.39745
 20
53.08454499999999
 30
0.0
 10
29.46985
 20
51.999835
 30
0.0
 10
29.71105
 20
48.798675
 30
0.0
 10
29.63807
 20
47.071335
 30
0.0
  0
SPLINE
  5
39F
330
1F
100
AcDbEntity
  8
0
 62
     7
100
AcDbSpline
210
0.0
220
0.0
230
1.0
 70
     8
 71
     3
 72
     8
 73
     4
 74
     0
 42
0.000000001
 43
0.0000000001
 40
0.0
 40
0.0
 40
0.0
 40
0.0
 40
1.0
 40
1.0
 40
1.0
 40
1.0
 10
29.63807
 20
47.071335
 30
0.0
 10
29.63307
 20
47.05203499999998
 30
0.0
 10
29.62807
 20
47.033635
 30
0.0
 10
29.62357
 20
47.01453499999998
 30
0.0
  0
SPLINE
  5
3A0
330
1F
100
AcDbEntity
  8
0
 62
     7
100
AcDbSpline
210
0.0
220
0.0
230
1.0
 70
     8
 71
     3
 72
     8
 73
     4
 74
     0
 42
0.000000001
 43
0.0000000001
 40
0.0
 40
0.0
 40
0.0
 40
0.0
 40
1.0
 40
1.0
 40
1.0
 40
1.0
 10
29.62357
 20
47.01453499999998
 30
0.0
 10
29.48269
 20
47.519715
 30
0.0
 10
29.38264
 20
47.944595
 30
0.0
 10
29.34256
 20
48.25910499999999
 30
0.0
  0
SPLINE
  5
3A1
330
1F
100
AcDbEntity
  8
0
 62
     7
100
AcDbSpline
210
0.0
220
0.0
230
1.0
 70
     8
 71
     3
 72
     8
 73
     4
 74
     0
 42
0.000000001
 43
0.0000000001
 40
0.0
 40
0.0
 40
0.0
 40
0.0
 40
1.0
 40
1.0
 40
1.0
 40
1.0
 10
29.34256
 20
48.25910499999999
 30
0.0
 10
28.95866
 20
51.275125
 30
0.0
 10
28.32814
 20
52.920205
 30
0.0
 10
27.58786
 20
54.071765
 30
0.0
  0
SPLINE
  5
3A2
330
1F
100
AcDbEntity
  8
0
 62
     7
100
AcDbSpline
210
0.0
220
0.0
230
1.0
 70
     8
 71
     3
 72
     8
 73
     4
 74
     0
 42
0.000000001
 43
0.0000000001
 40
0.0
 40
0.0
 40
0.0
 40
0.0
 40
1.0
 40
1.0
 40
1.0
 40
1.0
 10
27.58786
 20
54.071765
 30
0.0
 10
26.84757
 20
55.22331499999999
 30
0.0
 10
26.40894
 20
57.197405
 30
0.0
 10
26.40894
 20
57.197405
 30
0.0
  0
SPLINE
  5
3A3
330
1F
100
AcDbEntity
  8
0
 62
     7
100
AcDbSpline
210
0.0
220
0.0
230
1.0
 70
     8
 71
     3
 72
     8
 73
     4
 74
     0
 42
0.000000001
 43
0.0000000001
 40
0.0
 40
0.0
 40
0.0
 40
0.0
 40
1.0
 40
1.0
 40
1.0
 40
1.0
 10
26.40894
 20
57.197405
 30
0.0
 10
26.40894
 20
57.197405
 30
0.0
 10
26.21706
 20
55.689475
 30
0.0
 10
26.92983
 20
53.687865
 30
0.0
  0
SPLINE
  5
3A4
330
1F
100
AcDbEntity
  8
0
 62
     7
100
AcDbSpline
210
0.0
220
0.0
230
1.0
 70
     8
 71
     3
 72
     8
 73
     4
 74
     0
 42
0.000000001
 43
0.0000000001
 40
0.0
 40
0.0
 40
0.0
 40
0.0
 40
1.0
 40
1.0
 40
1.0
 40
1.0
 10
26.92983
 20
53.687865
 30
0.0
 10
27.64275
 20
51.686405
 30
0.0
 10
26.51856
 20
49.49291500000001
 30
0.0
 10
26.51856
 20
49.49291500000001
 30
0.0
  0
SPLINE
  5
3A5
330
1F
100
AcDbEntity
  8
0
 62
     7
100
AcDbSpline
210
0.0
220
0.0
230
1.0
 70
     8
 71
     3
 72
     8
 73
     4
 74
     0
 42
0.000000001
 43
0.0000000001
 40
0.0
 40
0.0
 40
0.0
 40
0.0
 40
1.0
 40
1.0
 40
1.0
 40
1.0
 10
26.51856
 20
49.49291500000001
 30
0.0
 10
26.51856
 20
49.49291500000001
 30
0.0
 10
25.53151
 20
54.126495
 30
0.0
 10
25.69602
 20
55.305575
 30
0.0
  0
SPLINE
  5
3A6
330
1F
100
AcDbEntity
  8
0
 62
     7
100
AcDbSpline
210
0.0
220
0.0
230
1.0
 70
     8
 71
     3
 72
     8
 73
     4
 74
     0
 42
0.000000001
 43
0.0000000001
 40
0.0
 40
0.0
 40
0.0
 40
0.0
 40
1.0
 40
1.0
 40
1.0
 40
1.0
 10
25.69602
 20
55.305575
 30
0.0
 10
25.17513
 20
54.099135
 30
0.0
 10
24.90085
 20
50.754245
 30
0.0
 10
24.90085
 20
50.754245
 30
0.0
  0
SPLINE
  5
3A7
330
1F
100
AcDbEntity
  8
0
 62
     7
100
AcDbSpline
210
0.0
220
0.0
230
1.0
 70
     8
 71
     3
 72
     8
 73
     4
 74
     0
 42
0.000000001
 43
0.0000000001
 40
0.0
 40
0.0
 40
0.0
 40
0.0
 40
1.0
 40
1.0
 40
1.0
 40
1.0
 10
24.90085
 20
50.754245
 30
0.0
 10
24.90085
 20
50.754245
 30
0.0
 10
23.9138
 20
54.59280500000001
 30
0.0
 10
24.51695
 20
57.965215
 30
0.0
  0
SPLINE
  5
3A8
330
1F
100
AcDbEntity
  8
0
 62
     7
100
AcDbSpline
210
0.0
220
0.0
230
1.0
 70
     8
 71
     3
 72
     8
 73
     4
 74
     0
 42
0.000000001
 43
0.0000000001
 40
0.0
 40
0.0
 40
0.0
 40
0.0
 40
1.0
 40
1.0
 40
1.0
 40
1.0
 10
24.51695
 20
57.965215
 30
0.0
 10
23.33803
 20
55.881495
 30
0.0
 10
23.22825
 20
52.83810500000001
 30
0.0
 10
23.31051
 20
52.207435
 30
0.0
  0
SPLINE
  5
3A9
330
1F
100
AcDbEntity
  8
0
 62
     7
100
AcDbSpline
210
0.0
220
0.0
230
1.0
 70
     8
 71
     3
 72
     8
 73
     4
 74
     0
 42
0.000000001
 43
0.0000000001
 40
0.0
 40
0.0
 40
0.0
 40
0.0
 40
1.0
 40
1.0
 40
1.0
 40
1.0
 10
23.31051
 20
52.207435
 30
0.0
 10
22.62511
 20
54.784675
 30
0.0
 10
22.48797
 20
57.773335
 30
0.0
 10
23.09112
 20
59.52803499999999
 30
0.0
  0
SPLINE
  5
3AA
330
1F
100
AcDbEntity
  8
0
 62
     7
100
AcDbSpline
210
0.0
220
0.0
230
1.0
 70
     8
 71
     3
 72
     8
 73
     4
 74
     0
 42
0.000000001
 43
0.0000000001
 40
0.0
 40
0.0
 40
0.0
 40
0.0
 40
1.0
 40
1.0
 40
1.0
 40
1.0
 10
23.09112
 20
59.52803499999999
 30
0.0
 10
21.96005
 20
58.417605
 30
0.0
 10
21.63118
 20
55.04519499999999
 30
0.0
 10
21.73393
 20
54.01702499999998
 30
0.0
  0
SPLINE
  5
3AB
330
1F
100
AcDbEntity
  8
0
 62
     7
100
AcDbSpline
210
0.0
220
0.0
230
1.0
 70
     8
 71
     3
 72
     8
 73
     4
 74
     0
 42
0.000000001
 43
0.0000000001
 40
0.0
 40
0.0
 40
0.0
 40
0.0
 40
1.0
 40
1.0
 40
1.0
 40
1.0
 10
21.73393
 20
54.01702499999998
 30
0.0
 10
21.21976
 20
56.813655
 30
0.0
 10
21.38428
 20
59.48690500000001
 30
0.0
 10
21.87779
 20
60.86458499999999
 30
0.0
  0
SPLINE
  5
3AC
330
1F
100
AcDbEntity
  8
0
 62
     7
100
AcDbSpline
210
0.0
220
0.0
230
1.0
 70
     8
 71
     3
 72
     8
 73
     4
 74
     0
 42
0.000000001
 43
0.0000000001
 40
0.0
 40
0.0
 40
0.0
 40
0.0
 40
1.0
 40
1.0
 40
1.0
 40
1.0
 10
21.87779
 20
60.86458499999999
 30
0.0
 10
20.74673
 20
59.548525
 30
0.0
 10
20.21208
 20
57.080905
 30
0.0
 10
20.37659
 20
55.744355
 30
0.0
  0
SPLINE
  5
3AD
330
1F
100
AcDbEntity
  8
0
 62
     7
100
AcDbSpline
210
0.0
220
0.0
230
1.0
 70
     8
 71
     3
 72
     8
 73
     4
 74
     0
 42
0.000000001
 43
0.0000000001
 40
0.0
 40
0.0
 40
0.0
 40
0.0
 40
1.0
 40
1.0
 40
1.0
 40
1.0
 10
20.37659
 20
55.744355
 30
0.0
 10
19.57469
 20
58.026975
 30
0.0
 10
20.12983
 20
61.11149499999999
 30
0.0
 10
20.68512
 20
62.694805
 30
0.0
  0
SPLINE
  5
3AE
330
1F
100
AcDbEntity
  8
0
 62
     7
100
AcDbSpline
210
0.0
220
0.0
230
1.0
 70
     8
 71
     3
 72
     8
 73
     4
 74
     0
 42
0.000000001
 43
0.0000000001
 40
0.0
 40
0.0
 40
0.0
 40
0.0
 40
1.0
 40
1.0
 40
1.0
 40
1.0
 10
20.68512
 20
62.694805
 30
0.0
 10
19.73919
 20
61.728255
 30
0.0
 10
18.99891
 20
59.178375
 30
0.0
 10
19.0194
 20
58.35584499999999
 30
0.0
  0
SPLINE
  5
3AF
330
1F
100
AcDbEntity
  8
0
 62
     7
100
AcDbSpline
210
0.0
220
0.0
230
1.0
 70
     8
 71
     3
 72
     8
 73
     4
 74
     0
 42
0.000000001
 43
0.0000000001
 40
0.0
 40
0.0
 40
0.0
 40
0.0
 40
1.0
 40
1.0
 40
1.0
 40
1.0
 10
19.0194
 20
58.35584499999999
 30
0.0
 10
18.64926
 20
60.042045
 30
0.0
 10
18.9989
 20
63.72298499999999
 30
0.0
 10
19.57469
 20
64.648265
 30
0.0
  0
SPLINE
  5
3B0
330
1F
100
AcDbEntity
  8
0
 62
     7
100
AcDbSpline
210
0.0
220
0.0
230
1.0
 70
     8
 71
     3
 72
     8
 73
     4
 74
     0
 42
0.000000001
 43
0.0000000001
 40
0.0
 40
0.0
 40
0.0
 40
0.0
 40
1.0
 40
1.0
 40
1.0
 40
1.0
 10
19.57469
 20
64.648265
 30
0.0
 10
18.48475
 20
63.332205
 30
0.0
 10
18.03235
 20
61.419725
 30
0.0
 10
18.01186
 20
60.288805
 30
0.0
  0
SPLINE
  5
3B1
330
1F
100
AcDbEntity
  8
0
 62
     7
100
AcDbSpline
210
0.0
220
0.0
230
1.0
 70
     8
 71
     3
 72
     8
 73
     4
 74
     0
 42
0.000000001
 43
0.0000000001
 40
0.0
 40
0.0
 40
0.0
 40
0.0
 40
1.0
 40
1.0
 40
1.0
 40
1.0
 10
18.01186
 20
60.288805
 30
0.0
 10
17.68285
 20
62.324365
 30
0.0
 10
18.50539
 20
66.211085
 30
0.0
 10
18.50539
 20
66.211085
 30
0.0
  0
SPLINE
  5
3B2
330
1F
100
AcDbEntity
  8
0
 62
     7
100
AcDbSpline
210
0.0
220
0.0
230
1.0
 70
     8
 71
     3
 72
     8
 73
     4
 74
     0
 42
0.000000001
 43
0.0000000001
 40
0.0
 40
0.0
 40
0.0
 40
0.0
 40
1.0
 40
1.0
 40
1.0
 40
1.0
 10
18.50539
 20
66.211085
 30
0.0
 10
18.50539
 20
66.211085
 30
0.0
 10
17.10707
 20
63.681855
 30
0.0
 10
17.08657999999999
 20
62.48917500000001
 30
0.0
  0
SPLINE
  5
3B3
330
1F
100
AcDbEntity
  8
0
 62
     7
100
AcDbSpline
210
0.0
220
0.0
230
1.0
 70
     8
 71
     3
 72
     8
 73
     4
 74
     0
 42
0.000000001
 43
0.0000000001
 40
0.0
 40
0.0
 40
0.0
 40
0.0
 40
1.0
 40
1.0
 40
1.0
 40
1.0
 10
17.08657999999999
 20
62.48917500000001
 30
0.0
 10
16.73708
 20
63.96974499999998
 30
0.0
 10
17.62123
 20
68.534835
 30
0.0
 10
17.62123
 20
68.534835
 30
0.0
  0
SPLINE
  5
3B4
330
1F
100
AcDbEntity
  8
0
 62
     7
100
AcDbSpline
210
0.0
220
0.0
230
1.0
 70
     8
 71
     3
 72
     8
 73
     4
 74
     0
 42
0.000000001
 43
0.0000000001
 40
0.0
 40
0.0
 40
0.0
 40
0.0
 40
1.0
 40
1.0
 40
1.0
 40
1.0
 10
17.62123
 20
68.534835
 30
0.0
 10
17.62123
 20
68.534835
 30
0.0
 10
16.36694
 20
65.79981499999999
 30
0.0
 10
16.3463
 20
64.77164499999999
 30
0.0
  0
SPLINE
  5
3B5
330
1F
100
AcDbEntity
  8
0
 62
     7
100
AcDbSpline
210
0.0
220
0.0
230
1.0
 70
     8
 71
     3
 72
     8
 73
     4
 74
     0
 42
0.000000001
 43
0.0000000001
 40
0.0
 40
0.0
 40
0.0
 40
0.0
 40
1.0
 40
1.0
 40
1.0
 40
1.0
 10
16.3463
 20
64.77164499999999
 30
0.0
 10
15.91454
 20
66.27285500000001
 30
0.0
 10
16.71644
 20
71.022935
 30
0.0
 10
16.71644
 20
71.022935
 30
0.0
  0
SPLINE
  5
3B6
330
1F
100
AcDbEntity
  8
0
 62
     7
100
AcDbSpline
210
0.0
220
0.0
230
1.0
 70
     8
 71
     3
 72
     8
 73
     4
 74
     0
 42
0.000000001
 43
0.0000000001
 40
0.0
 40
0.0
 40
0.0
 40
0.0
 40
1.0
 40
1.0
 40
1.0
 40
1.0
 10
16.71644
 20
71.022935
 30
0.0
 10
16.71644
 20
71.022935
 30
0.0
 10
15.58537
 20
68.57596499999999
 30
0.0
 10
15.56489
 20
67.25974499999999
 30
0.0
  0
SPLINE
  5
3B7
330
1F
100
AcDbEntity
  8
0
 62
     7
100
AcDbSpline
210
0.0
220
0.0
230
1.0
 70
     8
 71
     3
 72
     8
 73
     4
 74
     0
 42
0.000000001
 43
0.0000000001
 40
0.0
 40
0.0
 40
0.0
 40
0.0
 40
1.0
 40
1.0
 40
1.0
 40
1.0
 10
15.56489
 20
67.25974499999999
 30
0.0
 10
15.29764
 20
69.583495
 30
0.0
 10
15.48259
 20
72.56736499999998
 30
0.0
 10
15.48259
 20
72.56736499999998
 30
0.0
  0
SPLINE
  5
3B8
330
1F
100
AcDbEntity
  8
0
 62
     7
100
AcDbSpline
210
0.0
220
0.0
230
1.0
 70
     8
 71
     3
 72
     8
 73
     4
 74
     0
 42
0.000000001
 43
0.0000000001
 40
0.0
 40
0.0
 40
0.0
 40
0.0
 40
1.0
 40
1.0
 40
1.0
 40
1.0
 10
15.48259
 20
72.56736499999998
 30
0.0
 10
14.04315
 20
67.218625
 30
0.0
 10
14.94794
 20
63.476075
 30
0.0
 10
16.0995
 20
59.980285
 30
0.0
  0
SPLINE
  5
3B9
330
1F
100
AcDbEntity
  8
0
 62
     7
100
AcDbSpline
210
0.0
220
0.0
230
1.0
 70
     8
 71
     3
 72
     8
 73
     4
 74
     0
 42
0.000000001
 43
0.0000000001
 40
0.0
 40
0.0
 40
0.0
 40
0.0
 40
1.0
 40
1.0
 40
1.0
 40
1.0
 10
16.0995
 20
59.980285
 30
0.0
 10
17.25105
 20
56.48449499999999
 30
0.0
 10
20.50008
 20
52.289545
 30
0.0
 10
22.26853
 20
50.027565
 30
0.0
  0
SPLINE
  5
3BA
330
1F
100
AcDbEntity
  8
0
 62
     7
100
AcDbSpline
210
0.0
220
0.0
230
1.0
 70
     8
 71
     3
 72
     8
 73
     4
 74
     0
 42
0.000000001
 43
0.0000000001
 40
0.0
 40
0.0
 40
0.0
 40
0.0
 40
1.0
 40
1.0
 40
1.0
 40
1.0
 10
22.26853
 20
50.027565
 30
0.0
 10
23.54213
 20
48.398485
 30
0.0
 10
25.76821
 20
45.83560499999999
 30
0.0
 10
26.83258
 20
41.938715
 30
0.0
  0
SPLINE
  5
3BB
330
1F
100
AcDbEntity
  8
0
 62
     7
100
AcDbSpline
210
0.0
220
0.0
230
1.0
 70
     8
 71
     3
 72
     8
 73
     4
 74
     0
 42
0.000000001
 43
0.0000000001
 40
0.0
 40
0.0
 40
0.0
 40
0.0
 40
1.0
 40
1.0
 40
1.0
 40
1.0
 10
26.83258
 20
41.938715
 30
0.0
 10
26.85548
 20
41.47525499999999
 30
0.0
 10
26.86178
 20
41.067725
 30
0.0
 10
26.85788
 20
40.698324
 30
0.0
  0
SPLINE
  5
3BC
330
1F
100
AcDbEntity
  8
0
 62
     7
100
AcDbSpline
210
0.0
220
0.0
230
1.0
 70
     8
 71
     3
 72
     8
 73
     4
 74
     0
 42
0.000000001
 43
0.0000000001
 40
0.0
 40
0.0
 40
0.0
 40
0.0
 40
1.0
 40
1.0
 40
1.0
 40
1.0
 10
26.85788
 20
40.698324
 30
0.0
 10
25.76376
 20
42.850535
 30
0.0
 10
24.06454
 20
45.072295
 30
0.0
 10
22.21712
 20
47.486665
 30
0.0
  0
SPLINE
  5
3BD
330
1F
100
AcDbEntity
  8
0
 62
     7
100
AcDbSpline
210
0.0
220
0.0
230
1.0
 70
     8
 71
     3
 72
     8
 73
     4
 74
     0
 42
0.000000001
 43
0.0000000001
 40
0.0
 40
0.0
 40
0.0
 40
0.0
 40
1.0
 40
1.0
 40
1.0
 40
1.0
 10
22.21712
 20
47.486665
 30
0.0
 10
18.83798
 20
51.902505
 30
0.0
 10
15.00809
 20
56.907575
 30
0.0
 10
13.78371
 20
63.02950500000001
 30
0.0
  0
SPLINE
  5
3BE
330
1F
100
AcDbEntity
  8
0
 62
     7
100
AcDbSpline
210
0.0
220
0.0
230
1.0
 70
     8
 71
     3
 72
     8
 73
     4
 74
     0
 42
0.000000001
 43
0.0000000001
 40
0.0
 40
0.0
 40
0.0
 40
0.0
 40
1.0
 40
1.0
 40
1.0
 40
1.0
 10
13.78371
 20
63.02950500000001
 30
0.0
 10
12.3314
 20
70.29940500000001
 30
0.0
 10
14.04079
 20
75.709765
 30
0.0
 10
15.41427999999999
 20
80.05710500000002
 30
0.0
  0
LWPOLYLINE
  5
3BF
330
1F
100
AcDbEntity
  8
0
 62
     7
100
AcDbPolyline
 90
        2
 70
     0
 43
0.0
 10
27.31627
 20
61.44019499999998
 10
27.53312
 20
57.57426500000001
  0
SPLINE
  5
3C0
330
1F
100
AcDbEntity
  8
0
 62
     7
100
AcDbSpline
210
0.0
220
0.0
230
1.0
 70
     8
 71
     3
 72
     8
 73
     4
 74
     0
 42
0.000000001
 43
0.0000000001
 40
0.0
 40
0.0
 40
0.0
 40
0.0
 40
1.0
 40
1.0
 40
1.0
 40
1.0
 10
76.19835999999998
 20
92.118155
 30
0.0
 10
75.45479
 20
92.09915499999999
 30
0.0
 10
74.87318000000001
 20
91.91895499999999
 30
0.0
 10
74.26839
 20
91.633755
 30
0.0
  0
SPLINE
  5
3C1
330
1F
100
AcDbEntity
  8
0
 62
     7
100
AcDbSpline
210
0.0
220
0.0
230
1.0
 70
     8
 71
     3
 72
     8
 73
     4
 74
     0
 42
0.000000001
 43
0.0000000001
 40
0.0
 40
0.0
 40
0.0
 40
0.0
 40
1.0
 40
1.0
 40
1.0
 40
1.0
 10
74.26839
 20
91.633755
 30
0.0
 10
72.81519
 20
90.948355
 30
0.0
 10
71.29916999999998
 20
89.538375
 30
0.0
 10
69.60728
 20
86.494225
 30
0.0
  0
SPLINE
  5
3C2
330
1F
100
AcDbEntity
  8
0
 62
     7
100
AcDbSpline
210
0.0
220
0.0
230
1.0
 70
     8
 71
     3
 72
     8
 73
     4
 74
     0
 42
0.000000001
 43
0.0000000001
 40
0.0
 40
0.0
 40
0.0
 40
0.0
 40
1.0
 40
1.0
 40
1.0
 40
1.0
 10
69.60728
 20
86.494225
 30
0.0
 10
72.04753000000002
 20
88.83712499999999
 30
0.0
 10
73.09335
 20
89.87905500000001
 30
0.0
 10
74.51709
 20
90.45483500000001
 30
0.0
  0
SPLINE
  5
3C3
330
1F
100
AcDbEntity
  8
0
 62
     7
100
AcDbSpline
210
0.0
220
0.0
230
1.0
 70
     8
 71
     3
 72
     8
 73
     4
 74
     0
 42
0.000000001
 43
0.0000000001
 40
0.0
 40
0.0
 40
0.0
 40
0.0
 40
1.0
 40
1.0
 40
1.0
 40
1.0
 10
74.51709
 20
90.45483500000001
 30
0.0
 10
75.05488000000003
 20
90.672285
 30
0.0
 10
75.72503000000001
 20
90.873875
 30
0.0
 10
76.48579999999999
 20
91.018795
 30
0.0
  0
SPLINE
  5
3C4
330
1F
100
AcDbEntity
  8
0
 62
     7
100
AcDbSpline
210
0.0
220
0.0
230
1.0
 70
     8
 71
     3
 72
     8
 73
     4
 74
     0
 42
0.000000001
 43
0.0000000001
 40
0.0
 40
0.0
 40
0.0
 40
0.0
 40
1.0
 40
1.0
 40
1.0
 40
1.0
 10
76.48579999999999
 20
91.018795
 30
0.0
 10
76.98546
 20
90.69650499999999
 30
0.0
 10
77.77613999999998
 20
90.10398499999999
 30
0.0
 10
77.85989
 20
89.53642499999999
 30
0.0
  0
SPLINE
  5
3C5
330
1F
100
AcDbEntity
  8
0
 62
     7
100
AcDbSpline
210
0.0
220
0.0
230
1.0
 70
     8
 71
     3
 72
     8
 73
     4
 74
     0
 42
0.000000001
 43
0.0000000001
 40
0.0
 40
0.0
 40
0.0
 40
0.0
 40
1.0
 40
1.0
 40
1.0
 40
1.0
 10
77.85989
 20
89.53642499999999
 30
0.0
 10
77.91959
 20
89.13159499999997
 30
0.0
 10
77.75102
 20
88.64719499999997
 30
0.0
 10
77.56137999999999
 20
88.254315
 30
0.0
  0
SPLINE
  5
3C6
330
1F
100
AcDbEntity
  8
0
 62
     7
100
AcDbSpline
210
0.0
220
0.0
230
1.0
 70
     8
 71
     3
 72
     8
 73
     4
 74
     0
 42
0.000000001
 43
0.0000000001
 40
0.0
 40
0.0
 40
0.0
 40
0.0
 40
1.0
 40
1.0
 40
1.0
 40
1.0
 10
77.56137999999999
 20
88.254315
 30
0.0
 10
73.51943
 20
86.50784499999998
 30
0.0
 10
73.47322
 20
83.124365
 30
0.0
 10
71.17024999999998
 20
81.40690500000003
 30
0.0
  0
SPLINE
  5
3C7
330
1F
100
AcDbEntity
  8
0
 62
     7
100
AcDbSpline
210
0.0
220
0.0
230
1.0
 70
     8
 71
     3
 72
     8
 73
     4
 74
     0
 42
0.000000001
 43
0.0000000001
 40
0.0
 40
0.0
 40
0.0
 40
0.0
 40
1.0
 40
1.0
 40
1.0
 40
1.0
 10
71.17024999999998
 20
81.40690500000003
 30
0.0
 10
68.74376999999999
 20
79.59731500000002
 30
0.0
 10
64.91896
 20
80.275835
 30
0.0
 10
63.66451
 20
82.106065
 30
0.0
  0
SPLINE
  5
3C8
330
1F
100
AcDbEntity
  8
0
 62
     7
100
AcDbSpline
210
0.0
220
0.0
230
1.0
 70
     8
 71
     3
 72
     8
 73
     4
 74
     0
 42
0.000000001
 43
0.0000000001
 40
0.0
 40
0.0
 40
0.0
 40
0.0
 40
1.0
 40
1.0
 40
1.0
 40
1.0
 10
63.66451
 20
82.106065
 30
0.0
 10
62.41006999999999
 20
83.93613499999998
 30
0.0
 10
62.22507
 20
87.226285
 30
0.0
 10
64.07579
 20
90.16694499999999
 30
0.0
  0
SPLINE
  5
3C9
330
1F
100
AcDbEntity
  8
0
 62
     7
100
AcDbSpline
210
0.0
220
0.0
230
1.0
 70
     8
 71
     3
 72
     8
 73
     4
 74
     0
 42
0.000000001
 43
0.0000000001
 40
0.0
 40
0.0
 40
0.0
 40
0.0
 40
1.0
 40
1.0
 40
1.0
 40
1.0
 10
64.07579
 20
90.16694499999999
 30
0.0
 10
65.9265
 20
93.10759500000001
 30
0.0
 10
69.19601999999999
 20
94.690905
 30
0.0
 10
69.19601999999999
 20
94.690905
 30
0.0
  0
SPLINE
  5
3CA
330
1F
100
AcDbEntity
  8
0
 62
     7
100
AcDbSpline
210
0.0
220
0.0
230
1.0
 70
     8
 71
     3
 72
     8
 73
     4
 74
     0
 42
0.000000001
 43
0.0000000001
 40
0.0
 40
0.0
 40
0.0
 40
0.0
 40
1.0
 40
1.0
 40
1.0
 40
1.0
 10
69.19601999999999
 20
94.690905
 30
0.0
 10
69.19601999999999
 20
94.690905
 30
0.0
 10
66.33776999999999
 20
94.320765
 30
0.0
 10
63.54099
 20
90.88658499999999
 30
0.0
  0
SPLINE
  5
3CB
330
1F
100
AcDbEntity
  8
0
 62
     7
100
AcDbSpline
210
0.0
220
0.0
230
1.0
 70
     8
 71
     3
 72
     8
 73
     4
 74
     0
 42
0.000000001
 43
0.0000000001
 40
0.0
 40
0.0
 40
0.0
 40
0.0
 40
1.0
 40
1.0
 40
1.0
 40
1.0
 10
63.54099
 20
90.88658499999999
 30
0.0
 10
60.74419999999999
 20
87.452415
 30
0.0
 10
61.56689
 20
85.540085
 30
0.0
 10
61.19675
 20
82.777705
 30
0.0
  0
SPLINE
  5
3CC
330
1F
100
AcDbEntity
  8
0
 62
     7
100
AcDbSpline
210
0.0
220
0.0
230
1.0
 70
     8
 71
     3
 72
     8
 73
     4
 74
     0
 42
0.000000001
 43
0.0000000001
 40
0.0
 40
0.0
 40
0.0
 40
0.0
 40
1.0
 40
1.0
 40
1.0
 40
1.0
 10
61.19675
 20
82.777705
 30
0.0
 10
60.82660999999998
 20
80.015315
 30
0.0
 10
57.98885
 20
79.946825
 30
0.0
 10
56.30265
 20
81.674155
 30
0.0
  0
SPLINE
  5
3CD
330
1F
100
AcDbEntity
  8
0
 62
     7
100
AcDbSpline
210
0.0
220
0.0
230
1.0
 70
     8
 71
     3
 72
     8
 73
     4
 74
     0
 42
0.000000001
 43
0.0000000001
 40
0.0
 40
0.0
 40
0.0
 40
0.0
 40
1.0
 40
1.0
 40
1.0
 40
1.0
 10
56.30265
 20
81.674155
 30
0.0
 10
59.79843999999999
 20
80.29647500000001
 30
0.0
 10
60.53872
 20
83.01085500000002
 30
0.0
 10
60.57985
 20
84.53240500000003
 30
0.0
  0
SPLINE
  5
3CE
330
1F
100
AcDbEntity
  8
0
 62
     7
100
AcDbSpline
210
0.0
220
0.0
230
1.0
 70
     8
 71
     3
 72
     8
 73
     4
 74
     0
 42
0.000000001
 43
0.0000000001
 40
0.0
 40
0.0
 40
0.0
 40
0.0
 40
1.0
 40
1.0
 40
1.0
 40
1.0
 10
60.57985
 20
84.53240500000003
 30
0.0
 10
60.62095
 20
86.05409499999998
 30
0.0
 10
60.45646999999998
 20
88.809605
 30
0.0
 10
62.28654
 20
91.873635
 30
0.0
  0
SPLINE
  5
3CF
330
1F
100
AcDbEntity
  8
0
 62
     7
100
AcDbSpline
210
0.0
220
0.0
230
1.0
 70
     8
 71
     3
 72
     8
 73
     4
 74
     0
 42
0.000000001
 43
0.0000000001
 40
0.0
 40
0.0
 40
0.0
 40
0.0
 40
1.0
 40
1.0
 40
1.0
 40
1.0
 10
62.28654
 20
91.873635
 30
0.0
 10
64.11660999999999
 20
94.937515
 30
0.0
 10
66.04958
 20
95.94520499999999
 30
0.0
 10
68.45558
 20
96.97337500000001
 30
0.0
  0
SPLINE
  5
3D0
330
1F
100
AcDbEntity
  8
0
 62
     7
100
AcDbSpline
210
0.0
220
0.0
230
1.0
 70
     8
 71
     3
 72
     8
 73
     4
 74
     0
 42
0.000000001
 43
0.0000000001
 40
0.0
 40
0.0
 40
0.0
 40
0.0
 40
1.0
 40
1.0
 40
1.0
 40
1.0
 10
68.45558
 20
96.97337500000001
 30
0.0
 10
69.82563
 20
97.558875
 30
0.0
 10
71.78192
 20
97.69092499999999
 30
0.0
 10
73.47126999999997
 20
97.83659499999998
 30
0.0
  0
SPLINE
  5
3D1
330
1F
100
AcDbEntity
  8
0
 62
     7
100
AcDbSpline
210
0.0
220
0.0
230
1.0
 70
     8
 71
     3
 72
     8
 73
     4
 74
     0
 42
0.000000001
 43
0.0000000001
 40
0.0
 40
0.0
 40
0.0
 40
0.0
 40
1.0
 40
1.0
 40
1.0
 40
1.0
 10
73.47126999999997
 20
97.83659499999998
 30
0.0
 10
74.10626999999998
 20
97.287885
 30
0.0
 10
74.66829
 20
95.868935
 30
0.0
 10
73.26743
 20
94.958155
 30
0.0
  0
SPLINE
  5
3D2
330
1F
100
AcDbEntity
  8
0
 62
     7
100
AcDbSpline
210
0.0
220
0.0
230
1.0
 70
     8
 71
     3
 72
     8
 73
     4
 74
     0
 42
0.000000001
 43
0.0000000001
 40
0.0
 40
0.0
 40
0.0
 40
0.0
 40
1.0
 40
1.0
 40
1.0
 40
1.0
 10
73.26743
 20
94.958155
 30
0.0
 10
73.34973000000002
 20
94.97395500000001
 30
0.0
 10
73.42955
 20
94.989555
 30
0.0
 10
73.51031
 20
95.005255
 30
0.0
  0
SPLINE
  5
3D3
330
1F
100
AcDbEntity
  8
0
 62
     7
100
AcDbSpline
210
0.0
220
0.0
230
1.0
 70
     8
 71
     3
 72
     8
 73
     4
 74
     0
 42
0.000000001
 43
0.0000000001
 40
0.0
 40
0.0
 40
0.0
 40
0.0
 40
1.0
 40
1.0
 40
1.0
 40
1.0
 10
73.51031
 20
95.005255
 30
0.0
 10
74.5639
 20
95.13013499999999
 30
0.0
 10
76.11026999999999
 20
94.316575
 30
0.0
 10
76.19835999999998
 20
92.118145
 30
0.0
  0
LWPOLYLINE
  5
3D4
330
1F
100
AcDbEntity
  8
0
 62
     7
100
AcDbPolyline
 90
        2
 70
     0
 43
0.0
 10
15.41427999999999
 20
80.05710500000002
 10
15.41395
 20
80.057185
  0
SPLINE
  5
3D5
330
1F
100
AcDbEntity
  8
0
 62
     7
100
AcDbSpline
210
0.0
220
0.0
230
1.0
 70
     8
 71
     3
 72
     8
 73
     4
 74
     0
 42
0.000000001
 43
0.0000000001
 40
0.0
 40
0.0
 40
0.0
 40
0.0
 40
1.0
 40
1.0
 40
1.0
 40
1.0
 10
80.0969
 20
91.17672500000001
 30
0.0
 10
80.89685000000001
 20
90.64042499999999
 30
0.0
 10
80.92466999999997
 20
89.64889499999998
 30
0.0
 10
80.49006999999997
 20
88.915935
 30
0.0
  0
SPLINE
  5
3D6
330
1F
100
AcDbEntity
  8
0
 62
     7
100
AcDbSpline
210
0.0
220
0.0
230
1.0
 70
     8
 71
     3
 72
     8
 73
     4
 74
     0
 42
0.000000001
 43
0.0000000001
 40
0.0
 40
0.0
 40
0.0
 40
0.0
 40
1.0
 40
1.0
 40
1.0
 40
1.0
 10
80.49006999999997
 20
88.915935
 30
0.0
 10
80.22251999999998
 20
88.91578499999999
 30
0.0
 10
79.94645
 20
88.897835
 30
0.0
 10
79.66289999999998
 20
88.860735
 30
0.0
  0
SPLINE
  5
3D7
330
1F
100
AcDbEntity
  8
0
 62
     7
100
AcDbSpline
210
0.0
220
0.0
230
1.0
 70
     8
 71
     3
 72
     8
 73
     4
 74
     0
 42
0.000000001
 43
0.0000000001
 40
0.0
 40
0.0
 40
0.0
 40
0.0
 40
1.0
 40
1.0
 40
1.0
 40
1.0
 10
79.66289999999998
 20
88.860735
 30
0.0
 10
79.6303
 20
89.407045
 30
0.0
 10
79.3946
 20
90.35251499999999
 30
0.0
 10
78.30421
 20
91.22784499999999
 30
0.0
  0
SPLINE
  5
3D8
330
1F
100
AcDbEntity
  8
0
 62
     7
100
AcDbSpline
210
0.0
220
0.0
230
1.0
 70
     8
 71
     3
 72
     8
 73
     4
 74
     0
 42
0.000000001
 43
0.0000000001
 40
0.0
 40
0.0
 40
0.0
 40
0.0
 40
1.0
 40
1.0
 40
1.0
 40
1.0
 10
78.30421
 20
91.22784499999999
 30
0.0
 10
78.87954
 20
91.25314499999999
 30
0.0
 10
79.48059
 20
91.23954500000001
 30
0.0
 10
80.0969
 20
91.17674499999999
 30
0.0
  0
LWPOLYLINE
  5
3D9
330
1F
100
AcDbEntity
  8
0
 62
     7
100
AcDbPolyline
 90
        2
 70
     1
 43
0.0
 10
76.19835999999998
 20
92.118145
 10
76.19835999999998
 20
92.118145
  0
SPLINE
  5
3DA
330
1F
100
AcDbEntity
  8
0
 62
     7
100
AcDbSpline
210
0.0
220
0.0
230
1.0
 70
     8
 71
     3
 72
     8
 73
     4
 74
     0
 42
0.000000001
 43
0.0000000001
 40
0.0
 40
0.0
 40
0.0
 40
0.0
 40
1.0
 40
1.0
 40
1.0
 40
1.0
 10
79.67022
 20
80.01456500000001
 30
0.0
 10
81.12042999999998
 20
80.763975
 30
0.0
 10
82.00623
 20
81.95680499999998
 30
0.0
 10
82.87079
 20
82.908105
 30
0.0
  0
SPLINE
  5
3DB
330
1F
100
AcDbEntity
  8
0
 62
     7
100
AcDbSpline
210
0.0
220
0.0
230
1.0
 70
     8
 71
     3
 72
     8
 73
     4
 74
     0
 42
0.000000001
 43
0.0000000001
 40
0.0
 40
0.0
 40
0.0
 40
0.0
 40
1.0
 40
1.0
 40
1.0
 40
1.0
 10
82.87079
 20
82.908105
 30
0.0
 10
82.80039
 20
81.13008499999997
 30
0.0
 10
81.85339
 20
79.39811500000002
 30
0.0
 10
80.16375
 20
77.929955
 30
0.0
  0
SPLINE
  5
3DC
330
1F
100
AcDbEntity
  8
0
 62
     7
100
AcDbSpline
210
0.0
220
0.0
230
1.0
 70
     8
 71
     3
 72
     8
 73
     4
 74
     0
 42
0.000000001
 43
0.0000000001
 40
0.0
 40
0.0
 40
0.0
 40
0.0
 40
1.0
 40
1.0
 40
1.0
 40
1.0
 10
80.16375
 20
77.929955
 30
0.0
 10
80.33094
 20
78.75459499999998
 30
0.0
 10
80.11485
 20
79.575485
 30
0.0
 10
79.67022
 20
80.01456500000001
 30
0.0
  0
LWPOLYLINE
  5
3DD
330
1F
100
AcDbEntity
  8
0
 62
     7
100
AcDbPolyline
 90
        2
 70
     1
 43
0.0
 10
80.0969
 20
91.17674499999999
 10
80.0969
 20
91.17674499999999
  0
SPLINE
  5
3DE
330
1F
100
AcDbEntity
  8
0
 62
     7
100
AcDbSpline
210
0.0
220
0.0
230
1.0
 70
     8
 71
     3
 72
     8
 73
     4
 74
     0
 42
0.000000001
 43
0.0000000001
 40
0.0
 40
0.0
 40
0.0
 40
0.0
 40
1.0
 40
1.0
 40
1.0
 40
1.0
 10
78.05908999999998
 20
80.85161499999998
 30
0.0
 10
75.96161999999998
 20
79.65893499999999
 30
0.0
 10
74.41928
 20
81.07788499999998
 30
0.0
 10
74.52218000000002
 20
81.633025
 30
0.0
  0
SPLINE
  5
3DF
330
1F
100
AcDbEntity
  8
0
 62
     7
100
AcDbSpline
210
0.0
220
0.0
230
1.0
 70
     8
 71
     3
 72
     8
 73
     4
 74
     0
 42
0.000000001
 43
0.0000000001
 40
0.0
 40
0.0
 40
0.0
 40
0.0
 40
1.0
 40
1.0
 40
1.0
 40
1.0
 10
74.52218000000002
 20
81.633025
 30
0.0
 10
74.62506999999998
 20
82.188165
 30
0.0
 10
76.02338
 20
83.771625
 30
0.0
 10
77.23654999999998
 20
84.26514499999997
 30
0.0
  0
SPLINE
  5
3E0
330
1F
100
AcDbEntity
  8
0
 62
     7
100
AcDbSpline
210
0.0
220
0.0
230
1.0
 70
     8
 71
     3
 72
     8
 73
     4
 74
     0
 42
0.000000001
 43
0.0000000001
 40
0.0
 40
0.0
 40
0.0
 40
0.0
 40
1.0
 40
1.0
 40
1.0
 40
1.0
 10
77.23654999999998
 20
84.26514499999997
 30
0.0
 10
78.44973
 20
84.75867499999997
 30
0.0
 10
80.17706
 20
85.027275
 30
0.0
 10
80.65009000000001
 20
84.543315
 30
0.0
  0
SPLINE
  5
3E1
330
1F
100
AcDbEntity
  8
0
 62
     7
100
AcDbSpline
210
0.0
220
0.0
230
1.0
 70
     8
 71
     3
 72
     8
 73
     4
 74
     0
 42
0.000000001
 43
0.0000000001
 40
0.0
 40
0.0
 40
0.0
 40
0.0
 40
1.0
 40
1.0
 40
1.0
 40
1.0
 10
80.65009000000001
 20
84.543315
 30
0.0
 10
81.22272999999998
 20
83.957525
 30
0.0
 10
80.15641999999997
 20
82.04429499999998
 30
0.0
 10
78.05908999999998
 20
80.85161499999998
 30
0.0
  0
LWPOLYLINE
  5
3E2
330
1F
100
AcDbEntity
  8
0
 62
     7
100
AcDbPolyline
 90
        2
 70
     1
 43
0.0
 10
79.67022
 20
80.01456500000001
 10
79.67022
 20
80.01456500000001
  0
SPLINE
  5
3E3
330
1F
100
AcDbEntity
  8
0
 62
     7
100
AcDbSpline
210
0.0
220
0.0
230
1.0
 70
     8
 71
     3
 72
     8
 73
     4
 74
     0
 42
0.000000001
 43
0.0000000001
 40
0.0
 40
0.0
 40
0.0
 40
0.0
 40
1.0
 40
1.0
 40
1.0
 40
1.0
 10
31.91437
 20
80.85161499999998
 30
0.0
 10
29.8169
 20
82.04429499999998
 30
0.0
 10
28.75074000000001
 20
83.957525
 30
0.0
 10
29.32337
 20
84.543315
 30
0.0
  0
SPLINE
  5
3E4
330
1F
100
AcDbEntity
  8
0
 62
     7
100
AcDbSpline
210
0.0
220
0.0
230
1.0
 70
     8
 71
     3
 72
     8
 73
     4
 74
     0
 42
0.000000001
 43
0.0000000001
 40
0.0
 40
0.0
 40
0.0
 40
0.0
 40
1.0
 40
1.0
 40
1.0
 40
1.0
 10
29.32337
 20
84.543315
 30
0.0
 10
29.79641
 20
85.027275
 30
0.0
 10
31.52359000000001
 20
84.75867499999997
 30
0.0
 10
32.73690999999999
 20
84.26514499999997
 30
0.0
  0
SPLINE
  5
3E5
330
1F
100
AcDbEntity
  8
0
 62
     7
100
AcDbSpline
210
0.0
220
0.0
230
1.0
 70
     8
 71
     3
 72
     8
 73
     4
 74
     0
 42
0.000000001
 43
0.0000000001
 40
0.0
 40
0.0
 40
0.0
 40
0.0
 40
1.0
 40
1.0
 40
1.0
 40
1.0
 10
32.73690999999999
 20
84.26514499999997
 30
0.0
 10
33.95023
 20
83.771625
 30
0.0
 10
35.34855
 20
82.188165
 30
0.0
 10
35.45129
 20
81.633025
 30
0.0
  0
SPLINE
  5
3E6
330
1F
100
AcDbEntity
  8
0
 62
     7
100
AcDbSpline
210
0.0
220
0.0
230
1.0
 70
     8
 71
     3
 72
     8
 73
     4
 74
     0
 42
0.000000001
 43
0.0000000001
 40
0.0
 40
0.0
 40
0.0
 40
0.0
 40
1.0
 40
1.0
 40
1.0
 40
1.0
 10
35.45129
 20
81.633025
 30
0.0
 10
35.55403
 20
81.07788499999998
 30
0.0
 10
34.01185
 20
79.65893499999999
 30
0.0
 10
31.91437
 20
80.85161499999998
 30
0.0
  0
LWPOLYLINE
  5
3E7
330
1F
100
AcDbEntity
  8
0
 62
     7
100
AcDbPolyline
 90
        2
 70
     1
 43
0.0
 10
78.05908999999998
 20
80.85161499999998
 10
78.05908999999998
 20
80.85161499999998
  0
SPLINE
  5
3E8
330
1F
100
AcDbEntity
  8
0
 62
     7
100
AcDbSpline
210
0.0
220
0.0
230
1.0
 70
     8
 71
     3
 72
     8
 73
     4
 74
     0
 42
0.000000001
 43
0.0000000001
 40
0.0
 40
0.0
 40
0.0
 40
0.0
 40
1.0
 40
1.0
 40
1.0
 40
1.0
 10
50.20255
 20
29.91298
 30
0.0
 10
51.63002999999999
 20
31.04106
 30
0.0
 10
53.60711
 20
31.32311
 30
0.0
 10
54.9969
 20
31.32446
 30
0.0
  0
SPLINE
  5
3E9
330
1F
100
AcDbEntity
  8
0
 62
     7
100
AcDbSpline
210
0.0
220
0.0
230
1.0
 70
     8
 71
     3
 72
     8
 73
     4
 74
     0
 42
0.000000001
 43
0.0000000001
 40
0.0
 40
0.0
 40
0.0
 40
0.0
 40
1.0
 40
1.0
 40
1.0
 40
1.0
 10
54.9969
 20
31.32446
 30
0.0
 10
56.43589999999999
 20
31.32346
 30
0.0
 10
58.5063
 20
31.02356
 30
0.0
 10
59.94246
 20
29.79259
 30
0.0
  0
LWPOLYLINE
  5
3EA
330
1F
100
AcDbEntity
  8
0
 62
     7
100
AcDbPolyline
 90
        2
 70
     1
 43
0.0
 10
31.91437
 20
80.85161499999998
 10
31.91437
 20
80.85161499999998
  0
SPLINE
  5
3EB
330
1F
100
AcDbEntity
  8
0
 62
     7
100
AcDbSpline
210
0.0
220
0.0
230
1.0
 70
     8
 71
     3
 72
     8
 73
     4
 74
     0
 42
0.000000001
 43
0.0000000001
 40
0.0
 40
0.0
 40
0.0
 40
0.0
 40
1.0
 40
1.0
 40
1.0
 40
1.0
 10
59.94845999999999
 20
29.79259
 30
0.0
 10
61.58591
 20
28.36168
 30
0.0
 10
63.25925
 20
27.10663
 30
0.0
 10
64.52821
 20
26.22083
 30
0.0
  0
SPLINE
  5
3EC
330
1F
100
AcDbEntity
  8
0
 62
     7
100
AcDbSpline
210
0.0
220
0.0
230
1.0
 70
     8
 71
     3
 72
     8
 73
     4
 74
     0
 42
0.000000001
 43
0.0000000001
 40
0.0
 40
0.0
 40
0.0
 40
0.0
 40
1.0
 40
1.0
 40
1.0
 40
1.0
 10
64.52821
 20
26.22083
 30
0.0
 10
61.21696
 20
27.919
 30
0.0
 10
58.4975
 20
30.344
 30
0.0
 10
54.98630999999999
 20
30.344
 30
0.0
  0
SPLINE
  5
3ED
330
1F
100
AcDbEntity
  8
0
 62
     7
100
AcDbSpline
210
0.0
220
0.0
230
1.0
 70
     8
 71
     3
 72
     8
 73
     4
 74
     0
 42
0.000000001
 43
0.0000000001
 40
0.0
 40
0.0
 40
0.0
 40
0.0
 40
1.0
 40
1.0
 40
1.0
 40
1.0
 10
54.98630999999999
 20
30.344
 30
0.0
 10
51.5309
 20
30.344
 30
0.0
 10
48.84209
 20
27.99527
 30
0.0
 10
45.60144
 20
26.30219
 30
0.0
  0
SPLINE
  5
3EE
330
1F
100
AcDbEntity
  8
0
 62
     7
100
AcDbSpline
210
0.0
220
0.0
230
1.0
 70
     8
 71
     3
 72
     8
 73
     4
 74
     0
 42
0.000000001
 43
0.0000000001
 40
0.0
 40
0.0
 40
0.0
 40
0.0
 40
1.0
 40
1.0
 40
1.0
 40
1.0
 10
45.60144
 20
26.30219
 30
0.0
 10
46.89162999999999
 20
27.20788
 30
0.0
 10
48.57126
 20
28.47578
 30
0.0
 10
50.20227
 20
29.91298
 30
0.0
  0
LWPOLYLINE
  5
3EF
330
1F
100
AcDbEntity
  8
0
 62
     7
100
AcDbPolyline
 90
        2
 70
     0
 43
0.0
 10
59.94246
 20
29.79259
 10
59.94845999999999
 20
29.79259
  0
LWPOLYLINE
  5
3F0
330
1F
100
AcDbEntity
  8
0
 62
     7
100
AcDbPolyline
 90
        2
 70
     0
 43
0.0
 10
50.20227
 20
29.91298
 10
50.20255
 20
29.91298
  0
SPLINE
  5
3F1
330
1F
100
AcDbEntity
  8
0
 62
     7
100
AcDbSpline
210
0.0
220
0.0
230
1.0
 70
     8
 71
     3
 72
     8
 73
     4
 74
     0
 42
0.000000001
 43
0.0000000001
 40
0.0
 40
0.0
 40
0.0
 40
0.0
 40
1.0
 40
1.0
 40
1.0
 40
1.0
 10
54.98737
 20
22.72175
 30
0.0
 10
53.47554
 20
22.72275
 30
0.0
 10
49.69082
 20
22.90779
 30
0.0
 10
47.20464999999999
 20
24.58518
 30
0.0
  0
SPLINE
  5
3F2
330
1F
100
AcDbEntity
  8
0
 62
     7
100
AcDbSpline
210
0.0
220
0.0
230
1.0
 70
     8
 71
     3
 72
     8
 73
     4
 74
     0
 42
0.000000001
 43
0.0000000001
 40
0.0
 40
0.0
 40
0.0
 40
0.0
 40
1.0
 40
1.0
 40
1.0
 40
1.0
 10
47.20464999999999
 20
24.58518
 30
0.0
 10
46.40424999999999
 20
25.12521
 30
0.0
 10
45.60578999999999
 20
25.41714
 30
0.0
 10
44.82511999999998
 20
25.54665
 30
0.0
  0
SPLINE
  5
3F3
330
1F
100
AcDbEntity
  8
0
 62
     7
100
AcDbSpline
210
0.0
220
0.0
230
1.0
 70
     8
 71
     3
 72
     8
 73
     4
 74
     0
 42
0.000000001
 43
0.0000000001
 40
0.0
 40
0.0
 40
0.0
 40
0.0
 40
1.0
 40
1.0
 40
1.0
 40
1.0
 10
44.82511999999998
 20
25.54665
 30
0.0
 10
48.15192
 20
25.70682
 30
0.0
 10
51.17931
 20
23.99998
 30
0.0
 10
52.70414999999999
 20
24.02286
 30
0.0
  0
SPLINE
  5
3F4
330
1F
100
AcDbEntity
  8
0
 62
     7
100
AcDbSpline
210
0.0
220
0.0
230
1.0
 70
     8
 71
     3
 72
     8
 73
     4
 74
     0
 42
0.000000001
 43
0.0000000001
 40
0.0
 40
0.0
 40
0.0
 40
0.0
 40
1.0
 40
1.0
 40
1.0
 40
1.0
 10
52.70414999999999
 20
24.02286
 30
0.0
 10
51.14132
 20
24.6278
 30
0.0
 10
50.42841
 20
25.50163
 30
0.0
 10
50.56555
 20
26.51605
 30
0.0
  0
SPLINE
  5
3F5
330
1F
100
AcDbEntity
  8
0
 62
     7
100
AcDbSpline
210
0.0
220
0.0
230
1.0
 70
     8
 71
     3
 72
     8
 73
     4
 74
     0
 42
0.000000001
 43
0.0000000001
 40
0.0
 40
0.0
 40
0.0
 40
0.0
 40
1.0
 40
1.0
 40
1.0
 40
1.0
 10
50.56555
 20
26.51605
 30
0.0
 10
50.70269
 20
27.53046
 30
0.0
 10
52.81376999999999
 20
28.51751
 30
0.0
 10
54.98676999999999
 20
28.51751
 30
0.0
  0
SPLINE
  5
3F6
330
1F
100
AcDbEntity
  8
0
 62
     7
100
AcDbSpline
210
0.0
220
0.0
230
1.0
 70
     8
 71
     3
 72
     8
 73
     4
 74
     0
 42
0.000000001
 43
0.0000000001
 40
0.0
 40
0.0
 40
0.0
 40
0.0
 40
1.0
 40
1.0
 40
1.0
 40
1.0
 10
54.98676999999999
 20
28.51751
 30
0.0
 10
57.15976
 20
28.51751
 30
0.0
 10
59.271
 20
27.53046
 30
0.0
 10
59.40799000000001
 20
26.51605
 30
0.0
  0
SPLINE
  5
3F7
330
1F
100
AcDbEntity
  8
0
 62
     7
100
AcDbSpline
210
0.0
220
0.0
230
1.0
 70
     8
 71
     3
 72
     8
 73
     4
 74
     0
 42
0.000000001
 43
0.0000000001
 40
0.0
 40
0.0
 40
0.0
 40
0.0
 40
1.0
 40
1.0
 40
1.0
 40
1.0
 10
59.40799000000001
 20
26.51605
 30
0.0
 10
59.54513000000001
 20
25.50163
 30
0.0
 10
58.83220999999998
 20
24.6278
 30
0.0
 10
57.26939
 20
24.02286
 30
0.0
  0
SPLINE
  5
3F8
330
1F
100
AcDbEntity
  8
0
 62
     7
100
AcDbSpline
210
0.0
220
0.0
230
1.0
 70
     8
 71
     3
 72
     8
 73
     4
 74
     0
 42
0.000000001
 43
0.0000000001
 40
0.0
 40
0.0
 40
0.0
 40
0.0
 40
1.0
 40
1.0
 40
1.0
 40
1.0
 10
57.26939
 20
24.02286
 30
0.0
 10
58.79691
 20
23.99996
 30
0.0
 10
61.83253
 20
25.7131
 30
0.0
 10
65.16651
 20
25.5459
 30
0.0
  0
SPLINE
  5
3F9
330
1F
100
AcDbEntity
  8
0
 62
     7
100
AcDbSpline
210
0.0
220
0.0
230
1.0
 70
     8
 71
     3
 72
     8
 73
     4
 74
     0
 42
0.000000001
 43
0.0000000001
 40
0.0
 40
0.0
 40
0.0
 40
0.0
 40
1.0
 40
1.0
 40
1.0
 40
1.0
 10
65.16651
 20
25.5459
 30
0.0
 10
64.38644
 20
25.41609
 30
0.0
 10
63.58873
 20
25.12461
 30
0.0
 10
62.78921999999999
 20
24.58518
 30
0.0
  0
SPLINE
  5
3FA
330
1F
100
AcDbEntity
  8
0
 62
     7
100
AcDbSpline
210
0.0
220
0.0
230
1.0
 70
     8
 71
     3
 72
     8
 73
     4
 74
     0
 42
0.000000001
 43
0.0000000001
 40
0.0
 40
0.0
 40
0.0
 40
0.0
 40
1.0
 40
1.0
 40
1.0
 40
1.0
 10
62.78921999999999
 20
24.58518
 30
0.0
 10
60.30291
 20
22.90779
 30
0.0
 10
56.51819
 20
22.72325
 30
0.0
 10
55.00651
 20
22.72175
 30
0.0
  0
LWPOLYLINE
  5
3FB
330
1F
100
AcDbEntity
  8
0
 62
     7
100
AcDbPolyline
 90
        2
 70
     0
 43
0.0
 10
55.00707
 20
22.06372
 10
54.98737
 20
22.72175
  0
SPLINE
  5
3FC
330
1F
100
AcDbEntity
  8
0
 62
     7
100
AcDbSpline
210
0.0
220
0.0
230
1.0
 70
     8
 71
     3
 72
     8
 73
     4
 74
     0
 42
0.000000001
 43
0.0000000001
 40
0.0
 40
0.0
 40
0.0
 40
0.0
 40
1.0
 40
1.0
 40
1.0
 40
1.0
 10
60.93054999999999
 20
26.47372
 30
0.0
 10
61.32178
 20
26.53232
 30
0.0
 10
61.67756
 20
26.32238
 30
0.0
 10
61.72512
 20
26.00458
 30
0.0
  0
SPLINE
  5
3FD
330
1F
100
AcDbEntity
  8
0
 62
     7
100
AcDbSpline
210
0.0
220
0.0
230
1.0
 70
     8
 71
     3
 72
     8
 73
     4
 74
     0
 42
0.000000001
 43
0.0000000001
 40
0.0
 40
0.0
 40
0.0
 40
0.0
 40
1.0
 40
1.0
 40
1.0
 40
1.0
 10
61.72512
 20
26.00458
 30
0.0
 10
61.77281999999999
 20
25.68678
 30
0.0
 10
61.49421
 20
25.38169
 30
0.0
 10
61.10298
 20
25.32307
 30
0.0
  0
SPLINE
  5
3FE
330
1F
100
AcDbEntity
  8
0
 62
     7
100
AcDbSpline
210
0.0
220
0.0
230
1.0
 70
     8
 71
     3
 72
     8
 73
     4
 74
     0
 42
0.000000001
 43
0.0000000001
 40
0.0
 40
0.0
 40
0.0
 40
0.0
 40
1.0
 40
1.0
 40
1.0
 40
1.0
 10
61.10298
 20
25.32307
 30
0.0
 10
60.71175
 20
25.26447
 30
0.0
 10
60.35596999999999
 20
25.47441
 30
0.0
 10
60.30840999999998
 20
25.79221
 30
0.0
  0
SPLINE
  5
3FF
330
1F
100
AcDbEntity
  8
0
 62
     7
100
AcDbSpline
210
0.0
220
0.0
230
1.0
 70
     8
 71
     3
 72
     8
 73
     4
 74
     0
 42
0.000000001
 43
0.0000000001
 40
0.0
 40
0.0
 40
0.0
 40
0.0
 40
1.0
 40
1.0
 40
1.0
 40
1.0
 10
60.30840999999998
 20
25.79221
 30
0.0
 10
60.26070999999999
 20
26.10986
 30
0.0
 10
60.53931999999999
 20
26.4151
 30
0.0
 10
60.93054999999999
 20
26.47372
 30
0.0
  0
LWPOLYLINE
  5
400
330
1F
100
AcDbEntity
  8
0
 62
     7
100
AcDbPolyline
 90
        2
 70
     0
 43
0.0
 10
55.00651
 20
22.72175
 10
55.00707
 20
22.06372
  0
LWPOLYLINE
  5
401
330
1F
100
AcDbEntity
  8
0
 62
     7
100
AcDbPolyline
 90
        2
 70
     1
 43
0.0
 10
60.93054999999999
 20
26.47372
 10
60.93054999999999
 20
26.47372
  0
SPLINE
  5
402
330
1F
100
AcDbEntity
  8
0
 62
     7
100
AcDbSpline
210
0.0
220
0.0
230
1.0
 70
     8
 71
     3
 72
     8
 73
     4
 74
     0
 42
0.000000001
 43
0.0000000001
 40
0.0
 40
0.0
 40
0.0
 40
0.0
 40
1.0
 40
1.0
 40
1.0
 40
1.0
 10
11.97708
 20
52.84985500000001
 30
0.0
 10
13.28537
 20
53.117105
 30
0.0
 10
14.94809
 20
53.413365
 30
0.0
 10
16.26909
 20
53.599865
 30
0.0
  0
SPLINE
  5
403
330
1F
100
AcDbEntity
  8
0
 62
     7
100
AcDbSpline
210
0.0
220
0.0
230
1.0
 70
     8
 71
     3
 72
     8
 73
     4
 74
     0
 42
0.000000001
 43
0.0000000001
 40
0.0
 40
0.0
 40
0.0
 40
0.0
 40
1.0
 40
1.0
 40
1.0
 40
1.0
 10
16.26909
 20
53.599865
 30
0.0
 10
16.63847999999999
 20
52.994625
 30
0.0
 10
17.02134
 20
52.401945
 30
0.0
 10
17.41287
 20
51.820335
 30
0.0
  0
LWPOLYLINE
  5
404
330
1F
100
AcDbEntity
  8
0
 62
     7
100
AcDbPolyline
 90
        2
 70
     0
 43
0.0
 10
15.72846
 20
54.511085
 10
11.97708
 20
52.84985500000001
  0
SPLINE
  5
405
330
1F
100
AcDbEntity
  8
0
 62
     7
100
AcDbSpline
210
0.0
220
0.0
230
1.0
 70
     8
 71
     3
 72
     8
 73
     4
 74
     0
 42
0.000000001
 43
0.0000000001
 40
0.0
 40
0.0
 40
0.0
 40
0.0
 40
1.0
 40
1.0
 40
1.0
 40
1.0
 10
16.74077999999999
 20
48.778905
 30
0.0
 10
16.83908
 20
48.73750499999999
 30
0.0
 10
16.94477
 20
48.715605
 30
0.0
 10
17.04676
 20
48.715605
 30
0.0
  0
SPLINE
  5
406
330
1F
100
AcDbEntity
  8
0
 62
     7
100
AcDbSpline
210
0.0
220
0.0
230
1.0
 70
     8
 71
     3
 72
     8
 73
     4
 74
     0
 42
0.000000001
 43
0.0000000001
 40
0.0
 40
0.0
 40
0.0
 40
0.0
 40
1.0
 40
1.0
 40
1.0
 40
1.0
 10
17.04676
 20
48.715605
 30
0.0
 10
17.15594
 20
48.715605
 30
0.0
 10
17.25554
 20
48.739505
 30
0.0
 10
17.34258
 20
48.786605
 30
0.0
  0
SPLINE
  5
407
330
1F
100
AcDbEntity
  8
0
 62
     7
100
AcDbSpline
210
0.0
220
0.0
230
1.0
 70
     8
 71
     3
 72
     8
 73
     4
 74
     0
 42
0.000000001
 43
0.0000000001
 40
0.0
 40
0.0
 40
0.0
 40
0.0
 40
1.0
 40
1.0
 40
1.0
 40
1.0
 10
17.34258
 20
48.786605
 30
0.0
 10
17.853
 20
49.06313499999999
 30
0.0
 10
18.12863
 20
49.85231500000001
 30
0.0
 10
18.25859
 20
50.596345
 30
0.0
  0
SPLINE
  5
408
330
1F
100
AcDbEntity
  8
0
 62
     7
100
AcDbSpline
210
0.0
220
0.0
230
1.0
 70
     8
 71
     3
 72
     8
 73
     4
 74
     0
 42
0.000000001
 43
0.0000000001
 40
0.0
 40
0.0
 40
0.0
 40
0.0
 40
1.0
 40
1.0
 40
1.0
 40
1.0
 10
18.25859
 20
50.596345
 30
0.0
 10
18.51028
 20
50.241155
 30
0.0
 10
18.76408
 20
49.89045499999999
 30
0.0
 10
19.01876
 20
49.543345
 30
0.0
  0
SPLINE
  5
409
330
1F
100
AcDbEntity
  8
0
 62
     7
100
AcDbSpline
210
0.0
220
0.0
230
1.0
 70
     8
 71
     3
 72
     8
 73
     4
 74
     0
 42
0.000000001
 43
0.0000000001
 40
0.0
 40
0.0
 40
0.0
 40
0.0
 40
1.0
 40
1.0
 40
1.0
 40
1.0
 10
19.01876
 20
49.543345
 30
0.0
 10
18.7584
 20
48.774795
 30
0.0
 10
18.29179
 20
48.053655
 30
0.0
 10
17.45878
 20
47.79881500000001
 30
0.0
  0
SPLINE
  5
40A
330
1F
100
AcDbEntity
  8
0
 62
     7
100
AcDbSpline
210
0.0
220
0.0
230
1.0
 70
     8
 71
     3
 72
     8
 73
     4
 74
     0
 42
0.000000001
 43
0.0000000001
 40
0.0
 40
0.0
 40
0.0
 40
0.0
 40
1.0
 40
1.0
 40
1.0
 40
1.0
 10
17.45878
 20
47.79881500000001
 30
0.0
 10
17.15474
 20
47.705915
 30
0.0
 10
16.80883
 20
47.728115
 30
0.0
 10
16.4852
 20
47.861315
 30
0.0
  0
LWPOLYLINE
  5
40B
330
1F
100
AcDbEntity
  8
0
 62
     7
100
AcDbPolyline
 90
        4
 70
     0
 43
0.0
 10
17.41287
 20
51.820335
 10
9.62358
 20
51.807635
 10
9.59008
 20
51.792835
 10
16.74077999999999
 20
48.778905
  0
SPLINE
  5
40C
330
1F
100
AcDbEntity
  8
0
 62
     7
100
AcDbSpline
210
0.0
220
0.0
230
1.0
 70
     8
 71
     3
 72
     8
 73
     4
 74
     0
 42
0.000000001
 43
0.0000000001
 40
0.0
 40
0.0
 40
0.0
 40
0.0
 40
1.0
 40
1.0
 40
1.0
 40
1.0
 10
15.2321
 20
55.405495
 30
0.0
 10
15.39361
 20
55.104445
 30
0.0
 10
15.55887
 20
54.80608499999998
 30
0.0
 10
15.72846
 20
54.511015
 30
0.0
  0
LWPOLYLINE
  5
40D
330
1F
100
AcDbEntity
  8
0
 62
     7
100
AcDbPolyline
 90
        3
 70
     0
 43
0.0
 10
16.4852
 20
47.861315
 10
7.102419999999998
 20
51.723215
 10
15.2321
 20
55.405495
  0
SPLINE
  5
40E
330
1F
100
AcDbEntity
  8
0
 62
     7
100
AcDbSpline
210
0.0
220
0.0
230
1.0
 70
     8
 71
     3
 72
     8
 73
     4
 74
     0
 42
0.000000001
 43
0.0000000001
 40
0.0
 40
0.0
 40
0.0
 40
0.0
 40
1.0
 40
1.0
 40
1.0
 40
1.0
 10
18.32439
 20
42.356955
 30
0.0
 10
18.65505
 20
42.63422499999999
 30
0.0
 10
19.06497
 20
42.77913499999999
 30
0.0
 10
19.47609
 20
42.769125
 30
0.0
  0
SPLINE
  5
40F
330
1F
100
AcDbEntity
  8
0
 62
     7
100
AcDbSpline
210
0.0
220
0.0
230
1.0
 70
     8
 71
     3
 72
     8
 73
     4
 74
     0
 42
0.000000001
 43
0.0000000001
 40
0.0
 40
0.0
 40
0.0
 40
0.0
 40
1.0
 40
1.0
 40
1.0
 40
1.0
 10
19.47609
 20
42.769125
 30
0.0
 10
21.84321
 20
42.703625
 30
0.0
 10
22.8138
 20
39.04331
 30
0.0
 10
22.82696
 20
38.99202000000001
 30
0.0
  0
SPLINE
  5
410
330
1F
100
AcDbEntity
  8
0
 62
     7
100
AcDbSpline
210
0.0
220
0.0
230
1.0
 70
     8
 71
     3
 72
     8
 73
     4
 74
     0
 42
0.000000001
 43
0.0000000001
 40
0.0
 40
0.0
 40
0.0
 40
0.0
 40
1.0
 40
1.0
 40
1.0
 40
1.0
 10
22.82696
 20
38.99202000000001
 30
0.0
 10
22.83096
 20
38.97532
 30
0.0
 10
22.83696
 20
38.95782
 30
0.0
 10
22.84206
 20
38.94152
 30
0.0
  0
SPLINE
  5
411
330
1F
100
AcDbEntity
  8
0
 62
     7
100
AcDbSpline
210
0.0
220
0.0
230
1.0
 70
     8
 71
     3
 72
     8
 73
     4
 74
     0
 42
0.000000001
 43
0.0000000001
 40
0.0
 40
0.0
 40
0.0
 40
0.0
 40
1.0
 40
1.0
 40
1.0
 40
1.0
 10
22.84206
 20
38.94152
 30
0.0
 10
22.85476
 20
38.90422
 30
0.0
 10
24.08454
 20
35.20973
 30
0.0
 10
22.02969
 20
33.89487000000001
 30
0.0
  0
SPLINE
  5
412
330
1F
100
AcDbEntity
  8
0
 62
     7
100
AcDbSpline
210
0.0
220
0.0
230
1.0
 70
     8
 71
     3
 72
     8
 73
     4
 74
     0
 42
0.000000001
 43
0.0000000001
 40
0.0
 40
0.0
 40
0.0
 40
0.0
 40
1.0
 40
1.0
 40
1.0
 40
1.0
 10
22.02969
 20
33.89487000000001
 30
0.0
 10
21.71787
 20
33.69552
 30
0.0
 10
21.32455
 20
33.61251
 30
0.0
 10
20.92121
 20
33.65962000000001
 30
0.0
  0
LWPOLYLINE
  5
413
330
1F
100
AcDbEntity
  8
0
 62
     7
100
AcDbPolyline
 90
        2
 70
     1
 43
0.0
 10
15.72846
 20
54.511015
 10
15.72846
 20
54.511015
  0
SPLINE
  5
414
330
1F
100
AcDbEntity
  8
0
 62
     7
100
AcDbSpline
210
0.0
220
0.0
230
1.0
 70
     8
 71
     3
 72
     8
 73
     4
 74
     0
 42
0.000000001
 43
0.0000000001
 40
0.0
 40
0.0
 40
0.0
 40
0.0
 40
1.0
 40
1.0
 40
1.0
 40
1.0
 10
23.63081
 20
29.51383
 30
0.0
 10
23.81999
 20
29.93587
 30
0.0
 10
24.14632
 20
30.26847
 30
0.0
 10
24.54936
 20
30.45033
 30
0.0
  0
SPLINE
  5
415
330
1F
100
AcDbEntity
  8
0
 62
     7
100
AcDbSpline
210
0.0
220
0.0
230
1.0
 70
     8
 71
     3
 72
     8
 73
     4
 74
     0
 42
0.000000001
 43
0.0000000001
 40
0.0
 40
0.0
 40
0.0
 40
0.0
 40
1.0
 40
1.0
 40
1.0
 40
1.0
 10
24.54936
 20
30.45033
 30
0.0
 10
24.88316
 20
30.60108
 30
0.0
 10
25.22384
 20
30.66538
 30
0.0
 10
25.56228
 20
30.66538
 30
0.0
  0
SPLINE
  5
416
330
1F
100
AcDbEntity
  8
0
 62
     7
100
AcDbSpline
210
0.0
220
0.0
230
1.0
 70
     8
 71
     3
 72
     8
 73
     4
 74
     0
 42
0.000000001
 43
0.0000000001
 40
0.0
 40
0.0
 40
0.0
 40
0.0
 40
1.0
 40
1.0
 40
1.0
 40
1.0
 10
25.56228
 20
30.66538
 30
0.0
 10
27.55597
 20
30.66538
 30
0.0
 10
29.47547
 20
28.42972
 30
0.0
 10
29.4979
 20
28.4034
 30
0.0
  0
SPLINE
  5
417
330
1F
100
AcDbEntity
  8
0
 62
     7
100
AcDbSpline
210
0.0
220
0.0
230
1.0
 70
     8
 71
     3
 72
     8
 73
     4
 74
     0
 42
0.000000001
 43
0.0000000001
 40
0.0
 40
0.0
 40
0.0
 40
0.0
 40
1.0
 40
1.0
 40
1.0
 40
1.0
 10
29.4979
 20
28.4034
 30
0.0
 10
29.5091
 20
28.3901
 30
0.0
 10
29.5214
 20
28.3768
 30
0.0
 10
29.5335
 20
28.3644
 30
0.0
  0
SPLINE
  5
418
330
1F
100
AcDbEntity
  8
0
 62
     7
100
AcDbSpline
210
0.0
220
0.0
230
1.0
 70
     8
 71
     3
 72
     8
 73
     4
 74
     0
 42
0.000000001
 43
0.0000000001
 40
0.0
 40
0.0
 40
0.0
 40
0.0
 40
1.0
 40
1.0
 40
1.0
 40
1.0
 10
29.5335
 20
28.3644
 30
0.0
 10
29.5627
 20
28.3348
 30
0.0
 10
32.44334
 20
25.38203
 30
0.0
 10
31.08675
 20
23.16999
 30
0.0
  0
SPLINE
  5
419
330
1F
100
AcDbEntity
  8
0
 62
     7
100
AcDbSpline
210
0.0
220
0.0
230
1.0
 70
     8
 71
     3
 72
     8
 73
     4
 74
     0
 42
0.000000001
 43
0.0000000001
 40
0.0
 40
0.0
 40
0.0
 40
0.0
 40
1.0
 40
1.0
 40
1.0
 40
1.0
 10
31.08675
 20
23.16999
 30
0.0
 10
30.87902
 20
22.83096
 30
0.0
 10
30.53819000000001
 20
22.5661
 30
0.0
 10
30.12692
 20
22.42358
 30
0.0
  0
LWPOLYLINE
  5
41A
330
1F
100
AcDbEntity
  8
0
 62
     7
100
AcDbPolyline
 90
        3
 70
     0
 43
0.0
 10
20.92121
 20
33.65962000000001
 10
9.55776
 20
35.00858
 10
18.32439
 20
42.356955
  0
SPLINE
  5
41B
330
1F
100
AcDbEntity
  8
0
 62
     7
100
AcDbSpline
210
0.0
220
0.0
230
1.0
 70
     8
 71
     3
 72
     8
 73
     4
 74
     0
 42
0.000000001
 43
0.0000000001
 40
0.0
 40
0.0
 40
0.0
 40
0.0
 40
1.0
 40
1.0
 40
1.0
 40
1.0
 10
34.97108
 20
20.15199
 30
0.0
 10
35.02698
 20
20.61097
 30
0.0
 10
35.24042
 20
21.02523
 30
0.0
 10
35.57168
 20
21.3182
 30
0.0
  0
SPLINE
  5
41C
330
1F
100
AcDbEntity
  8
0
 62
     7
100
AcDbSpline
210
0.0
220
0.0
230
1.0
 70
     8
 71
     3
 72
     8
 73
     4
 74
     0
 42
0.000000001
 43
0.0000000001
 40
0.0
 40
0.0
 40
0.0
 40
0.0
 40
1.0
 40
1.0
 40
1.0
 40
1.0
 10
35.57168
 20
21.3182
 30
0.0
 10
36.10154
 20
21.7866
 30
0.0
 10
36.75045
 20
21.95574
 30
0.0
 10
37.41103
 20
21.95574
 30
0.0
  0
SPLINE
  5
41D
330
1F
100
AcDbEntity
  8
0
 62
     7
100
AcDbSpline
210
0.0
220
0.0
230
1.0
 70
     8
 71
     3
 72
     8
 73
     4
 74
     0
 42
0.000000001
 43
0.0000000001
 40
0.0
 40
0.0
 40
0.0
 40
0.0
 40
1.0
 40
1.0
 40
1.0
 40
1.0
 10
37.41103
 20
21.95574
 30
0.0
 10
39.1074
 20
21.95574
 30
0.0
 10
40.87974
 20
20.84158
 30
0.0
 10
40.90427
 20
20.82587
 30
0.0
  0
SPLINE
  5
41E
330
1F
100
AcDbEntity
  8
0
 62
     7
100
AcDbSpline
210
0.0
220
0.0
230
1.0
 70
     8
 71
     3
 72
     8
 73
     4
 74
     0
 42
0.000000001
 43
0.0000000001
 40
0.0
 40
0.0
 40
0.0
 40
0.0
 40
1.0
 40
1.0
 40
1.0
 40
1.0
 10
40.90427
 20
20.82587
 30
0.0
 10
40.91937
 20
20.81587
 30
0.0
 10
40.93477
 20
20.80717
 30
0.0
 10
40.95047
 20
20.79897
 30
0.0
  0
SPLINE
  5
41F
330
1F
100
AcDbEntity
  8
0
 62
     7
100
AcDbSpline
210
0.0
220
0.0
230
1.0
 70
     8
 71
     3
 72
     8
 73
     4
 74
     0
 42
0.000000001
 43
0.0000000001
 40
0.0
 40
0.0
 40
0.0
 40
0.0
 40
1.0
 40
1.0
 40
1.0
 40
1.0
 10
40.95047
 20
20.79897
 30
0.0
 10
40.98707
 20
20.77957
 30
0.0
 10
44.6139
 20
18.82114
 30
0.0
 10
43.96932999999999
 20
16.29639
 30
0.0
  0
SPLINE
  5
420
330
1F
100
AcDbEntity
  8
0
 62
     7
100
AcDbSpline
210
0.0
220
0.0
230
1.0
 70
     8
 71
     3
 72
     8
 73
     4
 74
     0
 42
0.000000001
 43
0.0000000001
 40
0.0
 40
0.0
 40
0.0
 40
0.0
 40
1.0
 40
1.0
 40
1.0
 40
1.0
 10
43.96932999999999
 20
16.29639
 30
0.0
 10
43.87093
 20
15.91129
 30
0.0
 10
43.62370999999998
 20
15.55715
 30
0.0
 10
43.27301
 20
15.29947
 30
0.0
  0
LWPOLYLINE
  5
421
330
1F
100
AcDbEntity
  8
0
 62
     7
100
AcDbPolyline
 90
        3
 70
     0
 43
0.0
 10
30.12692
 20
22.42358
 10
18.6712
 20
18.4561
 10
23.63081
 20
29.51383
  0
SPLINE
  5
422
330
1F
100
AcDbEntity
  8
0
 62
     7
100
AcDbSpline
210
0.0
220
0.0
230
1.0
 70
     8
 71
     3
 72
     8
 73
     4
 74
     0
 42
0.000000001
 43
0.0000000001
 40
0.0
 40
0.0
 40
0.0
 40
0.0
 40
1.0
 40
1.0
 40
1.0
 40
1.0
 10
50.10698
 20
15.74916
 30
0.0
 10
49.91735
 20
16.17793
 30
0.0
 10
49.88804
 20
16.64932
 30
0.0
 10
50.02448
 20
17.07645
 30
0.0
  0
SPLINE
  5
423
330
1F
100
AcDbEntity
  8
0
 62
     7
100
AcDbSpline
210
0.0
220
0.0
230
1.0
 70
     8
 71
     3
 72
     8
 73
     4
 74
     0
 42
0.000000001
 43
0.0000000001
 40
0.0
 40
0.0
 40
0.0
 40
0.0
 40
1.0
 40
1.0
 40
1.0
 40
1.0
 10
50.02448
 20
17.07645
 30
0.0
 10
50.74069
 20
19.32018
 30
0.0
 10
54.25726
 20
19.4138
 30
0.0
 10
54.83245
 20
19.4138
 30
0.0
  0
SPLINE
  5
424
330
1F
100
AcDbEntity
  8
0
 62
     7
100
AcDbSpline
210
0.0
220
0.0
230
1.0
 70
     8
 71
     3
 72
     8
 73
     4
 74
     0
 42
0.000000001
 43
0.0000000001
 40
0.0
 40
0.0
 40
0.0
 40
0.0
 40
1.0
 40
1.0
 40
1.0
 40
1.0
 10
54.83245
 20
19.4138
 30
0.0
 10
54.88015
 20
19.4138
 30
0.0
 10
54.90764999999999
 20
19.41336
 30
0.0
 10
54.91175
 20
19.41292
 30
0.0
  0
SPLINE
  5
425
330
1F
100
AcDbEntity
  8
0
 62
     7
100
AcDbSpline
210
0.0
220
0.0
230
1.0
 70
     8
 71
     3
 72
     8
 73
     4
 74
     0
 42
0.000000001
 43
0.0000000001
 40
0.0
 40
0.0
 40
0.0
 40
0.0
 40
1.0
 40
1.0
 40
1.0
 40
1.0
 10
54.91175
 20
19.41292
 30
0.0
 10
54.92975
 20
19.41247
 30
0.0
 10
54.94765000000001
 20
19.41262
 30
0.0
 10
54.96555
 20
19.41336
 30
0.0
  0
SPLINE
  5
426
330
1F
100
AcDbEntity
  8
0
 62
     7
100
AcDbSpline
210
0.0
220
0.0
230
1.0
 70
     8
 71
     3
 72
     8
 73
     4
 74
     0
 42
0.000000001
 43
0.0000000001
 40
0.0
 40
0.0
 40
0.0
 40
0.0
 40
1.0
 40
1.0
 40
1.0
 40
1.0
 10
54.96555
 20
19.41336
 30
0.0
 10
55.00665
 20
19.41636
 30
0.0
 10
59.17186
 20
19.59342
 30
0.0
 10
59.92081999999999
 20
17.06449
 30
0.0
  0
SPLINE
  5
427
330
1F
100
AcDbEntity
  8
0
 62
     7
100
AcDbSpline
210
0.0
220
0.0
230
1.0
 70
     8
 71
     3
 72
     8
 73
     4
 74
     0
 42
0.000000001
 43
0.0000000001
 40
0.0
 40
0.0
 40
0.0
 40
0.0
 40
1.0
 40
1.0
 40
1.0
 40
1.0
 10
59.92081999999999
 20
17.06449
 30
0.0
 10
60.03523000000001
 20
16.67789
 30
0.0
 10
60.00371999999998
 20
16.24135
 30
0.0
 10
59.83211999999999
 20
15.83502
 30
0.0
  0
LWPOLYLINE
  5
428
330
1F
100
AcDbEntity
  8
0
 62
     7
100
AcDbPolyline
 90
        3
 70
     0
 43
0.0
 10
43.27301
 20
15.29947
 10
33.50245000000001
 20
8.12245
 10
34.97108
 20
20.15199
  0
SPLINE
  5
429
330
1F
100
AcDbEntity
  8
0
 62
     7
100
AcDbSpline
210
0.0
220
0.0
230
1.0
 70
     8
 71
     3
 72
     8
 73
     4
 74
     0
 42
0.000000001
 43
0.0000000001
 40
0.0
 40
0.0
 40
0.0
 40
0.0
 40
1.0
 40
1.0
 40
1.0
 40
1.0
 10
66.29859
 20
15.29931
 30
0.0
 10
65.94789
 20
15.55699
 30
0.0
 10
65.70067
 20
15.91098
 30
0.0
 10
65.60226999999999
 20
16.29623
 30
0.0
  0
SPLINE
  5
42A
330
1F
100
AcDbEntity
  8
0
 62
     7
100
AcDbSpline
210
0.0
220
0.0
230
1.0
 70
     8
 71
     3
 72
     8
 73
     4
 74
     0
 42
0.000000001
 43
0.0000000001
 40
0.0
 40
0.0
 40
0.0
 40
0.0
 40
1.0
 40
1.0
 40
1.0
 40
1.0
 10
65.60226999999999
 20
16.29623
 30
0.0
 10
64.96323000000001
 20
18.79884
 30
0.0
 10
68.55144
 20
20.76142
 30
0.0
 10
68.62083
 20
20.79881
 30
0.0
  0
SPLINE
  5
42B
330
1F
100
AcDbEntity
  8
0
 62
     7
100
AcDbSpline
210
0.0
220
0.0
230
1.0
 70
     8
 71
     3
 72
     8
 73
     4
 74
     0
 42
0.000000001
 43
0.0000000001
 40
0.0
 40
0.0
 40
0.0
 40
0.0
 40
1.0
 40
1.0
 40
1.0
 40
1.0
 10
68.62083
 20
20.79881
 30
0.0
 10
68.63693000000001
 20
20.80781
 30
0.0
 10
68.65273000000001
 20
20.81651
 30
0.0
 10
68.66793
 20
20.82631
 30
0.0
  0
SPLINE
  5
42C
330
1F
100
AcDbEntity
  8
0
 62
     7
100
AcDbSpline
210
0.0
220
0.0
230
1.0
 70
     8
 71
     3
 72
     8
 73
     4
 74
     0
 42
0.000000001
 43
0.0000000001
 40
0.0
 40
0.0
 40
0.0
 40
0.0
 40
1.0
 40
1.0
 40
1.0
 40
1.0
 10
68.66793
 20
20.82631
 30
0.0
 10
68.69243
 20
20.84181
 30
0.0
 10
70.44416
 20
21.94885
 30
0.0
 10
72.13379999999998
 20
21.95842
 30
0.0
  0
LWPOLYLINE
  5
42D
330
1F
100
AcDbEntity
  8
0
 62
     7
100
AcDbPolyline
 90
        3
 70
     0
 43
0.0
 10
59.83211999999999
 20
15.83502
 10
55.06364
 20
4.539169999999998
 10
50.10698
 20
15.74916
  0
SPLINE
  5
42E
330
1F
100
AcDbEntity
  8
0
 62
     7
100
AcDbSpline
210
0.0
220
0.0
230
1.0
 70
     8
 71
     3
 72
     8
 73
     4
 74
     0
 42
0.000000001
 43
0.0000000001
 40
0.0
 40
0.0
 40
0.0
 40
0.0
 40
1.0
 40
1.0
 40
1.0
 40
1.0
 10
72.13379999999998
 20
20.9639
 30
0.0
 10
71.8151
 20
20.9639
 30
0.0
 10
71.48175999999998
 20
20.9099
 30
0.0
 10
71.15663000000002
 20
20.82735
 30
0.0
  0
SPLINE
  5
42F
330
1F
100
AcDbEntity
  8
0
 62
     7
100
AcDbSpline
210
0.0
220
0.0
230
1.0
 70
     8
 71
     3
 72
     8
 73
     4
 74
     0
 42
0.000000001
 43
0.0000000001
 40
0.0
 40
0.0
 40
0.0
 40
0.0
 40
1.0
 40
1.0
 40
1.0
 40
1.0
 10
71.15663000000002
 20
20.82735
 30
0.0
 10
71.82887
 20
19.92451
 30
0.0
 10
73.77275
 20
14.95024
 30
0.0
 10
74.53995
 20
12.61707
 30
0.0
  0
LWPOLYLINE
  5
430
330
1F
100
AcDbEntity
  8
0
 62
     7
100
AcDbPolyline
 90
        2
 70
     0
 43
0.0
 10
72.13379999999998
 20
21.95842
 10
72.13379999999998
 20
20.9639
  0
SPLINE
  5
431
330
1F
100
AcDbEntity
  8
0
 62
     7
100
AcDbSpline
210
0.0
220
0.0
230
1.0
 70
     8
 71
     3
 72
     8
 73
     4
 74
     0
 42
0.000000001
 43
0.0000000001
 40
0.0
 40
0.0
 40
0.0
 40
0.0
 40
1.0
 40
1.0
 40
1.0
 40
1.0
 10
73.58431
 20
19.93184
 30
0.0
 10
73.54241
 20
20.25233
 30
0.0
 10
73.38046999999997
 20
20.53663
 30
0.0
 10
73.15120999999997
 20
20.69246
 30
0.0
  0
SPLINE
  5
432
330
1F
100
AcDbEntity
  8
0
 62
     7
100
AcDbSpline
210
0.0
220
0.0
230
1.0
 70
     8
 71
     3
 72
     8
 73
     4
 74
     0
 42
0.000000001
 43
0.0000000001
 40
0.0
 40
0.0
 40
0.0
 40
0.0
 40
1.0
 40
1.0
 40
1.0
 40
1.0
 10
73.15120999999997
 20
20.69246
 30
0.0
 10
72.88246
 20
20.87506
 30
0.0
 10
72.54955999999999
 20
20.9639
 30
0.0
 10
72.13379999999998
 20
20.9639
 30
0.0
  0
LWPOLYLINE
  5
433
330
1F
100
AcDbEntity
  8
0
 62
     7
100
AcDbPolyline
 90
        2
 70
     0
 43
0.0
 10
74.53995
 20
12.61707
 10
73.58431
 20
19.93184
  0
SPLINE
  5
434
330
1F
100
AcDbEntity
  8
0
 62
     7
100
AcDbSpline
210
0.0
220
0.0
230
1.0
 70
     8
 71
     3
 72
     8
 73
     4
 74
     0
 42
0.000000001
 43
0.0000000001
 40
0.0
 40
0.0
 40
0.0
 40
0.0
 40
1.0
 40
1.0
 40
1.0
 40
1.0
 10
72.13379999999998
 20
21.95842
 30
0.0
 10
72.80244999999998
 20
21.96242
 30
0.0
 10
73.46138
 20
21.79436
 30
0.0
 10
73.99961999999998
 20
21.31849
 30
0.0
  0
SPLINE
  5
435
330
1F
100
AcDbEntity
  8
0
 62
     7
100
AcDbSpline
210
0.0
220
0.0
230
1.0
 70
     8
 71
     3
 72
     8
 73
     4
 74
     0
 42
0.000000001
 43
0.0000000001
 40
0.0
 40
0.0
 40
0.0
 40
0.0
 40
1.0
 40
1.0
 40
1.0
 40
1.0
 10
73.99961999999998
 20
21.31849
 30
0.0
 10
74.33103
 20
21.02536
 30
0.0
 10
74.54444000000002
 20
20.6111
 30
0.0
 10
74.60051999999997
 20
20.15212
 30
0.0
  0
LWPOLYLINE
  5
436
330
1F
100
AcDbEntity
  8
0
 62
     7
100
AcDbPolyline
 90
        2
 70
     0
 43
0.0
 10
72.13379999999998
 20
20.9639
 10
72.13379999999998
 20
21.95842
  0
SPLINE
  5
437
330
1F
100
AcDbEntity
  8
0
 62
     7
100
AcDbSpline
210
0.0
220
0.0
230
1.0
 70
     8
 71
     3
 72
     8
 73
     4
 74
     0
 42
0.000000001
 43
0.0000000001
 40
0.0
 40
0.0
 40
0.0
 40
0.0
 40
1.0
 40
1.0
 40
1.0
 40
1.0
 10
79.4444
 20
22.42355
 30
0.0
 10
79.03328000000001
 20
22.56607
 30
0.0
 10
78.69244999999998
 20
22.83107
 30
0.0
 10
78.48472
 20
23.16996
 30
0.0
  0
SPLINE
  5
438
330
1F
100
AcDbEntity
  8
0
 62
     7
100
AcDbSpline
210
0.0
220
0.0
230
1.0
 70
     8
 71
     3
 72
     8
 73
     4
 74
     0
 42
0.000000001
 43
0.0000000001
 40
0.0
 40
0.0
 40
0.0
 40
0.0
 40
1.0
 40
1.0
 40
1.0
 40
1.0
 10
78.48472
 20
23.16996
 30
0.0
 10
77.4558
 20
24.84764
 30
0.0
 10
78.86383000000002
 20
26.95035
 30
0.0
 10
79.61698
 20
27.88176
 30
0.0
  0
SPLINE
  5
439
330
1F
100
AcDbEntity
  8
0
 62
     7
100
AcDbSpline
210
0.0
220
0.0
230
1.0
 70
     8
 71
     3
 72
     8
 73
     4
 74
     0
 42
0.000000001
 43
0.0000000001
 40
0.0
 40
0.0
 40
0.0
 40
0.0
 40
1.0
 40
1.0
 40
1.0
 40
1.0
 10
79.61698
 20
27.88176
 30
0.0
 10
80.42187
 20
28.38157
 30
0.0
 10
81.04656
 20
28.94538
 30
0.0
 10
81.54500999999998
 20
29.72754
 30
0.0
  0
SPLINE
  5
43A
330
1F
100
AcDbEntity
  8
0
 62
     7
100
AcDbSpline
210
0.0
220
0.0
230
1.0
 70
     8
 71
     3
 72
     8
 73
     4
 74
     0
 42
0.000000001
 43
0.0000000001
 40
0.0
 40
0.0
 40
0.0
 40
0.0
 40
1.0
 40
1.0
 40
1.0
 40
1.0
 10
81.54500999999998
 20
29.72754
 30
0.0
 10
82.50723
 20
30.41144
 30
0.0
 10
83.80639999999997
 20
30.99903
 30
0.0
 10
85.02211
 20
30.45047
 30
0.0
  0
SPLINE
  5
43B
330
1F
100
AcDbEntity
  8
0
 62
     7
100
AcDbSpline
210
0.0
220
0.0
230
1.0
 70
     8
 71
     3
 72
     8
 73
     4
 74
     0
 42
0.000000001
 43
0.0000000001
 40
0.0
 40
0.0
 40
0.0
 40
0.0
 40
1.0
 40
1.0
 40
1.0
 40
1.0
 10
85.02211
 20
30.45047
 30
0.0
 10
85.42529999999997
 20
30.26847
 30
0.0
 10
85.75163000000001
 20
29.93587
 30
0.0
 10
85.94081
 20
29.51383
 30
0.0
  0
LWPOLYLINE
  5
43C
330
1F
100
AcDbEntity
  8
0
 62
     7
100
AcDbPolyline
 90
        3
 70
     0
 43
0.0
 10
74.60051999999997
 20
20.15212
 10
76.06913
 20
8.122419999999998
 10
66.29859
 20
15.29931
  0
SPLINE
  5
43D
330
1F
100
AcDbEntity
  8
0
 62
     7
100
AcDbSpline
210
0.0
220
0.0
230
1.0
 70
     8
 71
     3
 72
     8
 73
     4
 74
     0
 42
0.000000001
 43
0.0000000001
 40
0.0
 40
0.0
 40
0.0
 40
0.0
 40
1.0
 40
1.0
 40
1.0
 40
1.0
 10
88.65054999999998
 20
33.65972
 30
0.0
 10
88.24750999999997
 20
33.61232000000001
 30
0.0
 10
87.85388000000002
 20
33.69532
 30
0.0
 10
87.54191999999997
 20
33.89497
 30
0.0
  0
SPLINE
  5
43E
330
1F
100
AcDbEntity
  8
0
 62
     7
100
AcDbSpline
210
0.0
220
0.0
230
1.0
 70
     8
 71
     3
 72
     8
 73
     4
 74
     0
 42
0.000000001
 43
0.0000000001
 40
0.0
 40
0.0
 40
0.0
 40
0.0
 40
1.0
 40
1.0
 40
1.0
 40
1.0
 10
87.54191999999997
 20
33.89497
 30
0.0
 10
85.48961
 20
35.20819
 30
0.0
 10
86.71398999999999
 20
38.89525
 30
0.0
 10
86.72954999999998
 20
38.94132000000001
 30
0.0
  0
SPLINE
  5
43F
330
1F
100
AcDbEntity
  8
0
 62
     7
100
AcDbSpline
210
0.0
220
0.0
230
1.0
 70
     8
 71
     3
 72
     8
 73
     4
 74
     0
 42
0.000000001
 43
0.0000000001
 40
0.0
 40
0.0
 40
0.0
 40
0.0
 40
1.0
 40
1.0
 40
1.0
 40
1.0
 10
86.72954999999998
 20
38.94132000000001
 30
0.0
 10
86.73555
 20
38.95782
 30
0.0
 10
86.74035000000001
 20
38.97512000000001
 30
0.0
 10
86.74464999999997
 20
38.99192
 30
0.0
  0
SPLINE
  5
440
330
1F
100
AcDbEntity
  8
0
 62
     7
100
AcDbSpline
210
0.0
220
0.0
230
1.0
 70
     8
 71
     3
 72
     8
 73
     4
 74
     0
 42
0.000000001
 43
0.0000000001
 40
0.0
 40
0.0
 40
0.0
 40
0.0
 40
1.0
 40
1.0
 40
1.0
 40
1.0
 10
86.74464999999997
 20
38.99192
 30
0.0
 10
86.75364999999997
 20
39.02902
 30
0.0
 10
87.72391999999998
 20
42.703515
 30
0.0
 10
90.09551999999999
 20
42.76917499999998
 30
0.0
  0
SPLINE
  5
441
330
1F
100
AcDbEntity
  8
0
 62
     7
100
AcDbSpline
210
0.0
220
0.0
230
1.0
 70
     8
 71
     3
 72
     8
 73
     4
 74
     0
 42
0.000000001
 43
0.0000000001
 40
0.0
 40
0.0
 40
0.0
 40
0.0
 40
1.0
 40
1.0
 40
1.0
 40
1.0
 10
90.09551999999999
 20
42.76917499999998
 30
0.0
 10
90.5062
 20
42.779175
 30
0.0
 10
90.91656
 20
42.634275
 30
0.0
 10
91.24737000000001
 20
42.357005
 30
0.0
  0
LWPOLYLINE
  5
442
330
1F
100
AcDbEntity
  8
0
 62
     7
100
AcDbPolyline
 90
        3
 70
     0
 43
0.0
 10
85.94081
 20
29.51383
 10
90.90027
 20
18.45622
 10
79.4444
 20
22.42355
  0
SPLINE
  5
443
330
1F
100
AcDbEntity
  8
0
 62
     7
100
AcDbSpline
210
0.0
220
0.0
230
1.0
 70
     8
 71
     3
 72
     8
 73
     4
 74
     0
 42
0.000000001
 43
0.0000000001
 40
0.0
 40
0.0
 40
0.0
 40
0.0
 40
1.0
 40
1.0
 40
1.0
 40
1.0
 10
93.08643
 20
47.861235
 30
0.0
 10
92.7625
 20
47.72767499999999
 30
0.0
 10
92.41673
 20
47.70569499999999
 30
0.0
 10
92.11284
 20
47.79873499999999
 30
0.0
  0
SPLINE
  5
444
330
1F
100
AcDbEntity
  8
0
 62
     7
100
AcDbSpline
210
0.0
220
0.0
230
1.0
 70
     8
 71
     3
 72
     8
 73
     4
 74
     0
 42
0.000000001
 43
0.0000000001
 40
0.0
 40
0.0
 40
0.0
 40
0.0
 40
1.0
 40
1.0
 40
1.0
 40
1.0
 10
92.11284
 20
47.79873499999999
 30
0.0
 10
91.41068999999999
 20
48.013495
 30
0.0
 10
90.96890999999999
 20
48.559515
 30
0.0
 10
90.69149000000001
 20
49.185995
 30
0.0
  0
SPLINE
  5
445
330
1F
100
AcDbEntity
  8
0
 62
     7
100
AcDbSpline
210
0.0
220
0.0
230
1.0
 70
     8
 71
     3
 72
     8
 73
     4
 74
     0
 42
0.000000001
 43
0.0000000001
 40
0.0
 40
0.0
 40
0.0
 40
0.0
 40
1.0
 40
1.0
 40
1.0
 40
1.0
 10
90.69149000000001
 20
49.185995
 30
0.0
 10
90.93018
 20
49.50827499999999
 30
0.0
 10
91.16840999999999
 20
49.833555
 30
0.0
 10
91.40531000000001
 20
50.162565
 30
0.0
  0
SPLINE
  5
446
330
1F
100
AcDbEntity
  8
0
 62
     7
100
AcDbSpline
210
0.0
220
0.0
230
1.0
 70
     8
 71
     3
 72
     8
 73
     4
 74
     0
 42
0.000000001
 43
0.0000000001
 40
0.0
 40
0.0
 40
0.0
 40
0.0
 40
1.0
 40
1.0
 40
1.0
 40
1.0
 10
91.40531000000001
 20
50.162565
 30
0.0
 10
91.55844999999999
 20
49.566155
 30
0.0
 10
91.81746999999999
 20
49.009515
 30
0.0
 10
92.22903999999999
 20
48.786535
 30
0.0
  0
SPLINE
  5
447
330
1F
100
AcDbEntity
  8
0
 62
     7
100
AcDbSpline
210
0.0
220
0.0
230
1.0
 70
     8
 71
     3
 72
     8
 73
     4
 74
     0
 42
0.000000001
 43
0.0000000001
 40
0.0
 40
0.0
 40
0.0
 40
0.0
 40
1.0
 40
1.0
 40
1.0
 40
1.0
 10
92.22903999999999
 20
48.786535
 30
0.0
 10
92.31604
 20
48.739435
 30
0.0
 10
92.41553000000001
 20
48.715535
 30
0.0
 10
92.52486000000001
 20
48.715535
 30
0.0
  0
SPLINE
  5
448
330
1F
100
AcDbEntity
  8
0
 62
     7
100
AcDbSpline
210
0.0
220
0.0
230
1.0
 70
     8
 71
     3
 72
     8
 73
     4
 74
     0
 42
0.000000001
 43
0.0000000001
 40
0.0
 40
0.0
 40
0.0
 40
0.0
 40
1.0
 40
1.0
 40
1.0
 40
1.0
 10
92.52486000000001
 20
48.715535
 30
0.0
 10
92.62685000000001
 20
48.715535
 30
0.0
 10
92.73274
 20
48.73743499999999
 30
0.0
 10
92.83084
 20
48.778835
 30
0.0
  0
LWPOLYLINE
  5
449
330
1F
100
AcDbEntity
  8
0
 62
     7
100
AcDbPolyline
 90
        3
 70
     0
 43
0.0
 10
91.24737000000001
 20
42.357005
 10
100.01369
 20
35.00873
 10
88.65054999999998
 20
33.65972
  0
SPLINE
  5
44A
330
1F
100
AcDbEntity
  8
0
 62
     7
100
AcDbSpline
210
0.0
220
0.0
230
1.0
 70
     8
 71
     3
 72
     8
 73
     4
 74
     0
 42
0.000000001
 43
0.0000000001
 40
0.0
 40
0.0
 40
0.0
 40
0.0
 40
1.0
 40
1.0
 40
1.0
 40
1.0
 10
92.56014999999999
 20
51.819665
 30
0.0
 10
92.94017
 20
52.38437499999999
 30
0.0
 10
93.31239999999999
 20
52.959255
 30
0.0
 10
93.67193
 20
53.54624499999999
 30
0.0
  0
SPLINE
  5
44B
330
1F
100
AcDbEntity
  8
0
 62
     7
100
AcDbSpline
210
0.0
220
0.0
230
1.0
 70
     8
 71
     3
 72
     8
 73
     4
 74
     0
 42
0.000000001
 43
0.0000000001
 40
0.0
 40
0.0
 40
0.0
 40
0.0
 40
1.0
 40
1.0
 40
1.0
 40
1.0
 10
93.67193
 20
53.54624499999999
 30
0.0
 10
94.92383000000002
 20
53.359605
 30
0.0
 10
96.40545000000001
 20
53.09265500000001
 30
0.0
 10
97.59439
 20
52.84993499999998
 30
0.0
  0
LWPOLYLINE
  5
44C
330
1F
100
AcDbEntity
  8
0
 62
     7
100
AcDbPolyline
 90
        4
 70
     0
 43
0.0
 10
92.83084
 20
48.778835
 10
99.98155
 20
51.792765
 10
99.94804999999999
 20
51.80756500000001
 10
92.56014999999999
 20
51.819665
  0
SPLINE
  5
44D
330
1F
100
AcDbEntity
  8
0
 62
     7
100
AcDbSpline
210
0.0
220
0.0
230
1.0
 70
     8
 71
     3
 72
     8
 73
     4
 74
     0
 42
0.000000001
 43
0.0000000001
 40
0.0
 40
0.0
 40
0.0
 40
0.0
 40
1.0
 40
1.0
 40
1.0
 40
1.0
 10
94.16231000000001
 20
54.369835
 30
0.0
 10
94.33265
 20
54.66340500000001
 30
0.0
 10
94.49925
 20
54.959965
 30
0.0
 10
94.66212
 20
55.259375
 30
0.0
  0
LWPOLYLINE
  5
44E
330
1F
100
AcDbEntity
  8
0
 62
     7
100
AcDbPolyline
 90
        2
 70
     0
 43
0.0
 10
97.59439
 20
52.84993499999998
 10
94.16231000000001
 20
54.369835
  0
SPLINE
  5
44F
330
1F
100
AcDbEntity
  8
0
 62
     7
100
AcDbSpline
210
0.0
220
0.0
230
1.0
 70
     8
 71
     3
 72
     8
 73
     4
 74
     0
 42
0.000000001
 43
0.0000000001
 40
0.0
 40
0.0
 40
0.0
 40
0.0
 40
1.0
 40
1.0
 40
1.0
 40
1.0
 10
25.477933
 20
94.567525
 30
0.0
 10
29.796263
 20
96.60338500000001
 30
0.0
 10
31.996483
 20
95.863095
 30
0.0
 10
36.705593
 20
94.95830500000002
 30
0.0
  0
SPLINE
  5
450
330
1F
100
AcDbEntity
  8
0
 62
     7
100
AcDbSpline
210
0.0
220
0.0
230
1.0
 70
     8
 71
     3
 72
     8
 73
     4
 74
     0
 42
0.000000001
 43
0.0000000001
 40
0.0
 40
0.0
 40
0.0
 40
0.0
 40
1.0
 40
1.0
 40
1.0
 40
1.0
 10
36.705593
 20
94.95830500000002
 30
0.0
 10
32.407903
 20
97.425925
 30
0.0
 10
28.21280300000001
 20
96.51425500000001
 30
0.0
 10
28.21280300000001
 20
96.51425500000001
 30
0.0
  0
LWPOLYLINE
  5
451
330
1F
100
AcDbEntity
  8
0
 62
     7
100
AcDbPolyline
 90
        3
 70
     0
 43
0.0
 10
94.66212
 20
55.259375
 10
102.4692
 20
51.723205
 10
93.08643
 20
47.861235
  0
SPLINE
  5
452
330
1F
100
AcDbEntity
  8
0
 62
     7
100
AcDbSpline
210
0.0
220
0.0
230
1.0
 70
     8
 71
     3
 72
     8
 73
     4
 74
     0
 42
0.000000001
 43
0.0000000001
 40
0.0
 40
0.0
 40
0.0
 40
0.0
 40
1.0
 40
1.0
 40
1.0
 40
1.0
 10
30.605043
 20
97.871445
 30
0.0
 10
30.605043
 20
97.871445
 30
0.0
 10
29.165603
 20
97.967445
 30
0.0
 10
28.21280300000001
 20
97.720695
 30
0.0
  0
SPLINE
  5
453
330
1F
100
AcDbEntity
  8
0
 62
     7
100
AcDbSpline
210
0.0
220
0.0
230
1.0
 70
     8
 71
     3
 72
     8
 73
     4
 74
     0
 42
0.000000001
 43
0.0000000001
 40
0.0
 40
0.0
 40
0.0
 40
0.0
 40
1.0
 40
1.0
 40
1.0
 40
1.0
 10
28.21280300000001
 20
97.720695
 30
0.0
 10
28.918843
 20
98.364965
 30
0.0
 10
29.823633
 20
98.74886500000002
 30
0.0
 10
32.112983
 20
99.886665
 30
0.0
  0
SPLINE
  5
454
330
1F
100
AcDbEntity
  8
0
 62
     7
100
AcDbSpline
210
0.0
220
0.0
230
1.0
 70
     8
 71
     3
 72
     8
 73
     4
 74
     0
 42
0.000000001
 43
0.0000000001
 40
0.0
 40
0.0
 40
0.0
 40
0.0
 40
1.0
 40
1.0
 40
1.0
 40
1.0
 10
32.112983
 20
99.886665
 30
0.0
 10
30.330763
 20
99.777035
 30
0.0
 10
29.042223
 20
99.228625
 30
0.0
 10
29.042223
 20
99.228625
 30
0.0
  0
SPLINE
  5
455
330
1F
100
AcDbEntity
  8
0
 62
     7
100
AcDbSpline
210
0.0
220
0.0
230
1.0
 70
     8
 71
     3
 72
     8
 73
     4
 74
     0
 42
0.000000001
 43
0.0000000001
 40
0.0
 40
0.0
 40
0.0
 40
0.0
 40
1.0
 40
1.0
 40
1.0
 40
1.0
 10
29.042223
 20
99.228625
 30
0.0
 10
29.042223
 20
99.228625
 30
0.0
 10
30.495423
 20
100.585815
 30
0.0
 10
33.004163
 20
101.682485
 30
0.0
  0
SPLINE
  5
456
330
1F
100
AcDbEntity
  8
0
 62
     7
100
AcDbSpline
210
0.0
220
0.0
230
1.0
 70
     8
 71
     3
 72
     8
 73
     4
 74
     0
 42
0.000000001
 43
0.0000000001
 40
0.0
 40
0.0
 40
0.0
 40
0.0
 40
1.0
 40
1.0
 40
1.0
 40
1.0
 10
33.004163
 20
101.682485
 30
0.0
 10
25.68357300000001
 20
99.831775
 30
0.0
 10
27.205273
 20
99.297125
 30
0.0
 10
24.120743
 20
97.19964500000001
 30
0.0
  0
SPLINE
  5
457
330
1F
100
AcDbEntity
  8
0
 62
     7
100
AcDbSpline
210
0.0
220
0.0
230
1.0
 70
     8
 71
     3
 72
     8
 73
     4
 74
     0
 42
0.000000001
 43
0.0000000001
 40
0.0
 40
0.0
 40
0.0
 40
0.0
 40
1.0
 40
1.0
 40
1.0
 40
1.0
 10
24.120743
 20
97.19964500000001
 30
0.0
 10
21.036223
 20
95.10217500000001
 30
0.0
 10
20.501573
 20
93.95062499999999
 30
0.0
 10
18.938753
 20
90.742715
 30
0.0
  0
SPLINE
  5
458
330
1F
100
AcDbEntity
  8
0
 62
     7
100
AcDbSpline
210
0.0
220
0.0
230
1.0
 70
     8
 71
     3
 72
     8
 73
     4
 74
     0
 42
0.000000001
 43
0.0000000001
 40
0.0
 40
0.0
 40
0.0
 40
0.0
 40
1.0
 40
1.0
 40
1.0
 40
1.0
 10
18.938753
 20
90.742715
 30
0.0
 10
20.090313
 20
96.82950500000004
 30
0.0
 10
23.092573
 20
96.994015
 30
0.0
 10
25.477933
 20
99.708395
 30
0.0
  0
SPLINE
  5
459
330
1F
100
AcDbEntity
  8
0
 62
     7
100
AcDbSpline
210
0.0
220
0.0
230
1.0
 70
     8
 71
     3
 72
     8
 73
     4
 74
     0
 42
0.000000001
 43
0.0000000001
 40
0.0
 40
0.0
 40
0.0
 40
0.0
 40
1.0
 40
1.0
 40
1.0
 40
1.0
 10
25.477933
 20
99.708395
 30
0.0
 10
27.863303
 20
102.422775
 30
0.0
 10
31.921103
 20
103.409815
 30
0.0
 10
34.566993
 20
103.738835
 30
0.0
  0
SPLINE
  5
45A
330
1F
100
AcDbEntity
  8
0
 62
     7
100
AcDbSpline
210
0.0
220
0.0
230
1.0
 70
     8
 71
     3
 72
     8
 73
     4
 74
     0
 42
0.000000001
 43
0.0000000001
 40
0.0
 40
0.0
 40
0.0
 40
0.0
 40
1.0
 40
1.0
 40
1.0
 40
1.0
 10
34.566993
 20
103.738835
 30
0.0
 10
32.154263
 20
104.067845
 30
0.0
 10
29.960773
 20
103.862215
 30
0.0
 10
28.17855300000001
 20
103.231545
 30
0.0
  0
SPLINE
  5
45B
330
1F
100
AcDbEntity
  8
0
 62
     7
100
AcDbSpline
210
0.0
220
0.0
230
1.0
 70
     8
 71
     3
 72
     8
 73
     4
 74
     0
 42
0.000000001
 43
0.0000000001
 40
0.0
 40
0.0
 40
0.0
 40
0.0
 40
1.0
 40
1.0
 40
1.0
 40
1.0
 10
28.17855300000001
 20
103.231545
 30
0.0
 10
26.396343
 20
102.600885
 30
0.0
 10
24.244133
 20
100.887315
 30
0.0
 10
22.599053
 20
100.544535
 30
0.0
  0
SPLINE
  5
45C
330
1F
100
AcDbEntity
  8
0
 62
     7
100
AcDbSpline
210
0.0
220
0.0
230
1.0
 70
     8
 71
     3
 72
     8
 73
     4
 74
     0
 42
0.000000001
 43
0.0000000001
 40
0.0
 40
0.0
 40
0.0
 40
0.0
 40
1.0
 40
1.0
 40
1.0
 40
1.0
 10
22.599053
 20
100.544535
 30
0.0
 10
23.887743
 20
102.230745
 30
0.0
 10
27.698793
 20
104.602345
 30
0.0
 10
28.356823
 20
105.233015
 30
0.0
  0
SPLINE
  5
45D
330
1F
100
AcDbEntity
  8
0
 62
     7
100
AcDbSpline
210
0.0
220
0.0
230
1.0
 70
     8
 71
     3
 72
     8
 73
     4
 74
     0
 42
0.000000001
 43
0.0000000001
 40
0.0
 40
0.0
 40
0.0
 40
0.0
 40
1.0
 40
1.0
 40
1.0
 40
1.0
 10
28.356823
 20
105.233015
 30
0.0
 10
29.014853
 20
105.863675
 30
0.0
 10
29.988143
 20
106.521705
 30
0.0
 10
31.962233
 20
107.453865
 30
0.0
  0
SPLINE
  5
45E
330
1F
100
AcDbEntity
  8
0
 62
     7
100
AcDbSpline
210
0.0
220
0.0
230
1.0
 70
     8
 71
     3
 72
     8
 73
     4
 74
     0
 42
0.000000001
 43
0.0000000001
 40
0.0
 40
0.0
 40
0.0
 40
0.0
 40
1.0
 40
1.0
 40
1.0
 40
1.0
 10
31.962233
 20
107.453865
 30
0.0
 10
30.522793
 20
107.124855
 30
0.0
 10
27.589023
 20
106.014425
 30
0.0
 10
27.589023
 20
106.014425
 30
0.0
  0
SPLINE
  5
45F
330
1F
100
AcDbEntity
  8
0
 62
     7
100
AcDbSpline
210
0.0
220
0.0
230
1.0
 70
     8
 71
     3
 72
     8
 73
     4
 74
     0
 42
0.000000001
 43
0.0000000001
 40
0.0
 40
0.0
 40
0.0
 40
0.0
 40
1.0
 40
1.0
 40
1.0
 40
1.0
 10
27.589023
 20
106.014425
 30
0.0
 10
27.589023
 20
106.014425
 30
0.0
 10
29.001093
 20
107.316725
 30
0.0
 10
30.358283
 20
107.878895
 30
0.0
  0
SPLINE
  5
460
330
1F
100
AcDbEntity
  8
0
 62
     7
100
AcDbSpline
210
0.0
220
0.0
230
1.0
 70
     8
 71
     3
 72
     8
 73
     4
 74
     0
 42
0.000000001
 43
0.0000000001
 40
0.0
 40
0.0
 40
0.0
 40
0.0
 40
1.0
 40
1.0
 40
1.0
 40
1.0
 10
30.358283
 20
107.878895
 30
0.0
 10
31.715473
 20
108.440905
 30
0.0
 10
33.908953
 20
109.935245
 30
0.0
 10
36.08868300000001
 20
110.990785
 30
0.0
  0
SPLINE
  5
461
330
1F
100
AcDbEntity
  8
0
 62
     7
100
AcDbSpline
210
0.0
220
0.0
230
1.0
 70
     8
 71
     3
 72
     8
 73
     4
 74
     0
 42
0.000000001
 43
0.0000000001
 40
0.0
 40
0.0
 40
0.0
 40
0.0
 40
1.0
 40
1.0
 40
1.0
 40
1.0
 10
36.08868300000001
 20
110.990785
 30
0.0
 10
34.621873
 20
110.702895
 30
0.0
 10
31.496223
 20
109.702085
 30
0.0
 10
30.125283
 20
109.188075
 30
0.0
  0
SPLINE
  5
462
330
1F
100
AcDbEntity
  8
0
 62
     7
100
AcDbSpline
210
0.0
220
0.0
230
1.0
 70
     8
 71
     3
 72
     8
 73
     4
 74
     0
 42
0.000000001
 43
0.0000000001
 40
0.0
 40
0.0
 40
0.0
 40
0.0
 40
1.0
 40
1.0
 40
1.0
 40
1.0
 10
30.125283
 20
109.188075
 30
0.0
 10
31.729233
 20
110.894765
 30
0.0
 10
36.972993
 20
112.971755
 30
0.0
 10
36.972993
 20
112.971755
 30
0.0
  0
SPLINE
  5
463
330
1F
100
AcDbEntity
  8
0
 62
     7
100
AcDbSpline
210
0.0
220
0.0
230
1.0
 70
     8
 71
     3
 72
     8
 73
     4
 74
     0
 42
0.000000001
 43
0.0000000001
 40
0.0
 40
0.0
 40
0.0
 40
0.0
 40
1.0
 40
1.0
 40
1.0
 40
1.0
 10
36.972993
 20
112.971755
 30
0.0
 10
36.972993
 20
112.971755
 30
0.0
 10
33.394943
 20
112.416615
 30
0.0
 10
31.95550300000001
 20
111.532315
 30
0.0
  0
SPLINE
  5
464
330
1F
100
AcDbEntity
  8
0
 62
     7
100
AcDbSpline
210
0.0
220
0.0
230
1.0
 70
     8
 71
     3
 72
     8
 73
     4
 74
     0
 42
0.000000001
 43
0.0000000001
 40
0.0
 40
0.0
 40
0.0
 40
0.0
 40
1.0
 40
1.0
 40
1.0
 40
1.0
 10
31.95550300000001
 20
111.532315
 30
0.0
 10
32.798533
 20
112.581125
 30
0.0
 10
35.369043
 20
113.999925
 30
0.0
 10
37.487003
 20
114.986975
 30
0.0
  0
SPLINE
  5
465
330
1F
100
AcDbEntity
  8
0
 62
     7
100
AcDbSpline
210
0.0
220
0.0
230
1.0
 70
     8
 71
     3
 72
     8
 73
     4
 74
     0
 42
0.000000001
 43
0.0000000001
 40
0.0
 40
0.0
 40
0.0
 40
0.0
 40
1.0
 40
1.0
 40
1.0
 40
1.0
 10
37.487003
 20
114.986975
 30
0.0
 10
31.537503
 20
113.696935
 30
0.0
 10
30.557183
 20
110.956535
 30
0.0
 10
29.28225300000001
 20
109.948845
 30
0.0
  0
SPLINE
  5
466
330
1F
100
AcDbEntity
  8
0
 62
     7
100
AcDbSpline
210
0.0
220
0.0
230
1.0
 70
     8
 71
     3
 72
     8
 73
     4
 74
     0
 42
0.000000001
 43
0.0000000001
 40
0.0
 40
0.0
 40
0.0
 40
0.0
 40
1.0
 40
1.0
 40
1.0
 40
1.0
 10
29.28225300000001
 20
109.948845
 30
0.0
 10
28.007313
 20
108.941165
 30
0.0
 10
27.232783
 20
108.084375
 30
0.0
 10
26.464983
 20
107.453865
 30
0.0
  0
SPLINE
  5
467
330
1F
100
AcDbEntity
  8
0
 62
     7
100
AcDbSpline
210
0.0
220
0.0
230
1.0
 70
     8
 71
     3
 72
     8
 73
     4
 74
     0
 42
0.000000001
 43
0.0000000001
 40
0.0
 40
0.0
 40
0.0
 40
0.0
 40
1.0
 40
1.0
 40
1.0
 40
1.0
 10
26.464983
 20
107.453865
 30
0.0
 10
25.697333
 20
106.823205
 30
0.0
 10
24.847273
 20
105.013615
 30
0.0
 10
23.586103
 20
104.712125
 30
0.0
  0
SPLINE
  5
468
330
1F
100
AcDbEntity
  8
0
 62
     7
100
AcDbSpline
210
0.0
220
0.0
230
1.0
 70
     8
 71
     3
 72
     8
 73
     4
 74
     0
 42
0.000000001
 43
0.0000000001
 40
0.0
 40
0.0
 40
0.0
 40
0.0
 40
1.0
 40
1.0
 40
1.0
 40
1.0
 10
23.586103
 20
104.712125
 30
0.0
 10
24.518263
 20
105.315265
 30
0.0
 10
26.135963
 20
108.742555
 30
0.0
 10
28.521333
 20
110.332755
 30
0.0
  0
SPLINE
  5
469
330
1F
100
AcDbEntity
  8
0
 62
     7
100
AcDbSpline
210
0.0
220
0.0
230
1.0
 70
     8
 71
     3
 72
     8
 73
     4
 74
     0
 42
0.000000001
 43
0.0000000001
 40
0.0
 40
0.0
 40
0.0
 40
0.0
 40
1.0
 40
1.0
 40
1.0
 40
1.0
 10
28.521333
 20
110.332755
 30
0.0
 10
29.789833
 20
111.178475
 30
0.0
 10
30.193773
 20
112.306845
 30
0.0
 10
31.23570300000001
 20
113.403515
 30
0.0
  0
SPLINE
  5
46A
330
1F
100
AcDbEntity
  8
0
 62
     7
100
AcDbSpline
210
0.0
220
0.0
230
1.0
 70
     8
 71
     3
 72
     8
 73
     4
 74
     0
 42
0.000000001
 43
0.0000000001
 40
0.0
 40
0.0
 40
0.0
 40
0.0
 40
1.0
 40
1.0
 40
1.0
 40
1.0
 10
31.23570300000001
 20
113.403515
 30
0.0
 10
32.277643
 20
114.500175
 30
0.0
 10
34.498493
 20
115.733985
 30
0.0
 10
34.580743
 20
116.145255
 30
0.0
  0
SPLINE
  5
46B
330
1F
100
AcDbEntity
  8
0
 62
     7
100
AcDbSpline
210
0.0
220
0.0
230
1.0
 70
     8
 71
     3
 72
     8
 73
     4
 74
     0
 42
0.000000001
 43
0.0000000001
 40
0.0
 40
0.0
 40
0.0
 40
0.0
 40
1.0
 40
1.0
 40
1.0
 40
1.0
 10
34.580743
 20
116.145255
 30
0.0
 10
34.663043
 20
116.556525
 30
0.0
 10
33.758203
 20
117.817705
 30
0.0
 10
33.441603
 20
119.490295
 30
0.0
  0
SPLINE
  5
46C
330
1F
100
AcDbEntity
  8
0
 62
     7
100
AcDbSpline
210
0.0
220
0.0
230
1.0
 70
     8
 71
     3
 72
     8
 73
     4
 74
     0
 42
0.000000001
 43
0.0000000001
 40
0.0
 40
0.0
 40
0.0
 40
0.0
 40
1.0
 40
1.0
 40
1.0
 40
1.0
 10
33.441603
 20
119.490295
 30
0.0
 10
33.125003
 20
121.162745
 30
0.0
 10
33.18243300000001
 20
125.028675
 30
0.0
 10
33.374503
 20
127.523805
 30
0.0
  0
SPLINE
  5
46D
330
1F
100
AcDbEntity
  8
0
 62
     7
100
AcDbSpline
210
0.0
220
0.0
230
1.0
 70
     8
 71
     3
 72
     8
 73
     4
 74
     0
 42
0.000000001
 43
0.0000000001
 40
0.0
 40
0.0
 40
0.0
 40
0.0
 40
1.0
 40
1.0
 40
1.0
 40
1.0
 10
33.374503
 20
127.523805
 30
0.0
 10
33.566383
 20
130.0187949999999
 30
0.0
 10
33.384503
 20
132.799125
 30
0.0
 10
32.442343
 20
132.788055
 30
0.0
  0
SPLINE
  5
46E
330
1F
100
AcDbEntity
  8
0
 62
     7
100
AcDbSpline
210
0.0
220
0.0
230
1.0
 70
     8
 71
     3
 72
     8
 73
     4
 74
     0
 42
0.000000001
 43
0.0000000001
 40
0.0
 40
0.0
 40
0.0
 40
0.0
 40
1.0
 40
1.0
 40
1.0
 40
1.0
 10
32.442343
 20
132.788055
 30
0.0
 10
31.859693
 20
132.781055
 30
0.0
 10
30.598513
 20
129.484145
 30
0.0
 10
29.385193
 20
127.654065
 30
0.0
  0
SPLINE
  5
46F
330
1F
100
AcDbEntity
  8
0
 62
     7
100
AcDbSpline
210
0.0
220
0.0
230
1.0
 70
     8
 71
     3
 72
     8
 73
     4
 74
     0
 42
0.000000001
 43
0.0000000001
 40
0.0
 40
0.0
 40
0.0
 40
0.0
 40
1.0
 40
1.0
 40
1.0
 40
1.0
 10
29.385193
 20
127.654065
 30
0.0
 10
28.171873
 20
125.823995
 30
0.0
 10
26.855813
 20
124.466655
 30
0.0
 10
24.758343
 20
122.060805
 30
0.0
  0
SPLINE
  5
470
330
1F
100
AcDbEntity
  8
0
 62
     7
100
AcDbSpline
210
0.0
220
0.0
230
1.0
 70
     8
 71
     3
 72
     8
 73
     4
 74
     0
 42
0.000000001
 43
0.0000000001
 40
0.0
 40
0.0
 40
0.0
 40
0.0
 40
1.0
 40
1.0
 40
1.0
 40
1.0
 10
24.758343
 20
122.060805
 30
0.0
 10
22.660863
 20
119.654955
 30
0.0
 10
23.771293
 20
117.146065
 30
0.0
 10
24.305943
 20
115.460005
 30
0.0
  0
SPLINE
  5
471
330
1F
100
AcDbEntity
  8
0
 62
     7
100
AcDbSpline
210
0.0
220
0.0
230
1.0
 70
     8
 71
     3
 72
     8
 73
     4
 74
     0
 42
0.000000001
 43
0.0000000001
 40
0.0
 40
0.0
 40
0.0
 40
0.0
 40
1.0
 40
1.0
 40
1.0
 40
1.0
 10
24.305943
 20
115.460005
 30
0.0
 10
24.840593
 20
113.773805
 30
0.0
 10
25.622003
 20
111.902455
 30
0.0
 10
25.416373
 20
111.388445
 30
0.0
  0
SPLINE
  5
472
330
1F
100
AcDbEntity
  8
0
 62
     7
100
AcDbSpline
210
0.0
220
0.0
230
1.0
 70
     8
 71
     3
 72
     8
 73
     4
 74
     0
 42
0.000000001
 43
0.0000000001
 40
0.0
 40
0.0
 40
0.0
 40
0.0
 40
1.0
 40
1.0
 40
1.0
 40
1.0
 10
25.416373
 20
111.388445
 30
0.0
 10
25.210733
 20
110.874425
 30
0.0
 10
24.532063
 20
110.401395
 30
0.0
 10
24.285303
 20
109.414345
 30
0.0
  0
SPLINE
  5
473
330
1F
100
AcDbEntity
  8
0
 62
     7
100
AcDbSpline
210
0.0
220
0.0
230
1.0
 70
     8
 71
     3
 72
     8
 73
     4
 74
     0
 42
0.000000001
 43
0.0000000001
 40
0.0
 40
0.0
 40
0.0
 40
0.0
 40
1.0
 40
1.0
 40
1.0
 40
1.0
 10
24.285303
 20
109.414345
 30
0.0
 10
24.758343
 20
110.195765
 30
0.0
 10
25.951023
 20
110.442525
 30
0.0
 10
26.197783
 20
111.100555
 30
0.0
  0
SPLINE
  5
474
330
1F
100
AcDbEntity
  8
0
 62
     7
100
AcDbSpline
210
0.0
220
0.0
230
1.0
 70
     8
 71
     3
 72
     8
 73
     4
 74
     0
 42
0.000000001
 43
0.0000000001
 40
0.0
 40
0.0
 40
0.0
 40
0.0
 40
1.0
 40
1.0
 40
1.0
 40
1.0
 10
26.197783
 20
111.100555
 30
0.0
 10
26.444543
 20
111.758585
 30
0.0
 10
26.053763
 20
113.527045
 30
0.0
 10
25.786513
 20
114.925355
 30
0.0
  0
SPLINE
  5
475
330
1F
100
AcDbEntity
  8
0
 62
     7
100
AcDbSpline
210
0.0
220
0.0
230
1.0
 70
     8
 71
     3
 72
     8
 73
     4
 74
     0
 42
0.000000001
 43
0.0000000001
 40
0.0
 40
0.0
 40
0.0
 40
0.0
 40
1.0
 40
1.0
 40
1.0
 40
1.0
 10
25.786513
 20
114.925355
 30
0.0
 10
25.519113
 20
116.323675
 30
0.0
 10
25.272353
 20
118.996925
 30
0.0
 10
25.930383
 20
120.744895
 30
0.0
  0
SPLINE
  5
476
330
1F
100
AcDbEntity
  8
0
 62
     7
100
AcDbSpline
210
0.0
220
0.0
230
1.0
 70
     8
 71
     3
 72
     8
 73
     4
 74
     0
 42
0.000000001
 43
0.0000000001
 40
0.0
 40
0.0
 40
0.0
 40
0.0
 40
1.0
 40
1.0
 40
1.0
 40
1.0
 10
25.930383
 20
120.744895
 30
0.0
 10
26.588413
 20
122.492865
 30
0.0
 10
29.837443
 20
125.556745
 30
0.0
 10
30.721743
 20
125.474495
 30
0.0
  0
SPLINE
  5
477
330
1F
100
AcDbEntity
  8
0
 62
     7
100
AcDbSpline
210
0.0
220
0.0
230
1.0
 70
     8
 71
     3
 72
     8
 73
     4
 74
     0
 42
0.000000001
 43
0.0000000001
 40
0.0
 40
0.0
 40
0.0
 40
0.0
 40
1.0
 40
1.0
 40
1.0
 40
1.0
 10
30.721743
 20
125.474495
 30
0.0
 10
31.605903
 20
125.392195
 30
0.0
 10
31.832173
 20
120.642005
 30
0.0
 10
32.161183
 20
118.366415
 30
0.0
  0
SPLINE
  5
478
330
1F
100
AcDbEntity
  8
0
 62
     7
100
AcDbSpline
210
0.0
220
0.0
230
1.0
 70
     8
 71
     3
 72
     8
 73
     4
 74
     0
 42
0.000000001
 43
0.0000000001
 40
0.0
 40
0.0
 40
0.0
 40
0.0
 40
1.0
 40
1.0
 40
1.0
 40
1.0
 10
32.161183
 20
118.366415
 30
0.0
 10
32.490203
 20
116.090675
 30
0.0
 10
31.585413
 20
115.295655
 30
0.0
 10
31.585413
 20
115.295655
 30
0.0
  0
SPLINE
  5
479
330
1F
100
AcDbEntity
  8
0
 62
     7
100
AcDbSpline
210
0.0
220
0.0
230
1.0
 70
     8
 71
     3
 72
     8
 73
     4
 74
     0
 42
0.000000001
 43
0.0000000001
 40
0.0
 40
0.0
 40
0.0
 40
0.0
 40
1.0
 40
1.0
 40
1.0
 40
1.0
 10
31.585413
 20
115.295655
 30
0.0
 10
31.585413
 20
115.295655
 30
0.0
 10
31.667613
 20
117.351995
 30
0.0
 10
30.886253
 20
118.366415
 30
0.0
  0
SPLINE
  5
47A
330
1F
100
AcDbEntity
  8
0
 62
     7
100
AcDbSpline
210
0.0
220
0.0
230
1.0
 70
     8
 71
     3
 72
     8
 73
     4
 74
     0
 42
0.000000001
 43
0.0000000001
 40
0.0
 40
0.0
 40
0.0
 40
0.0
 40
1.0
 40
1.0
 40
1.0
 40
1.0
 10
30.886253
 20
118.366415
 30
0.0
 10
31.071393
 20
116.769345
 30
0.0
 10
30.639493
 20
114.596495
 30
0.0
 10
29.960823
 20
113.753315
 30
0.0
  0
SPLINE
  5
47B
330
1F
100
AcDbEntity
  8
0
 62
     7
100
AcDbSpline
210
0.0
220
0.0
230
1.0
 70
     8
 71
     3
 72
     8
 73
     4
 74
     0
 42
0.000000001
 43
0.0000000001
 40
0.0
 40
0.0
 40
0.0
 40
0.0
 40
1.0
 40
1.0
 40
1.0
 40
1.0
 10
29.960823
 20
113.753315
 30
0.0
 10
30.187093
 20
114.699235
 30
0.0
 10
30.001923
 20
117.063955
 30
0.0
 10
29.796313
 20
119.182075
 30
0.0
  0
SPLINE
  5
47C
330
1F
100
AcDbEntity
  8
0
 62
     7
100
AcDbSpline
210
0.0
220
0.0
230
1.0
 70
     8
 71
     3
 72
     8
 73
     4
 74
     0
 42
0.000000001
 43
0.0000000001
 40
0.0
 40
0.0
 40
0.0
 40
0.0
 40
1.0
 40
1.0
 40
1.0
 40
1.0
 10
29.796313
 20
119.182075
 30
0.0
 10
29.590683
 20
121.300035
 30
0.0
 10
30.043073
 20
123.232995
 30
0.0
 10
30.043073
 20
123.232995
 30
0.0
  0
SPLINE
  5
47D
330
1F
100
AcDbEntity
  8
0
 62
     7
100
AcDbSpline
210
0.0
220
0.0
230
1.0
 70
     8
 71
     3
 72
     8
 73
     4
 74
     0
 42
0.000000001
 43
0.0000000001
 40
0.0
 40
0.0
 40
0.0
 40
0.0
 40
1.0
 40
1.0
 40
1.0
 40
1.0
 10
30.043073
 20
123.232995
 30
0.0
 10
30.043073
 20
123.232995
 30
0.0
 10
28.850393
 20
120.971015
 30
0.0
 10
28.706373
 20
119.387705
 30
0.0
  0
SPLINE
  5
47E
330
1F
100
AcDbEntity
  8
0
 62
     7
100
AcDbSpline
210
0.0
220
0.0
230
1.0
 70
     8
 71
     3
 72
     8
 73
     4
 74
     0
 42
0.000000001
 43
0.0000000001
 40
0.0
 40
0.0
 40
0.0
 40
0.0
 40
1.0
 40
1.0
 40
1.0
 40
1.0
 10
28.706373
 20
119.387705
 30
0.0
 10
28.56250300000001
 20
117.804245
 30
0.0
 10
29.28215300000001
 20
115.850785
 30
0.0
 10
28.500743
 20
113.794445
 30
0.0
  0
SPLINE
  5
47F
330
1F
100
AcDbEntity
  8
0
 62
     7
100
AcDbSpline
210
0.0
220
0.0
230
1.0
 70
     8
 71
     3
 72
     8
 73
     4
 74
     0
 42
0.000000001
 43
0.0000000001
 40
0.0
 40
0.0
 40
0.0
 40
0.0
 40
1.0
 40
1.0
 40
1.0
 40
1.0
 10
28.500743
 20
113.794445
 30
0.0
 10
28.480143
 20
116.303185
 30
0.0
 10
27.576213
 20
118.914825
 30
0.0
 10
27.576213
 20
118.914825
 30
0.0
  0
SPLINE
  5
480
330
1F
100
AcDbEntity
  8
0
 62
     7
100
AcDbSpline
210
0.0
220
0.0
230
1.0
 70
     8
 71
     3
 72
     8
 73
     4
 74
     0
 42
0.000000001
 43
0.0000000001
 40
0.0
 40
0.0
 40
0.0
 40
0.0
 40
1.0
 40
1.0
 40
1.0
 40
1.0
 10
27.576213
 20
118.914825
 30
0.0
 10
27.576213
 20
118.914825
 30
0.0
 10
28.048343
 20
112.211135
 30
0.0
 10
26.855663
 20
110.607175
 30
0.0
  0
SPLINE
  5
481
330
1F
100
AcDbEntity
  8
0
 62
     7
100
AcDbSpline
210
0.0
220
0.0
230
1.0
 70
     8
 71
     3
 72
     8
 73
     4
 74
     0
 42
0.000000001
 43
0.0000000001
 40
0.0
 40
0.0
 40
0.0
 40
0.0
 40
1.0
 40
1.0
 40
1.0
 40
1.0
 10
26.855663
 20
110.607175
 30
0.0
 10
25.662983
 20
109.003225
 30
0.0
 10
24.079523
 20
107.913435
 30
0.0
 10
23.421633
 20
108.098435
 30
0.0
  0
SPLINE
  5
482
330
1F
100
AcDbEntity
  8
0
 62
     7
100
AcDbSpline
210
0.0
220
0.0
230
1.0
 70
     8
 71
     3
 72
     8
 73
     4
 74
     0
 42
0.000000001
 43
0.0000000001
 40
0.0
 40
0.0
 40
0.0
 40
0.0
 40
1.0
 40
1.0
 40
1.0
 40
1.0
 10
23.421633
 20
108.098435
 30
0.0
 10
22.267393
 20
108.423115
 30
0.0
 10
23.339333
 20
111.594225
 30
0.0
 10
22.784093
 20
113.979585
 30
0.0
  0
SPLINE
  5
483
330
1F
100
AcDbEntity
  8
0
 62
     7
100
AcDbSpline
210
0.0
220
0.0
230
1.0
 70
     8
 71
     3
 72
     8
 73
     4
 74
     0
 42
0.000000001
 43
0.0000000001
 40
0.0
 40
0.0
 40
0.0
 40
0.0
 40
1.0
 40
1.0
 40
1.0
 40
1.0
 10
22.784093
 20
113.979585
 30
0.0
 10
22.002683
 20
111.573735
 30
0.0
 10
20.954023
 20
110.113655
 30
0.0
 10
20.213593
 20
109.270485
 30
0.0
  0
SPLINE
  5
484
330
1F
100
AcDbEntity
  8
0
 62
     7
100
AcDbSpline
210
0.0
220
0.0
230
1.0
 70
     8
 71
     3
 72
     8
 73
     4
 74
     0
 42
0.000000001
 43
0.0000000001
 40
0.0
 40
0.0
 40
0.0
 40
0.0
 40
1.0
 40
1.0
 40
1.0
 40
1.0
 10
20.213593
 20
109.270485
 30
0.0
 10
19.473303
 20
108.427455
 30
0.0
 10
18.876883
 20
106.699975
 30
0.0
 10
19.103163
 20
105.054895
 30
0.0
  0
SPLINE
  5
485
330
1F
100
AcDbEntity
  8
0
 62
     7
100
AcDbSpline
210
0.0
220
0.0
230
1.0
 70
     8
 71
     3
 72
     8
 73
     4
 74
     0
 42
0.000000001
 43
0.0000000001
 40
0.0
 40
0.0
 40
0.0
 40
0.0
 40
1.0
 40
1.0
 40
1.0
 40
1.0
 10
19.103163
 20
105.054895
 30
0.0
 10
19.432183
 20
106.103705
 30
0.0
 10
20.193103
 20
107.316875
 30
0.0
 10
21.570783
 20
108.900335
 30
0.0
  0
SPLINE
  5
486
330
1F
100
AcDbEntity
  8
0
 62
     7
100
AcDbSpline
210
0.0
220
0.0
230
1.0
 70
     8
 71
     3
 72
     8
 73
     4
 74
     0
 42
0.000000001
 43
0.0000000001
 40
0.0
 40
0.0
 40
0.0
 40
0.0
 40
1.0
 40
1.0
 40
1.0
 40
1.0
 10
21.570783
 20
108.900335
 30
0.0
 10
22.804583
 20
105.898065
 30
0.0
 10
22.146553
 20
104.623135
 30
0.0
 10
21.173263
 20
103.122075
 30
0.0
  0
SPLINE
  5
487
330
1F
100
AcDbEntity
  8
0
 62
     7
100
AcDbSpline
210
0.0
220
0.0
230
1.0
 70
     8
 71
     3
 72
     8
 73
     4
 74
     0
 42
0.000000001
 43
0.0000000001
 40
0.0
 40
0.0
 40
0.0
 40
0.0
 40
1.0
 40
1.0
 40
1.0
 40
1.0
 10
21.173263
 20
103.122075
 30
0.0
 10
21.420033
 20
103.725225
 30
0.0
 10
21.420033
 20
105.863825
 30
0.0
 10
21.420033
 20
106.796135
 30
0.0
  0
SPLINE
  5
488
330
1F
100
AcDbEntity
  8
0
 62
     7
100
AcDbSpline
210
0.0
220
0.0
230
1.0
 70
     8
 71
     3
 72
     8
 73
     4
 74
     0
 42
0.000000001
 43
0.0000000001
 40
0.0
 40
0.0
 40
0.0
 40
0.0
 40
1.0
 40
1.0
 40
1.0
 40
1.0
 10
21.420033
 20
106.796135
 30
0.0
 10
19.500823
 20
103.862365
 30
0.0
 10
20.158853
 20
103.588235
 30
0.0
 10
19.725903
 20
102.763455
 30
0.0
  0
SPLINE
  5
489
330
1F
100
AcDbEntity
  8
0
 62
     7
100
AcDbSpline
210
0.0
220
0.0
230
1.0
 70
     8
 71
     3
 72
     8
 73
     4
 74
     0
 42
0.000000001
 43
0.0000000001
 40
0.0
 40
0.0
 40
0.0
 40
0.0
 40
1.0
 40
1.0
 40
1.0
 40
1.0
 10
19.725903
 20
102.763455
 30
0.0
 10
19.201713
 20
101.764735
 30
0.0
 10
18.818263
 20
100.744635
 30
0.0
 10
18.760383
 20
99.886815
 30
0.0
  0
SPLINE
  5
48A
330
1F
100
AcDbEntity
  8
0
 62
     7
100
AcDbSpline
210
0.0
220
0.0
230
1.0
 70
     8
 71
     3
 72
     8
 73
     4
 74
     0
 42
0.000000001
 43
0.0000000001
 40
0.0
 40
0.0
 40
0.0
 40
0.0
 40
1.0
 40
1.0
 40
1.0
 40
1.0
 10
18.760383
 20
99.886815
 30
0.0
 10
18.568513
 20
97.035285
 30
0.0
 10
18.033863
 20
96.418385
 30
0.0
 10
17.745973
 20
93.62175499999999
 30
0.0
  0
SPLINE
  5
48B
330
1F
100
AcDbEntity
  8
0
 62
     7
100
AcDbSpline
210
0.0
220
0.0
230
1.0
 70
     8
 71
     3
 72
     8
 73
     4
 74
     0
 42
0.000000001
 43
0.0000000001
 40
0.0
 40
0.0
 40
0.0
 40
0.0
 40
1.0
 40
1.0
 40
1.0
 40
1.0
 10
17.745973
 20
93.62175499999999
 30
0.0
 10
17.458083
 20
90.82512499999999
 30
0.0
 10
17.937843
 20
86.040635
 30
0.0
 10
19.226543
 20
82.77799499999998
 30
0.0
  0
SPLINE
  5
48C
330
1F
100
AcDbEntity
  8
0
 62
     7
100
AcDbSpline
210
0.0
220
0.0
230
1.0
 70
     8
 71
     3
 72
     8
 73
     4
 74
     0
 42
0.000000001
 43
0.0000000001
 40
0.0
 40
0.0
 40
0.0
 40
0.0
 40
1.0
 40
1.0
 40
1.0
 40
1.0
 10
19.226543
 20
82.77799499999998
 30
0.0
 10
18.596173
 20
89.028995
 30
0.0
 10
21.159653
 20
92.531665
 30
0.0
 10
25.477983
 20
94.567525
 30
0.0
  0
LWPOLYLINE
  5
48D
330
1F
100
AcDbEntity
  8
0
 62
     7
100
AcDbPolyline
 90
        2
 70
     0
 43
0.0
 10
28.21280300000001
 20
96.51425500000001
 10
30.605043
 20
97.871445
  0
SPLINE
  5
48E
330
1F
100
AcDbEntity
  8
0
 62
     7
100
AcDbSpline
210
0.0
220
0.0
230
1.0
 70
     8
 71
     3
 72
     8
 73
     4
 74
     0
 42
0.000000001
 43
0.0000000001
 40
0.0
 40
0.0
 40
0.0
 40
0.0
 40
1.0
 40
1.0
 40
1.0
 40
1.0
 10
55.007073
 20
109.647355
 30
0.0
 10
55.144213
 20
110.936045
 30
0.0
 10
59.33916299999999
 20
113.622905
 30
0.0
 10
62.492173
 20
114.637475
 30
0.0
  0
SPLINE
  5
48F
330
1F
100
AcDbEntity
  8
0
 62
     7
100
AcDbSpline
210
0.0
220
0.0
230
1.0
 70
     8
 71
     3
 72
     8
 73
     4
 74
     0
 42
0.000000001
 43
0.0000000001
 40
0.0
 40
0.0
 40
0.0
 40
0.0
 40
1.0
 40
1.0
 40
1.0
 40
1.0
 10
62.492173
 20
114.637475
 30
0.0
 10
60.627703
 20
114.582575
 30
0.0
 10
58.927893
 20
113.869815
 30
0.0
 10
57.776343
 20
113.321405
 30
0.0
  0
SPLINE
  5
490
330
1F
100
AcDbEntity
  8
0
 62
     7
100
AcDbSpline
210
0.0
220
0.0
230
1.0
 70
     8
 71
     3
 72
     8
 73
     4
 74
     0
 42
0.000000001
 43
0.0000000001
 40
0.0
 40
0.0
 40
0.0
 40
0.0
 40
1.0
 40
1.0
 40
1.0
 40
1.0
 10
57.776343
 20
113.321405
 30
0.0
 10
56.624783
 20
112.772995
 30
0.0
 10
55.007073
 20
112.910135
 30
0.0
 10
55.007073
 20
112.910135
 30
0.0
  0
SPLINE
  5
491
330
1F
100
AcDbEntity
  8
0
 62
     7
100
AcDbSpline
210
0.0
220
0.0
230
1.0
 70
     8
 71
     3
 72
     8
 73
     4
 74
     0
 42
0.000000001
 43
0.0000000001
 40
0.0
 40
0.0
 40
0.0
 40
0.0
 40
1.0
 40
1.0
 40
1.0
 40
1.0
 10
55.007073
 20
112.910135
 30
0.0
 10
55.007073
 20
112.910135
 30
0.0
 10
53.389363
 20
112.772995
 30
0.0
 10
52.237813
 20
113.321405
 30
0.0
  0
SPLINE
  5
492
330
1F
100
AcDbEntity
  8
0
 62
     7
100
AcDbSpline
210
0.0
220
0.0
230
1.0
 70
     8
 71
     3
 72
     8
 73
     4
 74
     0
 42
0.000000001
 43
0.0000000001
 40
0.0
 40
0.0
 40
0.0
 40
0.0
 40
1.0
 40
1.0
 40
1.0
 40
1.0
 10
52.237813
 20
113.321405
 30
0.0
 10
51.086263
 20
113.869815
 30
0.0
 10
49.386293
 20
114.582585
 30
0.0
 10
47.52197299999998
 20
114.637475
 30
0.0
  0
SPLINE
  5
493
330
1F
100
AcDbEntity
  8
0
 62
     7
100
AcDbSpline
210
0.0
220
0.0
230
1.0
 70
     8
 71
     3
 72
     8
 73
     4
 74
     0
 42
0.000000001
 43
0.0000000001
 40
0.0
 40
0.0
 40
0.0
 40
0.0
 40
1.0
 40
1.0
 40
1.0
 40
1.0
 10
47.52197299999998
 20
114.637475
 30
0.0
 10
50.675133
 20
113.622905
 30
0.0
 10
54.87008299999999
 20
110.936045
 30
0.0
 10
55.007073
 20
109.647355
 30
0.0
  0
LWPOLYLINE
  5
494
330
1F
100
AcDbEntity
  8
0
 62
     7
100
AcDbPolyline
 90
        2
 70
     1
 43
0.0
 10
25.477983
 20
94.567525
 10
25.477983
 20
94.567525
  0
SPLINE
  5
495
330
1F
100
AcDbEntity
  8
0
 62
     7
100
AcDbSpline
210
0.0
220
0.0
230
1.0
 70
     8
 71
     3
 72
     8
 73
     4
 74
     0
 42
0.000000001
 43
0.0000000001
 40
0.0
 40
0.0
 40
0.0
 40
0.0
 40
1.0
 40
1.0
 40
1.0
 40
1.0
 10
31.102153
 20
105.640845
 30
0.0
 10
32.788363
 20
105.363265
 30
0.0
 10
35.070983
 20
106.278385
 30
0.0
 10
36.839293
 20
105.712745
 30
0.0
  0
SPLINE
  5
496
330
1F
100
AcDbEntity
  8
0
 62
     7
100
AcDbSpline
210
0.0
220
0.0
230
1.0
 70
     8
 71
     3
 72
     8
 73
     4
 74
     0
 42
0.000000001
 43
0.0000000001
 40
0.0
 40
0.0
 40
0.0
 40
0.0
 40
1.0
 40
1.0
 40
1.0
 40
1.0
 10
36.839293
 20
105.712745
 30
0.0
 10
38.607743
 20
105.147285
 30
0.0
 10
40.31444299999999
 20
105.208895
 30
0.0
 10
43.059773
 20
105.332285
 30
0.0
  0
SPLINE
  5
497
330
1F
100
AcDbEntity
  8
0
 62
     7
100
AcDbSpline
210
0.0
220
0.0
230
1.0
 70
     8
 71
     3
 72
     8
 73
     4
 74
     0
 42
0.000000001
 43
0.0000000001
 40
0.0
 40
0.0
 40
0.0
 40
0.0
 40
1.0
 40
1.0
 40
1.0
 40
1.0
 10
43.059773
 20
105.332285
 30
0.0
 10
45.804963
 20
105.455665
 30
0.0
 10
46.637813
 20
105.311785
 30
0.0
 10
47.727603
 20
104.395485
 30
0.0
  0
SPLINE
  5
498
330
1F
100
AcDbEntity
  8
0
 62
     7
100
AcDbSpline
210
0.0
220
0.0
230
1.0
 70
     8
 71
     3
 72
     8
 73
     4
 74
     0
 42
0.000000001
 43
0.0000000001
 40
0.0
 40
0.0
 40
0.0
 40
0.0
 40
1.0
 40
1.0
 40
1.0
 40
1.0
 10
47.727603
 20
104.395485
 30
0.0
 10
45.177743
 20
105.525355
 30
0.0
 10
43.34751299999999
 20
104.468585
 30
0.0
 10
41.49680299999999
 20
104.170405
 30
0.0
  0
SPLINE
  5
499
330
1F
100
AcDbEntity
  8
0
 62
     7
100
AcDbSpline
210
0.0
220
0.0
230
1.0
 70
     8
 71
     3
 72
     8
 73
     4
 74
     0
 42
0.000000001
 43
0.0000000001
 40
0.0
 40
0.0
 40
0.0
 40
0.0
 40
1.0
 40
1.0
 40
1.0
 40
1.0
 10
41.49680299999999
 20
104.170405
 30
0.0
 10
44.334563
 20
104.026535
 30
0.0
 10
44.766313
 20
104.869565
 30
0.0
 10
47.172323
 20
103.985405
 30
0.0
  0
SPLINE
  5
49A
330
1F
100
AcDbEntity
  8
0
 62
     7
100
AcDbSpline
210
0.0
220
0.0
230
1.0
 70
     8
 71
     3
 72
     8
 73
     4
 74
     0
 42
0.000000001
 43
0.0000000001
 40
0.0
 40
0.0
 40
0.0
 40
0.0
 40
1.0
 40
1.0
 40
1.0
 40
1.0
 10
47.172323
 20
103.985405
 30
0.0
 10
49.578173
 20
103.101105
 30
0.0
 10
49.90718300000001
 20
103.101105
 30
0.0
 10
52.148683
 20
103.059985
 30
0.0
  0
SPLINE
  5
49B
330
1F
100
AcDbEntity
  8
0
 62
     7
100
AcDbSpline
210
0.0
220
0.0
230
1.0
 70
     8
 71
     3
 72
     8
 73
     4
 74
     0
 42
0.000000001
 43
0.0000000001
 40
0.0
 40
0.0
 40
0.0
 40
0.0
 40
1.0
 40
1.0
 40
1.0
 40
1.0
 10
52.148683
 20
103.059985
 30
0.0
 10
54.390023
 20
103.018885
 30
0.0
 10
54.678063
 20
100.880255
 30
0.0
 10
52.93009300000001
 20
100.139965
 30
0.0
  0
SPLINE
  5
49C
330
1F
100
AcDbEntity
  8
0
 62
     7
100
AcDbSpline
210
0.0
220
0.0
230
1.0
 70
     8
 71
     3
 72
     8
 73
     4
 74
     0
 42
0.000000001
 43
0.0000000001
 40
0.0
 40
0.0
 40
0.0
 40
0.0
 40
1.0
 40
1.0
 40
1.0
 40
1.0
 10
52.93009300000001
 20
100.139965
 30
0.0
 10
51.18212299999999
 20
99.399685
 30
0.0
 10
48.714503
 20
100.324965
 30
0.0
 10
46.822663
 20
101.271035
 30
0.0
  0
SPLINE
  5
49D
330
1F
100
AcDbEntity
  8
0
 62
     7
100
AcDbSpline
210
0.0
220
0.0
230
1.0
 70
     8
 71
     3
 72
     8
 73
     4
 74
     0
 42
0.000000001
 43
0.0000000001
 40
0.0
 40
0.0
 40
0.0
 40
0.0
 40
1.0
 40
1.0
 40
1.0
 40
1.0
 10
46.822663
 20
101.271035
 30
0.0
 10
44.930823
 20
102.216955
 30
0.0
 10
42.113703
 20
102.792735
 30
0.0
 10
40.13946299999999
 20
102.175825
 30
0.0
  0
SPLINE
  5
49E
330
1F
100
AcDbEntity
  8
0
 62
     7
100
AcDbSpline
210
0.0
220
0.0
230
1.0
 70
     8
 71
     3
 72
     8
 73
     4
 74
     0
 42
0.000000001
 43
0.0000000001
 40
0.0
 40
0.0
 40
0.0
 40
0.0
 40
1.0
 40
1.0
 40
1.0
 40
1.0
 10
40.13946299999999
 20
102.175825
 30
0.0
 10
45.403713
 20
102.525335
 30
0.0
 10
48.447103
 20
98.618275
 30
0.0
 10
51.038103
 20
98.98841500000001
 30
0.0
  0
SPLINE
  5
49F
330
1F
100
AcDbEntity
  8
0
 62
     7
100
AcDbSpline
210
0.0
220
0.0
230
1.0
 70
     8
 71
     3
 72
     8
 73
     4
 74
     0
 42
0.000000001
 43
0.0000000001
 40
0.0
 40
0.0
 40
0.0
 40
0.0
 40
1.0
 40
1.0
 40
1.0
 40
1.0
 10
51.038103
 20
98.98841500000001
 30
0.0
 10
53.629103
 20
99.35855500000002
 30
0.0
 10
55.006923
 20
97.322845
 30
0.0
 10
55.006923
 20
96.417905
 30
0.0
  0
SPLINE
  5
4A0
330
1F
100
AcDbEntity
  8
0
 62
     7
100
AcDbSpline
210
0.0
220
0.0
230
1.0
 70
     8
 71
     3
 72
     8
 73
     4
 74
     0
 42
0.000000001
 43
0.0000000001
 40
0.0
 40
0.0
 40
0.0
 40
0.0
 40
1.0
 40
1.0
 40
1.0
 40
1.0
 10
55.006923
 20
96.417905
 30
0.0
 10
55.006923
 20
97.32269500000001
 30
0.0
 10
56.38460300000001
 20
99.35855500000002
 30
0.0
 10
58.975603
 20
98.98841500000001
 30
0.0
  0
SPLINE
  5
4A1
330
1F
100
AcDbEntity
  8
0
 62
     7
100
AcDbSpline
210
0.0
220
0.0
230
1.0
 70
     8
 71
     3
 72
     8
 73
     4
 74
     0
 42
0.000000001
 43
0.0000000001
 40
0.0
 40
0.0
 40
0.0
 40
0.0
 40
1.0
 40
1.0
 40
1.0
 40
1.0
 10
58.975603
 20
98.98841500000001
 30
0.0
 10
61.56659300000001
 20
98.618275
 30
0.0
 10
64.609993
 20
102.525335
 30
0.0
 10
69.874243
 20
102.175825
 30
0.0
  0
SPLINE
  5
4A2
330
1F
100
AcDbEntity
  8
0
 62
     7
100
AcDbSpline
210
0.0
220
0.0
230
1.0
 70
     8
 71
     3
 72
     8
 73
     4
 74
     0
 42
0.000000001
 43
0.0000000001
 40
0.0
 40
0.0
 40
0.0
 40
0.0
 40
1.0
 40
1.0
 40
1.0
 40
1.0
 10
69.874243
 20
102.175825
 30
0.0
 10
67.900143
 20
102.792735
 30
0.0
 10
65.083023
 20
102.216925
 30
0.0
 10
63.191033
 20
101.271035
 30
0.0
  0
SPLINE
  5
4A3
330
1F
100
AcDbEntity
  8
0
 62
     7
100
AcDbSpline
210
0.0
220
0.0
230
1.0
 70
     8
 71
     3
 72
     8
 73
     4
 74
     0
 42
0.000000001
 43
0.0000000001
 40
0.0
 40
0.0
 40
0.0
 40
0.0
 40
1.0
 40
1.0
 40
1.0
 40
1.0
 10
63.191033
 20
101.271035
 30
0.0
 10
61.299193
 20
100.325115
 30
0.0
 10
58.83158299999998
 20
99.399685
 30
0.0
 10
57.083763
 20
100.139965
 30
0.0
  0
SPLINE
  5
4A4
330
1F
100
AcDbEntity
  8
0
 62
     7
100
AcDbSpline
210
0.0
220
0.0
230
1.0
 70
     8
 71
     3
 72
     8
 73
     4
 74
     0
 42
0.000000001
 43
0.0000000001
 40
0.0
 40
0.0
 40
0.0
 40
0.0
 40
1.0
 40
1.0
 40
1.0
 40
1.0
 10
57.083763
 20
100.139965
 30
0.0
 10
55.335793
 20
100.880255
 30
0.0
 10
55.62368299999999
 20
103.018855
 30
0.0
 10
57.86517299999999
 20
103.059985
 30
0.0
  0
SPLINE
  5
4A5
330
1F
100
AcDbEntity
  8
0
 62
     7
100
AcDbSpline
210
0.0
220
0.0
230
1.0
 70
     8
 71
     3
 72
     8
 73
     4
 74
     0
 42
0.000000001
 43
0.0000000001
 40
0.0
 40
0.0
 40
0.0
 40
0.0
 40
1.0
 40
1.0
 40
1.0
 40
1.0
 10
57.86517299999999
 20
103.059985
 30
0.0
 10
60.106663
 20
103.101085
 30
0.0
 10
60.435683
 20
103.101085
 30
0.0
 10
62.84153299999999
 20
103.985405
 30
0.0
  0
SPLINE
  5
4A6
330
1F
100
AcDbEntity
  8
0
 62
     7
100
AcDbSpline
210
0.0
220
0.0
230
1.0
 70
     8
 71
     3
 72
     8
 73
     4
 74
     0
 42
0.000000001
 43
0.0000000001
 40
0.0
 40
0.0
 40
0.0
 40
0.0
 40
1.0
 40
1.0
 40
1.0
 40
1.0
 10
62.84153299999999
 20
103.985405
 30
0.0
 10
65.247383
 20
104.869715
 30
0.0
 10
65.679293
 20
104.026505
 30
0.0
 10
68.517053
 20
104.170405
 30
0.0
  0
SPLINE
  5
4A7
330
1F
100
AcDbEntity
  8
0
 62
     7
100
AcDbSpline
210
0.0
220
0.0
230
1.0
 70
     8
 71
     3
 72
     8
 73
     4
 74
     0
 42
0.000000001
 43
0.0000000001
 40
0.0
 40
0.0
 40
0.0
 40
0.0
 40
1.0
 40
1.0
 40
1.0
 40
1.0
 10
68.517053
 20
104.170405
 30
0.0
 10
66.66633299999999
 20
104.468615
 30
0.0
 10
64.83611299999999
 20
105.525205
 30
0.0
 10
62.286243
 20
104.395485
 30
0.0
  0
SPLINE
  5
4A8
330
1F
100
AcDbEntity
  8
0
 62
     7
100
AcDbSpline
210
0.0
220
0.0
230
1.0
 70
     8
 71
     3
 72
     8
 73
     4
 74
     0
 42
0.000000001
 43
0.0000000001
 40
0.0
 40
0.0
 40
0.0
 40
0.0
 40
1.0
 40
1.0
 40
1.0
 40
1.0
 10
62.286243
 20
104.395485
 30
0.0
 10
63.37618299999999
 20
105.311795
 30
0.0
 10
64.208893
 20
105.455665
 30
0.0
 10
66.954223
 20
105.332285
 30
0.0
  0
SPLINE
  5
4A9
330
1F
100
AcDbEntity
  8
0
 62
     7
100
AcDbSpline
210
0.0
220
0.0
230
1.0
 70
     8
 71
     3
 72
     8
 73
     4
 74
     0
 42
0.000000001
 43
0.0000000001
 40
0.0
 40
0.0
 40
0.0
 40
0.0
 40
1.0
 40
1.0
 40
1.0
 40
1.0
 10
66.954223
 20
105.332285
 30
0.0
 10
69.69941300000001
 20
105.208895
 30
0.0
 10
71.406253
 20
105.147285
 30
0.0
 10
73.174713
 20
105.712745
 30
0.0
  0
SPLINE
  5
4AA
330
1F
100
AcDbEntity
  8
0
 62
     7
100
AcDbSpline
210
0.0
220
0.0
230
1.0
 70
     8
 71
     3
 72
     8
 73
     4
 74
     0
 42
0.000000001
 43
0.0000000001
 40
0.0
 40
0.0
 40
0.0
 40
0.0
 40
1.0
 40
1.0
 40
1.0
 40
1.0
 10
73.174713
 20
105.712745
 30
0.0
 10
74.943173
 20
106.278205
 30
0.0
 10
77.22578299999998
 20
105.363235
 30
0.0
 10
78.911843
 20
105.640845
 30
0.0
  0
SPLINE
  5
4AB
330
1F
100
AcDbEntity
  8
0
 62
     7
100
AcDbSpline
210
0.0
220
0.0
230
1.0
 70
     8
 71
     3
 72
     8
 73
     4
 74
     0
 42
0.000000001
 43
0.0000000001
 40
0.0
 40
0.0
 40
0.0
 40
0.0
 40
1.0
 40
1.0
 40
1.0
 40
1.0
 10
78.911843
 20
105.640845
 30
0.0
 10
77.390143
 20
106.288555
 30
0.0
 10
75.837643
 20
106.370805
 30
0.0
 10
74.531903
 20
106.740955
 30
0.0
  0
SPLINE
  5
4AC
330
1F
100
AcDbEntity
  8
0
 62
     7
100
AcDbSpline
210
0.0
220
0.0
230
1.0
 70
     8
 71
     3
 72
     8
 73
     4
 74
     0
 42
0.000000001
 43
0.0000000001
 40
0.0
 40
0.0
 40
0.0
 40
0.0
 40
1.0
 40
1.0
 40
1.0
 40
1.0
 10
74.531903
 20
106.740955
 30
0.0
 10
73.22615299999998
 20
107.111095
 30
0.0
 10
71.58108299999998
 20
108.386025
 30
0.0
 10
70.223893
 20
109.455325
 30
0.0
  0
SPLINE
  5
4AD
330
1F
100
AcDbEntity
  8
0
 62
     7
100
AcDbSpline
210
0.0
220
0.0
230
1.0
 70
     8
 71
     3
 72
     8
 73
     4
 74
     0
 42
0.000000001
 43
0.0000000001
 40
0.0
 40
0.0
 40
0.0
 40
0.0
 40
1.0
 40
1.0
 40
1.0
 40
1.0
 10
70.223893
 20
109.455325
 30
0.0
 10
68.866703
 20
110.524625
 30
0.0
 10
68.198353
 20
111.597365
 30
0.0
 10
64.003403
 20
109.647205
 30
0.0
  0
SPLINE
  5
4AE
330
1F
100
AcDbEntity
  8
0
 62
     7
100
AcDbSpline
210
0.0
220
0.0
230
1.0
 70
     8
 71
     3
 72
     8
 73
     4
 74
     0
 42
0.000000001
 43
0.0000000001
 40
0.0
 40
0.0
 40
0.0
 40
0.0
 40
1.0
 40
1.0
 40
1.0
 40
1.0
 10
64.003403
 20
109.647205
 30
0.0
 10
66.337323
 20
110.010465
 30
0.0
 10
67.550643
 20
110.226425
 30
0.0
 10
69.58634299999999
 20
108.858915
 30
0.0
  0
SPLINE
  5
4AF
330
1F
100
AcDbEntity
  8
0
 62
     7
100
AcDbSpline
210
0.0
220
0.0
230
1.0
 70
     8
 71
     3
 72
     8
 73
     4
 74
     0
 42
0.000000001
 43
0.0000000001
 40
0.0
 40
0.0
 40
0.0
 40
0.0
 40
1.0
 40
1.0
 40
1.0
 40
1.0
 10
69.58634299999999
 20
108.858915
 30
0.0
 10
71.622063
 20
107.491405
 30
0.0
 10
71.632373
 20
106.298725
 30
0.0
 10
69.637743
 20
106.247425
 30
0.0
  0
SPLINE
  5
4B0
330
1F
100
AcDbEntity
  8
0
 62
     7
100
AcDbSpline
210
0.0
220
0.0
230
1.0
 70
     8
 71
     3
 72
     8
 73
     4
 74
     0
 42
0.000000001
 43
0.0000000001
 40
0.0
 40
0.0
 40
0.0
 40
0.0
 40
1.0
 40
1.0
 40
1.0
 40
1.0
 10
69.637743
 20
106.247425
 30
0.0
 10
67.643163
 20
106.196025
 30
0.0
 10
67.005623
 20
106.617565
 30
0.0
 10
66.131633
 20
106.987715
 30
0.0
  0
SPLINE
  5
4B1
330
1F
100
AcDbEntity
  8
0
 62
     7
100
AcDbSpline
210
0.0
220
0.0
230
1.0
 70
     8
 71
     3
 72
     8
 73
     4
 74
     0
 42
0.000000001
 43
0.0000000001
 40
0.0
 40
0.0
 40
0.0
 40
0.0
 40
1.0
 40
1.0
 40
1.0
 40
1.0
 10
66.131633
 20
106.987715
 30
0.0
 10
65.257653
 20
107.357855
 30
0.0
 10
63.59208299999998
 20
107.995395
 30
0.0
 10
61.525423
 20
106.627885
 30
0.0
  0
SPLINE
  5
4B2
330
1F
100
AcDbEntity
  8
0
 62
     7
100
AcDbSpline
210
0.0
220
0.0
230
1.0
 70
     8
 71
     3
 72
     8
 73
     4
 74
     0
 42
0.000000001
 43
0.0000000001
 40
0.0
 40
0.0
 40
0.0
 40
0.0
 40
1.0
 40
1.0
 40
1.0
 40
1.0
 10
61.525423
 20
106.627885
 30
0.0
 10
59.458753
 20
105.260385
 30
0.0
 10
57.844483
 20
104.643475
 30
0.0
 10
57.844483
 20
104.643475
 30
0.0
  0
SPLINE
  5
4B3
330
1F
100
AcDbEntity
  8
0
 62
     7
100
AcDbSpline
210
0.0
220
0.0
230
1.0
 70
     8
 71
     3
 72
     8
 73
     4
 74
     0
 42
0.000000001
 43
0.0000000001
 40
0.0
 40
0.0
 40
0.0
 40
0.0
 40
1.0
 40
1.0
 40
1.0
 40
1.0
 10
57.844483
 20
104.643475
 30
0.0
 10
59.05780299999999
 20
104.561175
 30
0.0
 10
62.265703
 20
106.113725
 30
0.0
 10
63.262923
 20
106.586755
 30
0.0
  0
SPLINE
  5
4B4
330
1F
100
AcDbEntity
  8
0
 62
     7
100
AcDbSpline
210
0.0
220
0.0
230
1.0
 70
     8
 71
     3
 72
     8
 73
     4
 74
     0
 42
0.000000001
 43
0.0000000001
 40
0.0
 40
0.0
 40
0.0
 40
0.0
 40
1.0
 40
1.0
 40
1.0
 40
1.0
 10
63.262923
 20
106.586755
 30
0.0
 10
61.63848299999999
 20
104.869745
 30
0.0
 10
59.633433
 20
102.751635
 30
0.0
 10
55.006723
 20
104.592175
 30
0.0
  0
SPLINE
  5
4B5
330
1F
100
AcDbEntity
  8
0
 62
     7
100
AcDbSpline
210
0.0
220
0.0
230
1.0
 70
     8
 71
     3
 72
     8
 73
     4
 74
     0
 42
0.000000001
 43
0.0000000001
 40
0.0
 40
0.0
 40
0.0
 40
0.0
 40
1.0
 40
1.0
 40
1.0
 40
1.0
 10
55.006723
 20
104.592175
 30
0.0
 10
50.379873
 20
102.751785
 30
0.0
 10
48.37497299999999
 20
104.869745
 30
0.0
 10
46.750533
 20
106.586755
 30
0.0
  0
SPLINE
  5
4B6
330
1F
100
AcDbEntity
  8
0
 62
     7
100
AcDbSpline
210
0.0
220
0.0
230
1.0
 70
     8
 71
     3
 72
     8
 73
     4
 74
     0
 42
0.000000001
 43
0.0000000001
 40
0.0
 40
0.0
 40
0.0
 40
0.0
 40
1.0
 40
1.0
 40
1.0
 40
1.0
 10
46.750533
 20
106.586755
 30
0.0
 10
47.747893
 20
106.113725
 30
0.0
 10
50.955793
 20
104.561225
 30
0.0
 10
52.168963
 20
104.643475
 30
0.0
  0
SPLINE
  5
4B7
330
1F
100
AcDbEntity
  8
0
 62
     7
100
AcDbSpline
210
0.0
220
0.0
230
1.0
 70
     8
 71
     3
 72
     8
 73
     4
 74
     0
 42
0.000000001
 43
0.0000000001
 40
0.0
 40
0.0
 40
0.0
 40
0.0
 40
1.0
 40
1.0
 40
1.0
 40
1.0
 10
52.168963
 20
104.643475
 30
0.0
 10
52.168963
 20
104.643475
 30
0.0
 10
50.554693
 20
105.260385
 30
0.0
 10
48.488183
 20
106.627885
 30
0.0
  0
SPLINE
  5
4B8
330
1F
100
AcDbEntity
  8
0
 62
     7
100
AcDbSpline
210
0.0
220
0.0
230
1.0
 70
     8
 71
     3
 72
     8
 73
     4
 74
     0
 42
0.000000001
 43
0.0000000001
 40
0.0
 40
0.0
 40
0.0
 40
0.0
 40
1.0
 40
1.0
 40
1.0
 40
1.0
 10
48.488183
 20
106.627885
 30
0.0
 10
46.421513
 20
107.995395
 30
0.0
 10
44.755943
 20
107.357855
 30
0.0
 10
43.88196299999999
 20
106.987715
 30
0.0
  0
SPLINE
  5
4B9
330
1F
100
AcDbEntity
  8
0
 62
     7
100
AcDbSpline
210
0.0
220
0.0
230
1.0
 70
     8
 71
     3
 72
     8
 73
     4
 74
     0
 42
0.000000001
 43
0.0000000001
 40
0.0
 40
0.0
 40
0.0
 40
0.0
 40
1.0
 40
1.0
 40
1.0
 40
1.0
 10
43.88196299999999
 20
106.987715
 30
0.0
 10
43.007983
 20
106.617565
 30
0.0
 10
42.370583
 20
106.195975
 30
0.0
 10
40.37585299999999
 20
106.247425
 30
0.0
  0
SPLINE
  5
4BA
330
1F
100
AcDbEntity
  8
0
 62
     7
100
AcDbSpline
210
0.0
220
0.0
230
1.0
 70
     8
 71
     3
 72
     8
 73
     4
 74
     0
 42
0.000000001
 43
0.0000000001
 40
0.0
 40
0.0
 40
0.0
 40
0.0
 40
1.0
 40
1.0
 40
1.0
 40
1.0
 10
40.37585299999999
 20
106.247425
 30
0.0
 10
38.381273
 20
106.298825
 30
0.0
 10
38.391443
 20
107.491555
 30
0.0
 10
40.42725299999999
 20
108.858915
 30
0.0
  0
SPLINE
  5
4BB
330
1F
100
AcDbEntity
  8
0
 62
     7
100
AcDbSpline
210
0.0
220
0.0
230
1.0
 70
     8
 71
     3
 72
     8
 73
     4
 74
     0
 42
0.000000001
 43
0.0000000001
 40
0.0
 40
0.0
 40
0.0
 40
0.0
 40
1.0
 40
1.0
 40
1.0
 40
1.0
 10
40.42725299999999
 20
108.858915
 30
0.0
 10
42.462963
 20
110.226425
 30
0.0
 10
43.676283
 20
110.010465
 30
0.0
 10
46.010203
 20
109.647205
 30
0.0
  0
SPLINE
  5
4BC
330
1F
100
AcDbEntity
  8
0
 62
     7
100
AcDbSpline
210
0.0
220
0.0
230
1.0
 70
     8
 71
     3
 72
     8
 73
     4
 74
     0
 42
0.000000001
 43
0.0000000001
 40
0.0
 40
0.0
 40
0.0
 40
0.0
 40
1.0
 40
1.0
 40
1.0
 40
1.0
 10
46.010203
 20
109.647205
 30
0.0
 10
41.815253
 20
111.597365
 30
0.0
 10
41.146903
 20
110.524625
 30
0.0
 10
39.789713
 20
109.455325
 30
0.0
  0
SPLINE
  5
4BD
330
1F
100
AcDbEntity
  8
0
 62
     7
100
AcDbSpline
210
0.0
220
0.0
230
1.0
 70
     8
 71
     3
 72
     8
 73
     4
 74
     0
 42
0.000000001
 43
0.0000000001
 40
0.0
 40
0.0
 40
0.0
 40
0.0
 40
1.0
 40
1.0
 40
1.0
 40
1.0
 10
39.789713
 20
109.455325
 30
0.0
 10
38.43252299999999
 20
108.386025
 30
0.0
 10
36.787443
 20
107.111095
 30
0.0
 10
35.48170300000001
 20
106.740955
 30
0.0
  0
SPLINE
  5
4BE
330
1F
100
AcDbEntity
  8
0
 62
     7
100
AcDbSpline
210
0.0
220
0.0
230
1.0
 70
     8
 71
     3
 72
     8
 73
     4
 74
     0
 42
0.000000001
 43
0.0000000001
 40
0.0
 40
0.0
 40
0.0
 40
0.0
 40
1.0
 40
1.0
 40
1.0
 40
1.0
 10
35.48170300000001
 20
106.740955
 30
0.0
 10
34.176253
 20
106.370955
 30
0.0
 10
32.623603
 20
106.288705
 30
0.0
 10
31.102053
 20
105.640845
 30
0.0
  0
LWPOLYLINE
  5
4BF
330
1F
100
AcDbEntity
  8
0
 62
     7
100
AcDbPolyline
 90
        2
 70
     1
 43
0.0
 10
55.007073
 20
109.647355
 10
55.007073
 20
109.647355
  0
SPLINE
  5
4C0
330
1F
100
AcDbEntity
  8
0
 62
     7
100
AcDbSpline
210
0.0
220
0.0
230
1.0
 70
     8
 71
     3
 72
     8
 73
     4
 74
     0
 42
0.000000001
 43
0.0000000001
 40
0.0
 40
0.0
 40
0.0
 40
0.0
 40
1.0
 40
1.0
 40
1.0
 40
1.0
 10
56.32313299999999
 20
93.278835
 30
0.0
 10
55.730313
 20
93.36823499999999
 30
0.0
 10
55.007073
 20
93.99174499999999
 30
0.0
 10
55.007073
 20
93.99174499999999
 30
0.0
  0
SPLINE
  5
4C1
330
1F
100
AcDbEntity
  8
0
 62
     7
100
AcDbSpline
210
0.0
220
0.0
230
1.0
 70
     8
 71
     3
 72
     8
 73
     4
 74
     0
 42
0.000000001
 43
0.0000000001
 40
0.0
 40
0.0
 40
0.0
 40
0.0
 40
1.0
 40
1.0
 40
1.0
 40
1.0
 10
55.007073
 20
93.99174499999999
 30
0.0
 10
55.007073
 20
93.99174499999999
 30
0.0
 10
54.283833
 20
93.368415
 30
0.0
 10
53.691013
 20
93.278835
 30
0.0
  0
SPLINE
  5
4C2
330
1F
100
AcDbEntity
  8
0
 62
     7
100
AcDbSpline
210
0.0
220
0.0
230
1.0
 70
     8
 71
     3
 72
     8
 73
     4
 74
     0
 42
0.000000001
 43
0.0000000001
 40
0.0
 40
0.0
 40
0.0
 40
0.0
 40
1.0
 40
1.0
 40
1.0
 40
1.0
 10
53.691013
 20
93.278835
 30
0.0
 10
52.237813
 20
93.05943499999999
 30
0.0
 10
52.073303
 20
93.78611499999999
 30
0.0
 10
50.908143
 20
93.635215
 30
0.0
  0
SPLINE
  5
4C3
330
1F
100
AcDbEntity
  8
0
 62
     7
100
AcDbSpline
210
0.0
220
0.0
230
1.0
 70
     8
 71
     3
 72
     8
 73
     4
 74
     0
 42
0.000000001
 43
0.0000000001
 40
0.0
 40
0.0
 40
0.0
 40
0.0
 40
1.0
 40
1.0
 40
1.0
 40
1.0
 10
50.908143
 20
93.635215
 30
0.0
 10
51.429033
 20
93.55301500000001
 30
0.0
 10
52.141953
 20
92.757795
 30
0.0
 10
52.937113
 20
92.552155
 30
0.0
  0
SPLINE
  5
4C4
330
1F
100
AcDbEntity
  8
0
 62
     7
100
AcDbSpline
210
0.0
220
0.0
230
1.0
 70
     8
 71
     3
 72
     8
 73
     4
 74
     0
 42
0.000000001
 43
0.0000000001
 40
0.0
 40
0.0
 40
0.0
 40
0.0
 40
1.0
 40
1.0
 40
1.0
 40
1.0
 10
52.937113
 20
92.552155
 30
0.0
 10
53.73229300000001
 20
92.34652500000001
 30
0.0
 10
54.71933299999999
 20
92.469855
 30
0.0
 10
55.00722299999999
 20
92.552155
 30
0.0
  0
SPLINE
  5
4C5
330
1F
100
AcDbEntity
  8
0
 62
     7
100
AcDbSpline
210
0.0
220
0.0
230
1.0
 70
     8
 71
     3
 72
     8
 73
     4
 74
     0
 42
0.000000001
 43
0.0000000001
 40
0.0
 40
0.0
 40
0.0
 40
0.0
 40
1.0
 40
1.0
 40
1.0
 40
1.0
 10
55.00722299999999
 20
92.552155
 30
0.0
 10
55.295113
 20
92.469855
 30
0.0
 10
56.282163
 20
92.34652500000001
 30
0.0
 10
57.077333
 20
92.552155
 30
0.0
  0
SPLINE
  5
4C6
330
1F
100
AcDbEntity
  8
0
 62
     7
100
AcDbSpline
210
0.0
220
0.0
230
1.0
 70
     8
 71
     3
 72
     8
 73
     4
 74
     0
 42
0.000000001
 43
0.0000000001
 40
0.0
 40
0.0
 40
0.0
 40
0.0
 40
1.0
 40
1.0
 40
1.0
 40
1.0
 10
57.077333
 20
92.552155
 30
0.0
 10
57.872503
 20
92.757795
 30
0.0
 10
58.585273
 20
93.55296499999999
 30
0.0
 10
59.10630300000001
 20
93.635215
 30
0.0
  0
SPLINE
  5
4C7
330
1F
100
AcDbEntity
  8
0
 62
     7
100
AcDbSpline
210
0.0
220
0.0
230
1.0
 70
     8
 71
     3
 72
     8
 73
     4
 74
     0
 42
0.000000001
 43
0.0000000001
 40
0.0
 40
0.0
 40
0.0
 40
0.0
 40
1.0
 40
1.0
 40
1.0
 40
1.0
 10
59.10630300000001
 20
93.635215
 30
0.0
 10
57.94084300000001
 20
93.78611499999999
 30
0.0
 10
57.776343
 20
93.05943499999999
 30
0.0
 10
56.32313299999999
 20
93.278835
 30
0.0
  0
LWPOLYLINE
  5
4C8
330
1F
100
AcDbEntity
  8
0
 62
     7
100
AcDbPolyline
 90
        2
 70
     1
 43
0.0
 10
31.102053
 20
105.640845
 10
31.102053
 20
105.640845
  0
SPLINE
  5
4C9
330
1F
100
AcDbEntity
  8
0
 62
     7
100
AcDbSpline
210
0.0
220
0.0
230
1.0
 70
     8
 71
     3
 72
     8
 73
     4
 74
     0
 42
0.000000001
 43
0.0000000001
 40
0.0
 40
0.0
 40
0.0
 40
0.0
 40
1.0
 40
1.0
 40
1.0
 40
1.0
 10
31.893733
 20
72.715355
 30
0.0
 10
33.26468300000001
 20
72.331455
 30
0.0
 10
35.01938300000001
 20
72.57119499999998
 30
0.0
 10
38.035413
 20
74.88133499999998
 30
0.0
  0
SPLINE
  5
4CA
330
1F
100
AcDbEntity
  8
0
 62
     7
100
AcDbSpline
210
0.0
220
0.0
230
1.0
 70
     8
 71
     3
 72
     8
 73
     4
 74
     0
 42
0.000000001
 43
0.0000000001
 40
0.0
 40
0.0
 40
0.0
 40
0.0
 40
1.0
 40
1.0
 40
1.0
 40
1.0
 10
38.035413
 20
74.88133499999998
 30
0.0
 10
36.040683
 20
73.921655
 30
0.0
 10
34.05985300000001
 20
73.40076500000002
 30
0.0
 10
32.085763
 20
73.839395
 30
0.0
  0
SPLINE
  5
4CB
330
1F
100
AcDbEntity
  8
0
 62
     7
100
AcDbSpline
210
0.0
220
0.0
230
1.0
 70
     8
 71
     3
 72
     8
 73
     4
 74
     0
 42
0.000000001
 43
0.0000000001
 40
0.0
 40
0.0
 40
0.0
 40
0.0
 40
1.0
 40
1.0
 40
1.0
 40
1.0
 10
32.085763
 20
73.839395
 30
0.0
 10
30.111673
 20
74.278035
 30
0.0
 10
28.329453
 20
75.89574499999997
 30
0.0
 10
27.013393
 20
77.86983499999998
 30
0.0
  0
SPLINE
  5
4CC
330
1F
100
AcDbEntity
  8
0
 62
     7
100
AcDbSpline
210
0.0
220
0.0
230
1.0
 70
     8
 71
     3
 72
     8
 73
     4
 74
     0
 42
0.000000001
 43
0.0000000001
 40
0.0
 40
0.0
 40
0.0
 40
0.0
 40
1.0
 40
1.0
 40
1.0
 40
1.0
 10
27.013393
 20
77.86983499999998
 30
0.0
 10
28.543913
 20
73.989395
 30
0.0
 10
30.522943
 20
73.099265
 30
0.0
 10
31.893733
 20
72.715355
 30
0.0
  0
LWPOLYLINE
  5
4CD
330
1F
100
AcDbEntity
  8
0
 62
     7
100
AcDbPolyline
 90
        2
 70
     1
 43
0.0
 10
56.32313299999999
 20
93.278835
 10
56.32313299999999
 20
93.278835
  0
SPLINE
  5
4CE
330
1F
100
AcDbEntity
  8
0
 62
     7
100
AcDbSpline
210
0.0
220
0.0
230
1.0
 70
     8
 71
     3
 72
     8
 73
     4
 74
     0
 42
0.000000001
 43
0.0000000001
 40
0.0
 40
0.0
 40
0.0
 40
0.0
 40
1.0
 40
1.0
 40
1.0
 40
1.0
 10
41.654583
 20
82.593005
 30
0.0
 10
40.160253
 20
82.955965
 30
0.0
 10
38.570063
 20
85.20433500000001
 30
0.0
 10
38.172553
 20
85.738985
 30
0.0
  0
SPLINE
  5
4CF
330
1F
100
AcDbEntity
  8
0
 62
     7
100
AcDbSpline
210
0.0
220
0.0
230
1.0
 70
     8
 71
     3
 72
     8
 73
     4
 74
     0
 42
0.000000001
 43
0.0000000001
 40
0.0
 40
0.0
 40
0.0
 40
0.0
 40
1.0
 40
1.0
 40
1.0
 40
1.0
 10
38.172553
 20
85.738985
 30
0.0
 10
37.775043
 20
86.273645
 30
0.0
 10
35.677563
 20
88.76862499999999
 30
0.0
 10
32.743793
 20
89.084035
 30
0.0
  0
SPLINE
  5
4D0
330
1F
100
AcDbEntity
  8
0
 62
     7
100
AcDbSpline
210
0.0
220
0.0
230
1.0
 70
     8
 71
     3
 72
     8
 73
     4
 74
     0
 42
0.000000001
 43
0.0000000001
 40
0.0
 40
0.0
 40
0.0
 40
0.0
 40
1.0
 40
1.0
 40
1.0
 40
1.0
 10
32.743793
 20
89.084035
 30
0.0
 10
34.937283
 20
88.151875
 30
0.0
 10
35.89680300000001
 20
86.918055
 30
0.0
 10
36.691983
 20
85.79387500000001
 30
0.0
  0
SPLINE
  5
4D1
330
1F
100
AcDbEntity
  8
0
 62
     7
100
AcDbSpline
210
0.0
220
0.0
230
1.0
 70
     8
 71
     3
 72
     8
 73
     4
 74
     0
 42
0.000000001
 43
0.0000000001
 40
0.0
 40
0.0
 40
0.0
 40
0.0
 40
1.0
 40
1.0
 40
1.0
 40
1.0
 10
36.691983
 20
85.79387500000001
 30
0.0
 10
37.487153
 20
84.66969499999997
 30
0.0
 10
38.720963
 20
82.585975
 30
0.0
 10
40.201533
 20
81.92794499999997
 30
0.0
  0
SPLINE
  5
4D2
330
1F
100
AcDbEntity
  8
0
 62
     7
100
AcDbSpline
210
0.0
220
0.0
230
1.0
 70
     8
 71
     3
 72
     8
 73
     4
 74
     0
 42
0.000000001
 43
0.0000000001
 40
0.0
 40
0.0
 40
0.0
 40
0.0
 40
1.0
 40
1.0
 40
1.0
 40
1.0
 10
40.201533
 20
81.92794499999997
 30
0.0
 10
41.682093
 20
81.269915
 30
0.0
 10
44.09482299999999
 20
81.516675
 30
0.0
 10
45.410893
 20
82.777855
 30
0.0
  0
SPLINE
  5
4D3
330
1F
100
AcDbEntity
  8
0
 62
     7
100
AcDbSpline
210
0.0
220
0.0
230
1.0
 70
     8
 71
     3
 72
     8
 73
     4
 74
     0
 42
0.000000001
 43
0.0000000001
 40
0.0
 40
0.0
 40
0.0
 40
0.0
 40
1.0
 40
1.0
 40
1.0
 40
1.0
 10
45.410893
 20
82.777855
 30
0.0
 10
46.72695299999999
 20
84.03902499999999
 30
0.0
 10
46.42530299999999
 20
86.945425
 30
0.0
 10
45.959303
 20
88.014735
 30
0.0
  0
SPLINE
  5
4D4
330
1F
100
AcDbEntity
  8
0
 62
     7
100
AcDbSpline
210
0.0
220
0.0
230
1.0
 70
     8
 71
     3
 72
     8
 73
     4
 74
     0
 42
0.000000001
 43
0.0000000001
 40
0.0
 40
0.0
 40
0.0
 40
0.0
 40
1.0
 40
1.0
 40
1.0
 40
1.0
 10
45.959303
 20
88.014735
 30
0.0
 10
45.49314299999998
 20
89.084035
 30
0.0
 10
43.299813
 20
91.414515
 30
0.0
 10
43.299813
 20
91.414515
 30
0.0
  0
SPLINE
  5
4D5
330
1F
100
AcDbEntity
  8
0
 62
     7
100
AcDbSpline
210
0.0
220
0.0
230
1.0
 70
     8
 71
     3
 72
     8
 73
     4
 74
     0
 42
0.000000001
 43
0.0000000001
 40
0.0
 40
0.0
 40
0.0
 40
0.0
 40
1.0
 40
1.0
 40
1.0
 40
1.0
 10
43.299813
 20
91.414515
 30
0.0
 10
43.299813
 20
91.414515
 30
0.0
 10
45.02713299999999
 20
88.946895
 30
0.0
 10
45.465773
 20
87.329185
 30
0.0
  0
SPLINE
  5
4D6
330
1F
100
AcDbEntity
  8
0
 62
     7
100
AcDbSpline
210
0.0
220
0.0
230
1.0
 70
     8
 71
     3
 72
     8
 73
     4
 74
     0
 42
0.000000001
 43
0.0000000001
 40
0.0
 40
0.0
 40
0.0
 40
0.0
 40
1.0
 40
1.0
 40
1.0
 40
1.0
 10
45.465773
 20
87.329185
 30
0.0
 10
44.698123
 20
88.727505
 30
0.0
 10
43.32717299999998
 20
89.64605500000002
 30
0.0
 10
43.32717299999998
 20
89.64605500000002
 30
0.0
  0
SPLINE
  5
4D7
330
1F
100
AcDbEntity
  8
0
 62
     7
100
AcDbSpline
210
0.0
220
0.0
230
1.0
 70
     8
 71
     3
 72
     8
 73
     4
 74
     0
 42
0.000000001
 43
0.0000000001
 40
0.0
 40
0.0
 40
0.0
 40
0.0
 40
1.0
 40
1.0
 40
1.0
 40
1.0
 10
43.32717299999998
 20
89.64605500000002
 30
0.0
 10
43.32717299999998
 20
89.64605500000002
 30
0.0
 10
44.72549299999999
 20
88.04209499999997
 30
0.0
 10
45.26014299999999
 20
85.98574499999998
 30
0.0
  0
SPLINE
  5
4D8
330
1F
100
AcDbEntity
  8
0
 62
     7
100
AcDbSpline
210
0.0
220
0.0
230
1.0
 70
     8
 71
     3
 72
     8
 73
     4
 74
     0
 42
0.000000001
 43
0.0000000001
 40
0.0
 40
0.0
 40
0.0
 40
0.0
 40
1.0
 40
1.0
 40
1.0
 40
1.0
 10
45.26014299999999
 20
85.98574499999998
 30
0.0
 10
44.643233
 20
87.17843499999998
 30
0.0
 10
43.560173
 20
87.904955
 30
0.0
 10
43.560173
 20
87.904955
 30
0.0
  0
SPLINE
  5
4D9
330
1F
100
AcDbEntity
  8
0
 62
     7
100
AcDbSpline
210
0.0
220
0.0
230
1.0
 70
     8
 71
     3
 72
     8
 73
     4
 74
     0
 42
0.000000001
 43
0.0000000001
 40
0.0
 40
0.0
 40
0.0
 40
0.0
 40
1.0
 40
1.0
 40
1.0
 40
1.0
 10
43.560173
 20
87.904955
 30
0.0
 10
43.560173
 20
87.904955
 30
0.0
 10
44.739103
 20
86.281715
 30
0.0
 10
44.95849299999998
 20
84.54346499999997
 30
0.0
  0
SPLINE
  5
4DA
330
1F
100
AcDbEntity
  8
0
 62
     7
100
AcDbSpline
210
0.0
220
0.0
230
1.0
 70
     8
 71
     3
 72
     8
 73
     4
 74
     0
 42
0.000000001
 43
0.0000000001
 40
0.0
 40
0.0
 40
0.0
 40
0.0
 40
1.0
 40
1.0
 40
1.0
 40
1.0
 10
44.95849299999998
 20
84.54346499999997
 30
0.0
 10
44.492333
 20
85.62921499999999
 30
0.0
 10
43.381913
 20
86.494225
 30
0.0
 10
43.381913
 20
86.494225
 30
0.0
  0
SPLINE
  5
4DB
330
1F
100
AcDbEntity
  8
0
 62
     7
100
AcDbSpline
210
0.0
220
0.0
230
1.0
 70
     8
 71
     3
 72
     8
 73
     4
 74
     0
 42
0.000000001
 43
0.0000000001
 40
0.0
 40
0.0
 40
0.0
 40
0.0
 40
1.0
 40
1.0
 40
1.0
 40
1.0
 10
43.381913
 20
86.494225
 30
0.0
 10
44.026183
 20
85.31396499999997
 30
0.0
 10
44.13595299999999
 20
84.573675
 30
0.0
 10
44.177083
 20
83.76489499999998
 30
0.0
  0
SPLINE
  5
4DC
330
1F
100
AcDbEntity
  8
0
 62
     7
100
AcDbSpline
210
0.0
220
0.0
230
1.0
 70
     8
 71
     3
 72
     8
 73
     4
 74
     0
 42
0.000000001
 43
0.0000000001
 40
0.0
 40
0.0
 40
0.0
 40
0.0
 40
1.0
 40
1.0
 40
1.0
 40
1.0
 10
44.177083
 20
83.76489499999998
 30
0.0
 10
43.87543299999999
 20
84.82043500000001
 30
0.0
 10
42.710273
 20
85.615605
 30
0.0
 10
42.710273
 20
85.615605
 30
0.0
  0
SPLINE
  5
4DD
330
1F
100
AcDbEntity
  8
0
 62
     7
100
AcDbSpline
210
0.0
220
0.0
230
1.0
 70
     8
 71
     3
 72
     8
 73
     4
 74
     0
 42
0.000000001
 43
0.0000000001
 40
0.0
 40
0.0
 40
0.0
 40
0.0
 40
1.0
 40
1.0
 40
1.0
 40
1.0
 10
42.710273
 20
85.615605
 30
0.0
 10
43.354543
 20
84.491425
 30
0.0
 10
43.32717299999998
 20
83.40851500000002
 30
0.0
 10
43.32717299999998
 20
83.40851500000002
 30
0.0
  0
LWPOLYLINE
  5
4DE
330
1F
100
AcDbEntity
  8
0
 62
     7
100
AcDbPolyline
 90
        2
 70
     1
 43
0.0
 10
31.893733
 20
72.715355
 10
31.893733
 20
72.715355
  0
SPLINE
  5
4DF
330
1F
100
AcDbEntity
  8
0
 62
     7
100
AcDbSpline
210
0.0
220
0.0
230
1.0
 70
     8
 71
     3
 72
     8
 73
     4
 74
     0
 42
0.000000001
 43
0.0000000001
 40
0.0
 40
0.0
 40
0.0
 40
0.0
 40
1.0
 40
1.0
 40
1.0
 40
1.0
 10
41.394213
 20
85.43748499999997
 30
0.0
 10
41.394213
 20
85.43748499999997
 30
0.0
 10
42.17562299999999
 20
83.42227499999998
 30
0.0
 10
42.422383
 20
83.134385
 30
0.0
  0
SPLINE
  5
4E0
330
1F
100
AcDbEntity
  8
0
 62
     7
100
AcDbSpline
210
0.0
220
0.0
230
1.0
 70
     8
 71
     3
 72
     8
 73
     4
 74
     0
 42
0.000000001
 43
0.0000000001
 40
0.0
 40
0.0
 40
0.0
 40
0.0
 40
1.0
 40
1.0
 40
1.0
 40
1.0
 10
42.422383
 20
83.134385
 30
0.0
 10
40.900683
 20
84.43668499999999
 30
0.0
 10
37.843533
 20
87.28820500000002
 30
0.0
 10
37.843533
 20
87.28820500000002
 30
0.0
  0
SPLINE
  5
4E1
330
1F
100
AcDbEntity
  8
0
 62
     7
100
AcDbSpline
210
0.0
220
0.0
230
1.0
 70
     8
 71
     3
 72
     8
 73
     4
 74
     0
 42
0.000000001
 43
0.0000000001
 40
0.0
 40
0.0
 40
0.0
 40
0.0
 40
1.0
 40
1.0
 40
1.0
 40
1.0
 10
37.843533
 20
87.28820500000002
 30
0.0
 10
37.843533
 20
87.28820500000002
 30
0.0
 10
40.32476299999999
 20
83.422575
 30
0.0
 10
41.654583
 20
82.593005
 30
0.0
  0
LWPOLYLINE
  5
4E2
330
1F
100
AcDbEntity
  8
0
 62
     7
100
AcDbPolyline
 90
        2
 70
     0
 43
0.0
 10
43.32717299999998
 20
83.40851500000002
 10
41.394213
 20
85.43748499999997
  0
SPLINE
  5
4E3
330
1F
100
AcDbEntity
  8
0
 62
     7
100
AcDbSpline
210
0.0
220
0.0
230
1.0
 70
     8
 71
     3
 72
     8
 73
     4
 74
     0
 42
0.000000001
 43
0.0000000001
 40
0.0
 40
0.0
 40
0.0
 40
0.0
 40
1.0
 40
1.0
 40
1.0
 40
1.0
 10
29.169783
 20
91.08534500000001
 30
0.0
 10
31.682723
 20
91.496615
 30
0.0
 10
34.032333
 20
91.03044500000001
 30
0.0
 10
35.456073
 20
90.454685
 30
0.0
  0
SPLINE
  5
4E4
330
1F
100
AcDbEntity
  8
0
 62
     7
100
AcDbSpline
210
0.0
220
0.0
230
1.0
 70
     8
 71
     3
 72
     8
 73
     4
 74
     0
 42
0.000000001
 43
0.0000000001
 40
0.0
 40
0.0
 40
0.0
 40
0.0
 40
1.0
 40
1.0
 40
1.0
 40
1.0
 10
35.456073
 20
90.454685
 30
0.0
 10
36.879823
 20
89.878905
 30
0.0
 10
37.92563300000001
 20
88.836975
 30
0.0
 10
40.365883
 20
86.494075
 30
0.0
  0
SPLINE
  5
4E5
330
1F
100
AcDbEntity
  8
0
 62
     7
100
AcDbSpline
210
0.0
220
0.0
230
1.0
 70
     8
 71
     3
 72
     8
 73
     4
 74
     0
 42
0.000000001
 43
0.0000000001
 40
0.0
 40
0.0
 40
0.0
 40
0.0
 40
1.0
 40
1.0
 40
1.0
 40
1.0
 10
40.365883
 20
86.494075
 30
0.0
 10
38.673993
 20
89.53822499999999
 30
0.0
 10
37.157983
 20
90.948205
 30
0.0
 10
35.704783
 20
91.63360500000001
 30
0.0
  0
SPLINE
  5
4E6
330
1F
100
AcDbEntity
  8
0
 62
     7
100
AcDbSpline
210
0.0
220
0.0
230
1.0
 70
     8
 71
     3
 72
     8
 73
     4
 74
     0
 42
0.000000001
 43
0.0000000001
 40
0.0
 40
0.0
 40
0.0
 40
0.0
 40
1.0
 40
1.0
 40
1.0
 40
1.0
 10
35.704783
 20
91.63360500000001
 30
0.0
 10
34.251733
 20
92.31915499999999
 30
0.0
 10
32.935673
 20
92.401405
 30
0.0
 10
29.169783
 20
91.08534500000001
 30
0.0
  0
LWPOLYLINE
  5
4E7
330
1F
100
AcDbEntity
  8
0
 62
     7
100
AcDbPolyline
 90
        2
 70
     1
 43
0.0
 10
41.654583
 20
82.593005
 10
41.654583
 20
82.593005
  0
SPLINE
  5
4E8
330
1F
100
AcDbEntity
  8
0
 62
     7
100
AcDbSpline
210
0.0
220
0.0
230
1.0
 70
     8
 71
     3
 72
     8
 73
     4
 74
     0
 42
0.000000001
 43
0.0000000001
 40
0.0
 40
0.0
 40
0.0
 40
0.0
 40
1.0
 40
1.0
 40
1.0
 40
1.0
 10
40.242503
 20
69.377195
 30
0.0
 10
39.152713
 20
68.59578499999999
 30
0.0
 10
37.754403
 20
66.889095
 30
0.0
 10
37.384253
 20
66.128175
 30
0.0
  0
SPLINE
  5
4E9
330
1F
100
AcDbEntity
  8
0
 62
     7
100
AcDbSpline
210
0.0
220
0.0
230
1.0
 70
     8
 71
     3
 72
     8
 73
     4
 74
     0
 42
0.000000001
 43
0.0000000001
 40
0.0
 40
0.0
 40
0.0
 40
0.0
 40
1.0
 40
1.0
 40
1.0
 40
1.0
 10
37.384253
 20
66.128175
 30
0.0
 10
37.014113
 20
65.367395
 30
0.0
 10
36.129813
 20
65.30563499999999
 30
0.0
 10
35.286783
 20
63.269925
 30
0.0
  0
SPLINE
  5
4EA
330
1F
100
AcDbEntity
  8
0
 62
     7
100
AcDbSpline
210
0.0
220
0.0
230
1.0
 70
     8
 71
     3
 72
     8
 73
     4
 74
     0
 42
0.000000001
 43
0.0000000001
 40
0.0
 40
0.0
 40
0.0
 40
0.0
 40
1.0
 40
1.0
 40
1.0
 40
1.0
 10
35.286783
 20
63.269925
 30
0.0
 10
36.314953
 20
64.359715
 30
0.0
 10
37.116863
 20
64.95613500000001
 30
0.0
 10
38.474203
 20
65.778665
 30
0.0
  0
SPLINE
  5
4EB
330
1F
100
AcDbEntity
  8
0
 62
     7
100
AcDbSpline
210
0.0
220
0.0
230
1.0
 70
     8
 71
     3
 72
     8
 73
     4
 74
     0
 42
0.000000001
 43
0.0000000001
 40
0.0
 40
0.0
 40
0.0
 40
0.0
 40
1.0
 40
1.0
 40
1.0
 40
1.0
 10
38.474203
 20
65.778665
 30
0.0
 10
39.831383
 20
66.60120500000001
 30
0.0
 10
41.229703
 20
67.814375
 30
0.0
 10
41.57920299999999
 20
68.246285
 30
0.0
  0
SPLINE
  5
4EC
330
1F
100
AcDbEntity
  8
0
 62
     7
100
AcDbSpline
210
0.0
220
0.0
230
1.0
 70
     8
 71
     3
 72
     8
 73
     4
 74
     0
 42
0.000000001
 43
0.0000000001
 40
0.0
 40
0.0
 40
0.0
 40
0.0
 40
1.0
 40
1.0
 40
1.0
 40
1.0
 10
41.57920299999999
 20
68.246285
 30
0.0
 10
40.07815299999999
 20
67.403255
 30
0.0
 10
38.90595300000001
 20
66.950715
 30
0.0
 10
38.90595300000001
 20
66.950715
 30
0.0
  0
SPLINE
  5
4ED
330
1F
100
AcDbEntity
  8
0
 62
     7
100
AcDbSpline
210
0.0
220
0.0
230
1.0
 70
     8
 71
     3
 72
     8
 73
     4
 74
     0
 42
0.000000001
 43
0.0000000001
 40
0.0
 40
0.0
 40
0.0
 40
0.0
 40
1.0
 40
1.0
 40
1.0
 40
1.0
 10
38.90595300000001
 20
66.950715
 30
0.0
 10
38.90595300000001
 20
66.950715
 30
0.0
 10
39.810743
 20
68.06113499999999
 30
0.0
 10
41.949353
 20
69.15107500000001
 30
0.0
  0
SPLINE
  5
4EE
330
1F
100
AcDbEntity
  8
0
 62
     7
100
AcDbSpline
210
0.0
220
0.0
230
1.0
 70
     8
 71
     3
 72
     8
 73
     4
 74
     0
 42
0.000000001
 43
0.0000000001
 40
0.0
 40
0.0
 40
0.0
 40
0.0
 40
1.0
 40
1.0
 40
1.0
 40
1.0
 10
41.949353
 20
69.15107500000001
 30
0.0
 10
44.087953
 20
70.240865
 30
0.0
 10
44.972103
 20
70.38488499999998
 30
0.0
 10
46.473313
 20
71.57756500000002
 30
0.0
  0
SPLINE
  5
4EF
330
1F
100
AcDbEntity
  8
0
 62
     7
100
AcDbSpline
210
0.0
220
0.0
230
1.0
 70
     8
 71
     3
 72
     8
 73
     4
 74
     0
 42
0.000000001
 43
0.0000000001
 40
0.0
 40
0.0
 40
0.0
 40
0.0
 40
1.0
 40
1.0
 40
1.0
 40
1.0
 10
46.473313
 20
71.57756500000002
 30
0.0
 10
47.97452299999998
 20
72.77024499999997
 30
0.0
 10
49.08479299999999
 20
73.26376500000002
 30
0.0
 10
50.442133
 20
73.325535
 30
0.0
  0
SPLINE
  5
4F0
330
1F
100
AcDbEntity
  8
0
 62
     7
100
AcDbSpline
210
0.0
220
0.0
230
1.0
 70
     8
 71
     3
 72
     8
 73
     4
 74
     0
 42
0.000000001
 43
0.0000000001
 40
0.0
 40
0.0
 40
0.0
 40
0.0
 40
1.0
 40
1.0
 40
1.0
 40
1.0
 10
50.442133
 20
73.325535
 30
0.0
 10
51.799323
 20
73.387335
 30
0.0
 10
53.567783
 20
74.333225
 30
0.0
 10
53.567783
 20
74.333225
 30
0.0
  0
SPLINE
  5
4F1
330
1F
100
AcDbEntity
  8
0
 62
     7
100
AcDbSpline
210
0.0
220
0.0
230
1.0
 70
     8
 71
     3
 72
     8
 73
     4
 74
     0
 42
0.000000001
 43
0.0000000001
 40
0.0
 40
0.0
 40
0.0
 40
0.0
 40
1.0
 40
1.0
 40
1.0
 40
1.0
 10
53.567783
 20
74.333225
 30
0.0
 10
51.346933
 20
73.880825
 30
0.0
 10
50.339393
 20
73.778085
 30
0.0
 10
50.277623
 20
74.086455
 30
0.0
  0
SPLINE
  5
4F2
330
1F
100
AcDbEntity
  8
0
 62
     7
100
AcDbSpline
210
0.0
220
0.0
230
1.0
 70
     8
 71
     3
 72
     8
 73
     4
 74
     0
 42
0.000000001
 43
0.0000000001
 40
0.0
 40
0.0
 40
0.0
 40
0.0
 40
1.0
 40
1.0
 40
1.0
 40
1.0
 10
50.277623
 20
74.086455
 30
0.0
 10
50.215823
 20
74.394835
 30
0.0
 10
51.038403
 20
75.23801500000002
 30
0.0
 10
52.23123300000001
 20
75.66976499999999
 30
0.0
  0
SPLINE
  5
4F3
330
1F
100
AcDbEntity
  8
0
 62
     7
100
AcDbSpline
210
0.0
220
0.0
230
1.0
 70
     8
 71
     3
 72
     8
 73
     4
 74
     0
 42
0.000000001
 43
0.0000000001
 40
0.0
 40
0.0
 40
0.0
 40
0.0
 40
1.0
 40
1.0
 40
1.0
 40
1.0
 10
52.23123300000001
 20
75.66976499999999
 30
0.0
 10
50.688903
 20
75.50526500000002
 30
0.0
 10
49.084943
 20
74.579835
 30
0.0
 10
48.509323
 20
74.271455
 30
0.0
  0
SPLINE
  5
4F4
330
1F
100
AcDbEntity
  8
0
 62
     7
100
AcDbSpline
210
0.0
220
0.0
230
1.0
 70
     8
 71
     3
 72
     8
 73
     4
 74
     0
 42
0.000000001
 43
0.0000000001
 40
0.0
 40
0.0
 40
0.0
 40
0.0
 40
1.0
 40
1.0
 40
1.0
 40
1.0
 10
48.509323
 20
74.271455
 30
0.0
 10
47.93354299999999
 20
73.962925
 30
0.0
 10
46.864243
 20
73.26391499999998
 30
0.0
 10
46.123953
 20
72.667505
 30
0.0
  0
SPLINE
  5
4F5
330
1F
100
AcDbEntity
  8
0
 62
     7
100
AcDbSpline
210
0.0
220
0.0
230
1.0
 70
     8
 71
     3
 72
     8
 73
     4
 74
     0
 42
0.000000001
 43
0.0000000001
 40
0.0
 40
0.0
 40
0.0
 40
0.0
 40
1.0
 40
1.0
 40
1.0
 40
1.0
 10
46.123953
 20
72.667505
 30
0.0
 10
45.383373
 20
72.071095
 30
0.0
 10
41.332443
 20
70.15860500000001
 30
0.0
 10
40.242503
 20
69.377195
 30
0.0
  0
LWPOLYLINE
  5
4F6
330
1F
100
AcDbEntity
  8
0
 62
     7
100
AcDbPolyline
 90
        2
 70
     1
 43
0.0
 10
29.169783
 20
91.08534500000001
 10
29.169783
 20
91.08534500000001
  0
SPLINE
  5
4F7
330
1F
100
AcDbEntity
  8
0
 62
     7
100
AcDbSpline
210
0.0
220
0.0
230
1.0
 70
     8
 71
     3
 72
     8
 73
     4
 74
     0
 42
0.000000001
 43
0.0000000001
 40
0.0
 40
0.0
 40
0.0
 40
0.0
 40
1.0
 40
1.0
 40
1.0
 40
1.0
 10
20.150723
 20
79.10379499999997
 30
0.0
 10
20.150723
 20
79.10379499999997
 30
0.0
 10
19.514683
 20
77.715795
 30
0.0
 10
19.699673
 20
76.749235
 30
0.0
  0
SPLINE
  5
4F8
330
1F
100
AcDbEntity
  8
0
 62
     7
100
AcDbSpline
210
0.0
220
0.0
230
1.0
 70
     8
 71
     3
 72
     8
 73
     4
 74
     0
 42
0.000000001
 43
0.0000000001
 40
0.0
 40
0.0
 40
0.0
 40
0.0
 40
1.0
 40
1.0
 40
1.0
 40
1.0
 10
19.699673
 20
76.749235
 30
0.0
 10
19.309043
 20
77.23244499999998
 30
0.0
 10
19.123903
 20
77.43807499999999
 30
0.0
 10
19.288403
 20
78.373825
 30
0.0
  0
SPLINE
  5
4F9
330
1F
100
AcDbEntity
  8
0
 62
     7
100
AcDbSpline
210
0.0
220
0.0
230
1.0
 70
     8
 71
     3
 72
     8
 73
     4
 74
     0
 42
0.000000001
 43
0.0000000001
 40
0.0
 40
0.0
 40
0.0
 40
0.0
 40
1.0
 40
1.0
 40
1.0
 40
1.0
 10
19.288403
 20
78.373825
 30
0.0
 10
19.452913
 20
79.30943499999997
 30
0.0
 10
19.411783
 20
80.14542500000002
 30
0.0
 10
19.309003
 20
81.218315
 30
0.0
  0
SPLINE
  5
4FA
330
1F
100
AcDbEntity
  8
0
 62
     7
100
AcDbSpline
210
0.0
220
0.0
230
1.0
 70
     8
 71
     3
 72
     8
 73
     4
 74
     0
 42
0.000000001
 43
0.0000000001
 40
0.0
 40
0.0
 40
0.0
 40
0.0
 40
1.0
 40
1.0
 40
1.0
 40
1.0
 10
19.309003
 20
81.218315
 30
0.0
 10
19.288403
 20
80.21422499999998
 30
0.0
 10
18.630343
 20
78.425275
 30
0.0
 10
18.342593
 20
77.66434499999999
 30
0.0
  0
SPLINE
  5
4FB
330
1F
100
AcDbEntity
  8
0
 62
     7
100
AcDbSpline
210
0.0
220
0.0
230
1.0
 70
     8
 71
     3
 72
     8
 73
     4
 74
     0
 42
0.000000001
 43
0.0000000001
 40
0.0
 40
0.0
 40
0.0
 40
0.0
 40
1.0
 40
1.0
 40
1.0
 40
1.0
 10
18.342593
 20
77.66434499999999
 30
0.0
 10
18.054713
 20
76.90357500000001
 30
0.0
 10
18.198583
 20
76.43054499999998
 30
0.0
 10
18.342593
 20
76.10152499999998
 30
0.0
  0
SPLINE
  5
4FC
330
1F
100
AcDbEntity
  8
0
 62
     7
100
AcDbSpline
210
0.0
220
0.0
230
1.0
 70
     8
 71
     3
 72
     8
 73
     4
 74
     0
 42
0.000000001
 43
0.0000000001
 40
0.0
 40
0.0
 40
0.0
 40
0.0
 40
1.0
 40
1.0
 40
1.0
 40
1.0
 10
18.342593
 20
76.10152499999998
 30
0.0
 10
18.486473
 20
75.772515
 30
0.0
 10
18.733233
 20
75.423005
 30
0.0
 10
19.309003
 20
75.546385
 30
0.0
  0
SPLINE
  5
4FD
330
1F
100
AcDbEntity
  8
0
 62
     7
100
AcDbSpline
210
0.0
220
0.0
230
1.0
 70
     8
 71
     3
 72
     8
 73
     4
 74
     0
 42
0.000000001
 43
0.0000000001
 40
0.0
 40
0.0
 40
0.0
 40
0.0
 40
1.0
 40
1.0
 40
1.0
 40
1.0
 10
19.309003
 20
75.546385
 30
0.0
 10
19.884783
 20
75.66976499999999
 30
0.0
 10
20.707323
 20
75.546385
 30
0.0
 10
21.159723
 20
73.675185
 30
0.0
  0
SPLINE
  5
4FE
330
1F
100
AcDbEntity
  8
0
 62
     7
100
AcDbSpline
210
0.0
220
0.0
230
1.0
 70
     8
 71
     3
 72
     8
 73
     4
 74
     0
 42
0.000000001
 43
0.0000000001
 40
0.0
 40
0.0
 40
0.0
 40
0.0
 40
1.0
 40
1.0
 40
1.0
 40
1.0
 10
21.159723
 20
73.675185
 30
0.0
 10
21.612113
 20
71.80383499999997
 30
0.0
 10
22.064513
 20
68.51368499999999
 30
0.0
 10
23.668463
 20
66.31346500000001
 30
0.0
  0
SPLINE
  5
4FF
330
1F
100
AcDbEntity
  8
0
 62
     7
100
AcDbSpline
210
0.0
220
0.0
230
1.0
 70
     8
 71
     3
 72
     8
 73
     4
 74
     0
 42
0.000000001
 43
0.0000000001
 40
0.0
 40
0.0
 40
0.0
 40
0.0
 40
1.0
 40
1.0
 40
1.0
 40
1.0
 10
23.668463
 20
66.31346500000001
 30
0.0
 10
25.272413
 20
64.11325500000001
 30
0.0
 10
29.158833
 20
62.30351500000001
 30
0.0
 10
30.721803
 20
62.324155
 30
0.0
  0
SPLINE
  5
500
330
1F
100
AcDbEntity
  8
0
 62
     7
100
AcDbSpline
210
0.0
220
0.0
230
1.0
 70
     8
 71
     3
 72
     8
 73
     4
 74
     0
 42
0.000000001
 43
0.0000000001
 40
0.0
 40
0.0
 40
0.0
 40
0.0
 40
1.0
 40
1.0
 40
1.0
 40
1.0
 10
30.721803
 20
62.324155
 30
0.0
 10
32.284633
 20
62.34475500000001
 30
0.0
 10
33.662303
 20
66.12847499999999
 30
0.0
 10
36.458943
 20
68.637215
 30
0.0
  0
SPLINE
  5
501
330
1F
100
AcDbEntity
  8
0
 62
     7
100
AcDbSpline
210
0.0
220
0.0
230
1.0
 70
     8
 71
     3
 72
     8
 73
     4
 74
     0
 42
0.000000001
 43
0.0000000001
 40
0.0
 40
0.0
 40
0.0
 40
0.0
 40
1.0
 40
1.0
 40
1.0
 40
1.0
 10
36.458943
 20
68.637215
 30
0.0
 10
35.245773
 20
68.123055
 30
0.0
 10
31.934973
 20
64.11325500000001
 30
0.0
 10
30.639403
 20
64.03099499999999
 30
0.0
  0
SPLINE
  5
502
330
1F
100
AcDbEntity
  8
0
 62
     7
100
AcDbSpline
210
0.0
220
0.0
230
1.0
 70
     8
 71
     3
 72
     8
 73
     4
 74
     0
 42
0.000000001
 43
0.0000000001
 40
0.0
 40
0.0
 40
0.0
 40
0.0
 40
1.0
 40
1.0
 40
1.0
 40
1.0
 10
30.639403
 20
64.03099499999999
 30
0.0
 10
32.284483
 20
65.367695
 30
0.0
 10
34.176323
 20
68.14369499999999
 30
0.0
 10
34.176323
 20
68.14369499999999
 30
0.0
  0
SPLINE
  5
503
330
1F
100
AcDbEntity
  8
0
 62
     7
100
AcDbSpline
210
0.0
220
0.0
230
1.0
 70
     8
 71
     3
 72
     8
 73
     4
 74
     0
 42
0.000000001
 43
0.0000000001
 40
0.0
 40
0.0
 40
0.0
 40
0.0
 40
1.0
 40
1.0
 40
1.0
 40
1.0
 10
34.176323
 20
68.14369499999999
 30
0.0
 10
34.176323
 20
68.14369499999999
 30
0.0
 10
30.98890300000001
 20
65.10029499999999
 30
0.0
 10
29.03545300000001
 20
64.54515500000001
 30
0.0
  0
SPLINE
  5
504
330
1F
100
AcDbEntity
  8
0
 62
     7
100
AcDbSpline
210
0.0
220
0.0
230
1.0
 70
     8
 71
     3
 72
     8
 73
     4
 74
     0
 42
0.000000001
 43
0.0000000001
 40
0.0
 40
0.0
 40
0.0
 40
0.0
 40
1.0
 40
1.0
 40
1.0
 40
1.0
 10
29.03545300000001
 20
64.54515500000001
 30
0.0
 10
30.485213
 20
65.52188499999999
 30
0.0
 10
32.829453
 20
68.339155
 30
0.0
 10
32.829453
 20
68.339155
 30
0.0
  0
SPLINE
  5
505
330
1F
100
AcDbEntity
  8
0
 62
     7
100
AcDbSpline
210
0.0
220
0.0
230
1.0
 70
     8
 71
     3
 72
     8
 73
     4
 74
     0
 42
0.000000001
 43
0.0000000001
 40
0.0
 40
0.0
 40
0.0
 40
0.0
 40
1.0
 40
1.0
 40
1.0
 40
1.0
 10
32.829453
 20
68.339155
 30
0.0
 10
32.829453
 20
68.339155
 30
0.0
 10
30.002013
 20
65.645415
 30
0.0
 10
27.215553
 20
65.367695
 30
0.0
  0
SPLINE
  5
506
330
1F
100
AcDbEntity
  8
0
 62
     7
100
AcDbSpline
210
0.0
220
0.0
230
1.0
 70
     8
 71
     3
 72
     8
 73
     4
 74
     0
 42
0.000000001
 43
0.0000000001
 40
0.0
 40
0.0
 40
0.0
 40
0.0
 40
1.0
 40
1.0
 40
1.0
 40
1.0
 10
27.215553
 20
65.367695
 30
0.0
 10
28.994323
 20
66.08749499999999
 30
0.0
 10
30.433763
 20
67.50629499999999
 30
0.0
 10
31.39000300000001
 20
68.75042500000001
 30
0.0
  0
SPLINE
  5
507
330
1F
100
AcDbEntity
  8
0
 62
     7
100
AcDbSpline
210
0.0
220
0.0
230
1.0
 70
     8
 71
     3
 72
     8
 73
     4
 74
     0
 42
0.000000001
 43
0.0000000001
 40
0.0
 40
0.0
 40
0.0
 40
0.0
 40
1.0
 40
1.0
 40
1.0
 40
1.0
 10
31.39000300000001
 20
68.75042500000001
 30
0.0
 10
30.135713
 20
67.784015
 30
0.0
 10
28.346613
 20
66.40619499999999
 30
0.0
 10
26.681043
 20
66.38555500000001
 30
0.0
  0
SPLINE
  5
508
330
1F
100
AcDbEntity
  8
0
 62
     7
100
AcDbSpline
210
0.0
220
0.0
230
1.0
 70
     8
 71
     3
 72
     8
 73
     4
 74
     0
 42
0.000000001
 43
0.0000000001
 40
0.0
 40
0.0
 40
0.0
 40
0.0
 40
1.0
 40
1.0
 40
1.0
 40
1.0
 10
26.681043
 20
66.38555500000001
 30
0.0
 10
27.596153
 20
67.14647499999999
 30
0.0
 10
29.930073
 20
69.315885
 30
0.0
 10
29.930073
 20
69.315885
 30
0.0
  0
SPLINE
  5
509
330
1F
100
AcDbEntity
  8
0
 62
     7
100
AcDbSpline
210
0.0
220
0.0
230
1.0
 70
     8
 71
     3
 72
     8
 73
     4
 74
     0
 42
0.000000001
 43
0.0000000001
 40
0.0
 40
0.0
 40
0.0
 40
0.0
 40
1.0
 40
1.0
 40
1.0
 40
1.0
 10
29.930073
 20
69.315885
 30
0.0
 10
28.634503
 20
68.534475
 30
0.0
 10
26.670733
 20
67.557745
 30
0.0
 10
26.166883
 20
66.91003499999999
 30
0.0
  0
SPLINE
  5
50A
330
1F
100
AcDbEntity
  8
0
 62
     7
100
AcDbSpline
210
0.0
220
0.0
230
1.0
 70
     8
 71
     3
 72
     8
 73
     4
 74
     0
 42
0.000000001
 43
0.0000000001
 40
0.0
 40
0.0
 40
0.0
 40
0.0
 40
1.0
 40
1.0
 40
1.0
 40
1.0
 10
26.166883
 20
66.91003499999999
 30
0.0
 10
26.526713
 20
68.071905
 30
0.0
 10
28.511123
 20
70.087125
 30
0.0
 10
28.511123
 20
70.087125
 30
0.0
  0
SPLINE
  5
50B
330
1F
100
AcDbEntity
  8
0
 62
     7
100
AcDbSpline
210
0.0
220
0.0
230
1.0
 70
     8
 71
     3
 72
     8
 73
     4
 74
     0
 42
0.000000001
 43
0.0000000001
 40
0.0
 40
0.0
 40
0.0
 40
0.0
 40
1.0
 40
1.0
 40
1.0
 40
1.0
 10
28.511123
 20
70.087125
 30
0.0
 10
28.511123
 20
70.087125
 30
0.0
 10
26.321073
 20
68.709445
 30
0.0
 10
25.354673
 20
67.352105
 30
0.0
  0
SPLINE
  5
50C
330
1F
100
AcDbEntity
  8
0
 62
     7
100
AcDbSpline
210
0.0
220
0.0
230
1.0
 70
     8
 71
     3
 72
     8
 73
     4
 74
     0
 42
0.000000001
 43
0.0000000001
 40
0.0
 40
0.0
 40
0.0
 40
0.0
 40
1.0
 40
1.0
 40
1.0
 40
1.0
 10
25.354673
 20
67.352105
 30
0.0
 10
25.560303
 20
68.688805
 30
0.0
 10
26.937973
 20
70.313245
 30
0.0
 10
27.77083300000001
 20
70.79645500000002
 30
0.0
  0
SPLINE
  5
50D
330
1F
100
AcDbEntity
  8
0
 62
     7
100
AcDbSpline
210
0.0
220
0.0
230
1.0
 70
     8
 71
     3
 72
     8
 73
     4
 74
     0
 42
0.000000001
 43
0.0000000001
 40
0.0
 40
0.0
 40
0.0
 40
0.0
 40
1.0
 40
1.0
 40
1.0
 40
1.0
 10
27.77083300000001
 20
70.79645500000002
 30
0.0
 10
26.372523
 20
70.37486499999999
 30
0.0
 10
24.768573
 20
68.36996500000001
 30
0.0
 10
24.583573
 20
67.824995
 30
0.0
  0
SPLINE
  5
50E
330
1F
100
AcDbEntity
  8
0
 62
     7
100
AcDbSpline
210
0.0
220
0.0
230
1.0
 70
     8
 71
     3
 72
     8
 73
     4
 74
     0
 42
0.000000001
 43
0.0000000001
 40
0.0
 40
0.0
 40
0.0
 40
0.0
 40
1.0
 40
1.0
 40
1.0
 40
1.0
 10
24.583573
 20
67.824995
 30
0.0
 10
24.706953
 20
69.16169499999999
 30
0.0
 10
25.683683
 20
71.084335
 30
0.0
 10
26.598793
 20
71.958175
 30
0.0
  0
SPLINE
  5
50F
330
1F
100
AcDbEntity
  8
0
 62
     7
100
AcDbSpline
210
0.0
220
0.0
230
1.0
 70
     8
 71
     3
 72
     8
 73
     4
 74
     0
 42
0.000000001
 43
0.0000000001
 40
0.0
 40
0.0
 40
0.0
 40
0.0
 40
1.0
 40
1.0
 40
1.0
 40
1.0
 10
26.598793
 20
71.958175
 30
0.0
 10
25.406113
 20
71.413205
 30
0.0
 10
23.966673
 20
69.37749499999999
 30
0.0
 10
23.802163
 20
68.68865500000001
 30
0.0
  0
SPLINE
  5
510
330
1F
100
AcDbEntity
  8
0
 62
     7
100
AcDbSpline
210
0.0
220
0.0
230
1.0
 70
     8
 71
     3
 72
     8
 73
     4
 74
     0
 42
0.000000001
 43
0.0000000001
 40
0.0
 40
0.0
 40
0.0
 40
0.0
 40
1.0
 40
1.0
 40
1.0
 40
1.0
 10
23.802163
 20
68.68865500000001
 30
0.0
 10
23.863763
 20
70.28229499999999
 30
0.0
 10
24.727593
 20
72.73958499999998
 30
0.0
 10
25.570623
 20
73.541635
 30
0.0
  0
SPLINE
  5
511
330
1F
100
AcDbEntity
  8
0
 62
     7
100
AcDbSpline
210
0.0
220
0.0
230
1.0
 70
     8
 71
     3
 72
     8
 73
     4
 74
     0
 42
0.000000001
 43
0.0000000001
 40
0.0
 40
0.0
 40
0.0
 40
0.0
 40
1.0
 40
1.0
 40
1.0
 40
1.0
 10
25.570623
 20
73.541635
 30
0.0
 10
24.429383
 20
72.89392499999998
 30
0.0
 10
23.329273
 20
71.094515
 30
0.0
 10
23.257193
 20
70.38518499999998
 30
0.0
  0
SPLINE
  5
512
330
1F
100
AcDbEntity
  8
0
 62
     7
100
AcDbSpline
210
0.0
220
0.0
230
1.0
 70
     8
 71
     3
 72
     8
 73
     4
 74
     0
 42
0.000000001
 43
0.0000000001
 40
0.0
 40
0.0
 40
0.0
 40
0.0
 40
1.0
 40
1.0
 40
1.0
 40
1.0
 10
23.257193
 20
70.38518499999998
 30
0.0
 10
23.123493
 20
72.102195
 30
0.0
 10
23.606703
 20
73.952905
 30
0.0
 10
24.38826300000001
 20
74.78576499999999
 30
0.0
  0
SPLINE
  5
513
330
1F
100
AcDbEntity
  8
0
 62
     7
100
AcDbSpline
210
0.0
220
0.0
230
1.0
 70
     8
 71
     3
 72
     8
 73
     4
 74
     0
 42
0.000000001
 43
0.0000000001
 40
0.0
 40
0.0
 40
0.0
 40
0.0
 40
1.0
 40
1.0
 40
1.0
 40
1.0
 10
24.38826300000001
 20
74.78576499999999
 30
0.0
 10
23.421853
 20
74.076285
 30
0.0
 10
22.640293
 20
72.708775
 30
0.0
 10
22.578673
 20
72.194765
 30
0.0
  0
SPLINE
  5
514
330
1F
100
AcDbEntity
  8
0
 62
     7
100
AcDbSpline
210
0.0
220
0.0
230
1.0
 70
     8
 71
     3
 72
     8
 73
     4
 74
     0
 42
0.000000001
 43
0.0000000001
 40
0.0
 40
0.0
 40
0.0
 40
0.0
 40
1.0
 40
1.0
 40
1.0
 40
1.0
 10
22.578673
 20
72.194765
 30
0.0
 10
22.188043
 20
73.336005
 30
0.0
 10
22.948813
 20
75.721365
 30
0.0
 10
23.370403
 20
76.47196499999998
 30
0.0
  0
SPLINE
  5
515
330
1F
100
AcDbEntity
  8
0
 62
     7
100
AcDbSpline
210
0.0
220
0.0
230
1.0
 70
     8
 71
     3
 72
     8
 73
     4
 74
     0
 42
0.000000001
 43
0.0000000001
 40
0.0
 40
0.0
 40
0.0
 40
0.0
 40
1.0
 40
1.0
 40
1.0
 40
1.0
 10
23.370403
 20
76.47196499999998
 30
0.0
 10
22.506743
 20
75.649435
 30
0.0
 10
21.951603
 20
74.086605
 30
0.0
 10
21.941283
 20
73.716465
 30
0.0
  0
SPLINE
  5
516
330
1F
100
AcDbEntity
  8
0
 62
     7
100
AcDbSpline
210
0.0
220
0.0
230
1.0
 70
     8
 71
     3
 72
     8
 73
     4
 74
     0
 42
0.000000001
 43
0.0000000001
 40
0.0
 40
0.0
 40
0.0
 40
0.0
 40
1.0
 40
1.0
 40
1.0
 40
1.0
 10
21.941283
 20
73.716465
 30
0.0
 10
21.729063
 20
74.72504499999998
 30
0.0
 10
21.797263
 20
76.831795
 30
0.0
 10
22.259983
 20
77.520785
 30
0.0
  0
SPLINE
  5
517
330
1F
100
AcDbEntity
  8
0
 62
     7
100
AcDbSpline
210
0.0
220
0.0
230
1.0
 70
     8
 71
     3
 72
     8
 73
     4
 74
     0
 42
0.000000001
 43
0.0000000001
 40
0.0
 40
0.0
 40
0.0
 40
0.0
 40
1.0
 40
1.0
 40
1.0
 40
1.0
 10
22.259983
 20
77.520785
 30
0.0
 10
21.622433
 20
76.975805
 30
0.0
 10
21.272933
 20
75.927155
 30
0.0
 10
21.262613
 20
75.41298499999998
 30
0.0
  0
SPLINE
  5
518
330
1F
100
AcDbEntity
  8
0
 62
     7
100
AcDbSpline
210
0.0
220
0.0
230
1.0
 70
     8
 71
     3
 72
     8
 73
     4
 74
     0
 42
0.000000001
 43
0.0000000001
 40
0.0
 40
0.0
 40
0.0
 40
0.0
 40
1.0
 40
1.0
 40
1.0
 40
1.0
 10
21.262613
 20
75.41298499999998
 30
0.0
 10
20.810213
 20
76.35890500000002
 30
0.0
 10
20.717643
 20
77.798355
 30
0.0
 10
21.231813
 20
78.67233500000001
 30
0.0
  0
SPLINE
  5
519
330
1F
100
AcDbEntity
  8
0
 62
     7
100
AcDbSpline
210
0.0
220
0.0
230
1.0
 70
     8
 71
     3
 72
     8
 73
     4
 74
     0
 42
0.000000001
 43
0.0000000001
 40
0.0
 40
0.0
 40
0.0
 40
0.0
 40
1.0
 40
1.0
 40
1.0
 40
1.0
 10
21.231813
 20
78.67233500000001
 30
0.0
 10
20.676683
 20
78.33299499999998
 30
0.0
 10
20.357833
 20
77.109505
 30
0.0
 10
20.398963
 20
76.472115
 30
0.0
  0
SPLINE
  5
51A
330
1F
100
AcDbEntity
  8
0
 62
     7
100
AcDbSpline
210
0.0
220
0.0
230
1.0
 70
     8
 71
     3
 72
     8
 73
     4
 74
     0
 42
0.000000001
 43
0.0000000001
 40
0.0
 40
0.0
 40
0.0
 40
0.0
 40
1.0
 40
1.0
 40
1.0
 40
1.0
 10
20.398963
 20
76.472115
 30
0.0
 10
20.049153
 20
77.499845
 30
0.0
 10
20.150703
 20
79.10379499999997
 30
0.0
 10
20.150703
 20
79.10379499999997
 30
0.0
  0
LWPOLYLINE
  5
51B
330
1F
100
AcDbEntity
  8
0
 62
     7
100
AcDbPolyline
 90
        2
 70
     1
 43
0.0
 10
40.242503
 20
69.377195
 10
40.242503
 20
69.377195
  0
SPLINE
  5
51C
330
1F
100
AcDbEntity
  8
0
 62
     7
100
AcDbSpline
210
0.0
220
0.0
230
1.0
 70
     8
 71
     3
 72
     8
 73
     4
 74
     0
 42
0.000000001
 43
0.0000000001
 40
0.0
 40
0.0
 40
0.0
 40
0.0
 40
1.0
 40
1.0
 40
1.0
 40
1.0
 10
51.963683
 20
71.892825
 30
0.0
 10
52.486663
 20
72.046265
 30
0.0
 10
52.988263
 20
72.148555
 30
0.0
 10
53.495253
 20
72.22019499999998
 30
0.0
  0
SPLINE
  5
51D
330
1F
100
AcDbEntity
  8
0
 62
     7
100
AcDbSpline
210
0.0
220
0.0
230
1.0
 70
     8
 71
     3
 72
     8
 73
     4
 74
     0
 42
0.000000001
 43
0.0000000001
 40
0.0
 40
0.0
 40
0.0
 40
0.0
 40
1.0
 40
1.0
 40
1.0
 40
1.0
 10
53.495253
 20
72.22019499999998
 30
0.0
 10
54.000593
 20
72.291495
 30
0.0
 10
54.506373
 20
72.330115
 30
0.0
 10
55.007073
 20
72.33160500000002
 30
0.0
  0
SPLINE
  5
51E
330
1F
100
AcDbEntity
  8
0
 62
     7
100
AcDbSpline
210
0.0
220
0.0
230
1.0
 70
     8
 71
     3
 72
     8
 73
     4
 74
     0
 42
0.000000001
 43
0.0000000001
 40
0.0
 40
0.0
 40
0.0
 40
0.0
 40
1.0
 40
1.0
 40
1.0
 40
1.0
 10
55.007073
 20
72.33160500000002
 30
0.0
 10
55.507783
 20
72.331165
 30
0.0
 10
56.013863
 20
72.29230499999999
 30
0.0
 10
56.519203
 20
72.22109499999998
 30
0.0
  0
SPLINE
  5
51F
330
1F
100
AcDbEntity
  8
0
 62
     7
100
AcDbSpline
210
0.0
220
0.0
230
1.0
 70
     8
 71
     3
 72
     8
 73
     4
 74
     0
 42
0.000000001
 43
0.0000000001
 40
0.0
 40
0.0
 40
0.0
 40
0.0
 40
1.0
 40
1.0
 40
1.0
 40
1.0
 10
56.519203
 20
72.22109499999998
 30
0.0
 10
57.02633299999999
 20
72.149795
 30
0.0
 10
57.52808299999998
 20
72.047005
 30
0.0
 10
58.050473
 20
71.892825
 30
0.0
  0
SPLINE
  5
520
330
1F
100
AcDbEntity
  8
0
 62
     7
100
AcDbSpline
210
0.0
220
0.0
230
1.0
 70
     8
 71
     3
 72
     8
 73
     4
 74
     0
 42
0.000000001
 43
0.0000000001
 40
0.0
 40
0.0
 40
0.0
 40
0.0
 40
1.0
 40
1.0
 40
1.0
 40
1.0
 10
58.050473
 20
71.892825
 30
0.0
 10
57.664623
 20
72.28404499999998
 30
0.0
 10
57.15928299999998
 20
72.544865
 30
0.0
 10
56.639443
 20
72.722385
 30
0.0
  0
SPLINE
  5
521
330
1F
100
AcDbEntity
  8
0
 62
     7
100
AcDbSpline
210
0.0
220
0.0
230
1.0
 70
     8
 71
     3
 72
     8
 73
     4
 74
     0
 42
0.000000001
 43
0.0000000001
 40
0.0
 40
0.0
 40
0.0
 40
0.0
 40
1.0
 40
1.0
 40
1.0
 40
1.0
 10
56.639443
 20
72.722385
 30
0.0
 10
56.115853
 20
72.897215
 30
0.0
 10
55.564453
 20
72.987995
 30
0.0
 10
55.007073
 20
72.989345
 30
0.0
  0
SPLINE
  5
522
330
1F
100
AcDbEntity
  8
0
 62
     7
100
AcDbSpline
210
0.0
220
0.0
230
1.0
 70
     8
 71
     3
 72
     8
 73
     4
 74
     0
 42
0.000000001
 43
0.0000000001
 40
0.0
 40
0.0
 40
0.0
 40
0.0
 40
1.0
 40
1.0
 40
1.0
 40
1.0
 10
55.007073
 20
72.989345
 30
0.0
 10
54.449693
 20
72.988895
 30
0.0
 10
53.897993
 20
72.898145
 30
0.0
 10
53.374413
 20
72.723135
 30
0.0
  0
SPLINE
  5
523
330
1F
100
AcDbEntity
  8
0
 62
     7
100
AcDbSpline
210
0.0
220
0.0
230
1.0
 70
     8
 71
     3
 72
     8
 73
     4
 74
     0
 42
0.000000001
 43
0.0000000001
 40
0.0
 40
0.0
 40
0.0
 40
0.0
 40
1.0
 40
1.0
 40
1.0
 40
1.0
 10
53.374413
 20
72.723135
 30
0.0
 10
52.85471300000001
 20
72.546065
 30
0.0
 10
52.349223
 20
72.28479499999997
 30
0.0
 10
51.963683
 20
71.892825
 30
0.0
  0
LWPOLYLINE
  5
524
330
1F
100
AcDbEntity
  8
0
 62
     7
100
AcDbPolyline
 90
        2
 70
     1
 43
0.0
 10
20.150703
 20
79.10379499999997
 10
20.150703
 20
79.10379499999997
  0
SPLINE
  5
525
330
1F
100
AcDbEntity
  8
0
 62
     7
100
AcDbSpline
210
0.0
220
0.0
230
1.0
 70
     8
 71
     3
 72
     8
 73
     4
 74
     0
 42
0.000000001
 43
0.0000000001
 40
0.0
 40
0.0
 40
0.0
 40
0.0
 40
1.0
 40
1.0
 40
1.0
 40
1.0
 10
53.56763299999999
 20
52.823685
 30
0.0
 10
53.829353
 20
53.78769499999999
 30
0.0
 10
53.55593299999998
 20
54.62264499999999
 30
0.0
 10
53.346893
 20
55.068915
 30
0.0
  0
SPLINE
  5
526
330
1F
100
AcDbEntity
  8
0
 62
     7
100
AcDbSpline
210
0.0
220
0.0
230
1.0
 70
     8
 71
     3
 72
     8
 73
     4
 74
     0
 42
0.000000001
 43
0.0000000001
 40
0.0
 40
0.0
 40
0.0
 40
0.0
 40
1.0
 40
1.0
 40
1.0
 40
1.0
 10
53.346893
 20
55.068915
 30
0.0
 10
52.354313
 20
53.52284499999999
 30
0.0
 10
49.927823
 20
51.980505
 30
0.0
 10
46.843303
 20
53.440585
 30
0.0
  0
SPLINE
  5
527
330
1F
100
AcDbEntity
  8
0
 62
     7
100
AcDbSpline
210
0.0
220
0.0
230
1.0
 70
     8
 71
     3
 72
     8
 73
     4
 74
     0
 42
0.000000001
 43
0.0000000001
 40
0.0
 40
0.0
 40
0.0
 40
0.0
 40
1.0
 40
1.0
 40
1.0
 40
1.0
 10
46.843303
 20
53.440585
 30
0.0
 10
48.159363
 20
51.836635
 30
0.0
 10
49.72219299999999
 20
50.726215
 30
0.0
 10
51.140993
 20
50.397195
 30
0.0
  0
SPLINE
  5
528
330
1F
100
AcDbEntity
  8
0
 62
     7
100
AcDbSpline
210
0.0
220
0.0
230
1.0
 70
     8
 71
     3
 72
     8
 73
     4
 74
     0
 42
0.000000001
 43
0.0000000001
 40
0.0
 40
0.0
 40
0.0
 40
0.0
 40
1.0
 40
1.0
 40
1.0
 40
1.0
 10
51.140993
 20
50.397195
 30
0.0
 10
52.559953
 20
50.068175
 30
0.0
 10
53.48522299999999
 20
50.273815
 30
0.0
 10
54.01988299999999
 20
49.759655
 30
0.0
  0
SPLINE
  5
529
330
1F
100
AcDbEntity
  8
0
 62
     7
100
AcDbSpline
210
0.0
220
0.0
230
1.0
 70
     8
 71
     3
 72
     8
 73
     4
 74
     0
 42
0.000000001
 43
0.0000000001
 40
0.0
 40
0.0
 40
0.0
 40
0.0
 40
1.0
 40
1.0
 40
1.0
 40
1.0
 10
54.01988299999999
 20
49.759655
 30
0.0
 10
54.554533
 20
49.245495
 30
0.0
 10
54.390023
 20
44.70103499999999
 30
0.0
 10
55.006923
 20
44.70103499999999
 30
0.0
  0
SPLINE
  5
52A
330
1F
100
AcDbEntity
  8
0
 62
     7
100
AcDbSpline
210
0.0
220
0.0
230
1.0
 70
     8
 71
     3
 72
     8
 73
     4
 74
     0
 42
0.000000001
 43
0.0000000001
 40
0.0
 40
0.0
 40
0.0
 40
0.0
 40
1.0
 40
1.0
 40
1.0
 40
1.0
 10
55.006923
 20
44.70103499999999
 30
0.0
 10
55.623823
 20
44.70103499999999
 30
0.0
 10
55.459323
 20
49.245495
 30
0.0
 10
55.99397299999999
 20
49.759655
 30
0.0
  0
SPLINE
  5
52B
330
1F
100
AcDbEntity
  8
0
 62
     7
100
AcDbSpline
210
0.0
220
0.0
230
1.0
 70
     8
 71
     3
 72
     8
 73
     4
 74
     0
 42
0.000000001
 43
0.0000000001
 40
0.0
 40
0.0
 40
0.0
 40
0.0
 40
1.0
 40
1.0
 40
1.0
 40
1.0
 10
55.99397299999999
 20
49.759655
 30
0.0
 10
56.52862299999998
 20
50.273815
 30
0.0
 10
57.453903
 20
50.068175
 30
0.0
 10
58.87285300000001
 20
50.397195
 30
0.0
  0
SPLINE
  5
52C
330
1F
100
AcDbEntity
  8
0
 62
     7
100
AcDbSpline
210
0.0
220
0.0
230
1.0
 70
     8
 71
     3
 72
     8
 73
     4
 74
     0
 42
0.000000001
 43
0.0000000001
 40
0.0
 40
0.0
 40
0.0
 40
0.0
 40
1.0
 40
1.0
 40
1.0
 40
1.0
 10
58.87285300000001
 20
50.397195
 30
0.0
 10
60.291813
 20
50.726215
 30
0.0
 10
61.85463299999999
 20
51.836635
 30
0.0
 10
63.170693
 20
53.440585
 30
0.0
  0
SPLINE
  5
52D
330
1F
100
AcDbEntity
  8
0
 62
     7
100
AcDbSpline
210
0.0
220
0.0
230
1.0
 70
     8
 71
     3
 72
     8
 73
     4
 74
     0
 42
0.000000001
 43
0.0000000001
 40
0.0
 40
0.0
 40
0.0
 40
0.0
 40
1.0
 40
1.0
 40
1.0
 40
1.0
 10
63.170693
 20
53.440585
 30
0.0
 10
60.086173
 20
51.980505
 30
0.0
 10
57.659693
 20
53.522885
 30
0.0
 10
56.667103
 20
55.068915
 30
0.0
  0
SPLINE
  5
52E
330
1F
100
AcDbEntity
  8
0
 62
     7
100
AcDbSpline
210
0.0
220
0.0
230
1.0
 70
     8
 71
     3
 72
     8
 73
     4
 74
     0
 42
0.000000001
 43
0.0000000001
 40
0.0
 40
0.0
 40
0.0
 40
0.0
 40
1.0
 40
1.0
 40
1.0
 40
1.0
 10
56.667103
 20
55.068915
 30
0.0
 10
56.45803299999999
 20
54.62264499999999
 30
0.0
 10
56.184803
 20
53.78769499999999
 30
0.0
 10
56.446373
 20
52.823685
 30
0.0
  0
SPLINE
  5
52F
330
1F
100
AcDbEntity
  8
0
 62
     7
100
AcDbSpline
210
0.0
220
0.0
230
1.0
 70
     8
 71
     3
 72
     8
 73
     4
 74
     0
 42
0.000000001
 43
0.0000000001
 40
0.0
 40
0.0
 40
0.0
 40
0.0
 40
1.0
 40
1.0
 40
1.0
 40
1.0
 10
56.446373
 20
52.823685
 30
0.0
 10
56.837003
 20
51.384245
 30
0.0
 10
58.27644300000001
 20
51.034585
 30
0.0
 10
58.27644300000001
 20
51.034585
 30
0.0
  0
SPLINE
  5
530
330
1F
100
AcDbEntity
  8
0
 62
     7
100
AcDbSpline
210
0.0
220
0.0
230
1.0
 70
     8
 71
     3
 72
     8
 73
     4
 74
     0
 42
0.000000001
 43
0.0000000001
 40
0.0
 40
0.0
 40
0.0
 40
0.0
 40
1.0
 40
1.0
 40
1.0
 40
1.0
 10
58.27644300000001
 20
51.034585
 30
0.0
 10
55.37706299999999
 20
50.479295
 30
0.0
 10
55.006923
 20
53.646225
 30
0.0
 10
55.006923
 20
53.646225
 30
0.0
  0
SPLINE
  5
531
330
1F
100
AcDbEntity
  8
0
 62
     7
100
AcDbSpline
210
0.0
220
0.0
230
1.0
 70
     8
 71
     3
 72
     8
 73
     4
 74
     0
 42
0.000000001
 43
0.0000000001
 40
0.0
 40
0.0
 40
0.0
 40
0.0
 40
1.0
 40
1.0
 40
1.0
 40
1.0
 10
55.006923
 20
53.646225
 30
0.0
 10
55.006923
 20
53.646225
 30
0.0
 10
54.63678299999998
 20
50.47944499999999
 30
0.0
 10
51.737403
 20
51.034585
 30
0.0
  0
SPLINE
  5
532
330
1F
100
AcDbEntity
  8
0
 62
     7
100
AcDbSpline
210
0.0
220
0.0
230
1.0
 70
     8
 71
     3
 72
     8
 73
     4
 74
     0
 42
0.000000001
 43
0.0000000001
 40
0.0
 40
0.0
 40
0.0
 40
0.0
 40
1.0
 40
1.0
 40
1.0
 40
1.0
 10
51.737403
 20
51.034585
 30
0.0
 10
51.737563
 20
51.034585
 30
0.0
 10
53.17700300000001
 20
51.384245
 30
0.0
 10
53.56763299999999
 20
52.823685
 30
0.0
  0
LWPOLYLINE
  5
533
330
1F
100
AcDbEntity
  8
0
 62
     7
100
AcDbPolyline
 90
        2
 70
     1
 43
0.0
 10
51.963683
 20
71.892825
 10
51.963683
 20
71.892825
  0
SPLINE
  5
534
330
1F
100
AcDbEntity
  8
0
 62
     7
100
AcDbSpline
210
0.0
220
0.0
230
1.0
 70
     8
 71
     3
 72
     8
 73
     4
 74
     0
 42
0.000000001
 43
0.0000000001
 40
0.0
 40
0.0
 40
0.0
 40
0.0
 40
1.0
 40
1.0
 40
1.0
 40
1.0
 10
51.88142299999999
 20
47.504555
 30
0.0
 10
52.87670300000001
 20
46.30199499999998
 30
0.0
 10
53.649883
 20
43.391855
 30
0.0
 10
54.22566299999999
 20
42.70645499999999
 30
0.0
  0
SPLINE
  5
535
330
1F
100
AcDbEntity
  8
0
 62
     7
100
AcDbSpline
210
0.0
220
0.0
230
1.0
 70
     8
 71
     3
 72
     8
 73
     4
 74
     0
 42
0.000000001
 43
0.0000000001
 40
0.0
 40
0.0
 40
0.0
 40
0.0
 40
1.0
 40
1.0
 40
1.0
 40
1.0
 10
54.22566299999999
 20
42.70645499999999
 30
0.0
 10
53.965143
 20
43.24110499999998
 30
0.0
 10
53.80452299999999
 20
46.52363499999998
 30
0.0
 10
53.375763
 20
48.25859499999999
 30
0.0
  0
SPLINE
  5
536
330
1F
100
AcDbEntity
  8
0
 62
     7
100
AcDbSpline
210
0.0
220
0.0
230
1.0
 70
     8
 71
     3
 72
     8
 73
     4
 74
     0
 42
0.000000001
 43
0.0000000001
 40
0.0
 40
0.0
 40
0.0
 40
0.0
 40
1.0
 40
1.0
 40
1.0
 40
1.0
 10
53.375763
 20
48.25859499999999
 30
0.0
 10
53.074113
 20
49.478645
 30
0.0
 10
51.662183
 20
49.423905
 30
0.0
 10
50.565363
 20
49.752925
 30
0.0
  0
SPLINE
  5
537
330
1F
100
AcDbEntity
  8
0
 62
     7
100
AcDbSpline
210
0.0
220
0.0
230
1.0
 70
     8
 71
     3
 72
     8
 73
     4
 74
     0
 42
0.000000001
 43
0.0000000001
 40
0.0
 40
0.0
 40
0.0
 40
0.0
 40
1.0
 40
1.0
 40
1.0
 40
1.0
 10
50.565363
 20
49.752925
 30
0.0
 10
49.468693
 20
50.08193499999999
 30
0.0
 10
48.083993
 20
51.02785499999999
 30
0.0
 10
46.98732299999998
 20
52.11091500000001
 30
0.0
  0
SPLINE
  5
538
330
1F
100
AcDbEntity
  8
0
 62
     7
100
AcDbSpline
210
0.0
220
0.0
230
1.0
 70
     8
 71
     3
 72
     8
 73
     4
 74
     0
 42
0.000000001
 43
0.0000000001
 40
0.0
 40
0.0
 40
0.0
 40
0.0
 40
1.0
 40
1.0
 40
1.0
 40
1.0
 10
46.98732299999998
 20
52.11091500000001
 30
0.0
 10
48.961413
 20
48.793245
 30
0.0
 10
50.729873
 20
48.89598499999999
 30
0.0
 10
51.88142299999999
 20
47.504555
 30
0.0
  0
LWPOLYLINE
  5
539
330
1F
100
AcDbEntity
  8
0
 62
     7
100
AcDbPolyline
 90
        2
 70
     1
 43
0.0
 10
53.56763299999999
 20
52.823685
 10
53.56763299999999
 20
52.823685
  0
SPLINE
  5
53A
330
1F
100
AcDbEntity
  8
0
 62
     7
100
AcDbSpline
210
0.0
220
0.0
230
1.0
 70
     8
 71
     3
 72
     8
 73
     4
 74
     0
 42
0.000000001
 43
0.0000000001
 40
0.0
 40
0.0
 40
0.0
 40
0.0
 40
1.0
 40
1.0
 40
1.0
 40
1.0
 10
63.170853
 20
52.110765
 30
0.0
 10
62.07417299999999
 20
51.027705
 30
0.0
 10
60.689473
 20
50.08178499999999
 30
0.0
 10
59.592803
 20
49.752775
 30
0.0
  0
SPLINE
  5
53B
330
1F
100
AcDbEntity
  8
0
 62
     7
100
AcDbSpline
210
0.0
220
0.0
230
1.0
 70
     8
 71
     3
 72
     8
 73
     4
 74
     0
 42
0.000000001
 43
0.0000000001
 40
0.0
 40
0.0
 40
0.0
 40
0.0
 40
1.0
 40
1.0
 40
1.0
 40
1.0
 10
59.592803
 20
49.752775
 30
0.0
 10
58.49613299999999
 20
49.423755
 30
0.0
 10
57.084063
 20
49.478645
 30
0.0
 10
56.78241299999999
 20
48.258445
 30
0.0
  0
SPLINE
  5
53C
330
1F
100
AcDbEntity
  8
0
 62
     7
100
AcDbSpline
210
0.0
220
0.0
230
1.0
 70
     8
 71
     3
 72
     8
 73
     4
 74
     0
 42
0.000000001
 43
0.0000000001
 40
0.0
 40
0.0
 40
0.0
 40
0.0
 40
1.0
 40
1.0
 40
1.0
 40
1.0
 10
56.78241299999999
 20
48.258445
 30
0.0
 10
56.353643
 20
46.523485
 30
0.0
 10
56.19287299999999
 20
43.240955
 30
0.0
 10
55.93250300000001
 20
42.706305
 30
0.0
  0
SPLINE
  5
53D
330
1F
100
AcDbEntity
  8
0
 62
     7
100
AcDbSpline
210
0.0
220
0.0
230
1.0
 70
     8
 71
     3
 72
     8
 73
     4
 74
     0
 42
0.000000001
 43
0.0000000001
 40
0.0
 40
0.0
 40
0.0
 40
0.0
 40
1.0
 40
1.0
 40
1.0
 40
1.0
 10
55.93250300000001
 20
42.706305
 30
0.0
 10
56.508283
 20
43.391705
 30
0.0
 10
57.28147299999999
 20
46.30185499999998
 30
0.0
 10
58.276743
 20
47.50440499999998
 30
0.0
  0
SPLINE
  5
53E
330
1F
100
AcDbEntity
  8
0
 62
     7
100
AcDbSpline
210
0.0
220
0.0
230
1.0
 70
     8
 71
     3
 72
     8
 73
     4
 74
     0
 42
0.000000001
 43
0.0000000001
 40
0.0
 40
0.0
 40
0.0
 40
0.0
 40
1.0
 40
1.0
 40
1.0
 40
1.0
 10
58.276743
 20
47.50440499999998
 30
0.0
 10
59.428293
 20
48.89598499999999
 30
0.0
 10
61.196753
 20
48.793245
 30
0.0
 10
63.170853
 20
52.110765
 30
0.0
  0
LWPOLYLINE
  5
53F
330
1F
100
AcDbEntity
  8
0
 62
     7
100
AcDbPolyline
 90
        2
 70
     1
 43
0.0
 10
51.88142299999999
 20
47.504555
 10
51.88142299999999
 20
47.504555
  0
SPLINE
  5
540
330
1F
100
AcDbEntity
  8
0
 62
     7
100
AcDbSpline
210
0.0
220
0.0
230
1.0
 70
     8
 71
     3
 72
     8
 73
     4
 74
     0
 42
0.000000001
 43
0.0000000001
 40
0.0
 40
0.0
 40
0.0
 40
0.0
 40
1.0
 40
1.0
 40
1.0
 40
1.0
 10
55.007073
 20
65.86092499999999
 30
0.0
 10
51.223393
 20
65.86092499999999
 30
0.0
 10
46.28816299999999
 20
64.29809499999999
 30
0.0
 10
44.108433
 20
61.254705
 30
0.0
  0
SPLINE
  5
541
330
1F
100
AcDbEntity
  8
0
 62
     7
100
AcDbSpline
210
0.0
220
0.0
230
1.0
 70
     8
 71
     3
 72
     8
 73
     4
 74
     0
 42
0.000000001
 43
0.0000000001
 40
0.0
 40
0.0
 40
0.0
 40
0.0
 40
1.0
 40
1.0
 40
1.0
 40
1.0
 10
44.108433
 20
61.254705
 30
0.0
 10
41.928713
 20
58.21131499999999
 30
0.0
 10
44.684213
 20
54.42763499999998
 30
0.0
 10
47.933243
 20
54.016365
 30
0.0
  0
SPLINE
  5
542
330
1F
100
AcDbEntity
  8
0
 62
     7
100
AcDbSpline
210
0.0
220
0.0
230
1.0
 70
     8
 71
     3
 72
     8
 73
     4
 74
     0
 42
0.000000001
 43
0.0000000001
 40
0.0
 40
0.0
 40
0.0
 40
0.0
 40
1.0
 40
1.0
 40
1.0
 40
1.0
 10
47.933243
 20
54.016365
 30
0.0
 10
51.182273
 20
53.605095
 30
0.0
 10
52.621713
 20
55.332425
 30
0.0
 10
51.88142299999999
 20
57.512155
 30
0.0
  0
SPLINE
  5
543
330
1F
100
AcDbEntity
  8
0
 62
     7
100
AcDbSpline
210
0.0
220
0.0
230
1.0
 70
     8
 71
     3
 72
     8
 73
     4
 74
     0
 42
0.000000001
 43
0.0000000001
 40
0.0
 40
0.0
 40
0.0
 40
0.0
 40
1.0
 40
1.0
 40
1.0
 40
1.0
 10
51.88142299999999
 20
57.512155
 30
0.0
 10
51.141143
 20
59.691875
 30
0.0
 10
48.509023
 20
58.951595
 30
0.0
 10
48.077113
 20
57.656175
 30
0.0
  0
SPLINE
  5
544
330
1F
100
AcDbEntity
  8
0
 62
     7
100
AcDbSpline
210
0.0
220
0.0
230
1.0
 70
     8
 71
     3
 72
     8
 73
     4
 74
     0
 42
0.000000001
 43
0.0000000001
 40
0.0
 40
0.0
 40
0.0
 40
0.0
 40
1.0
 40
1.0
 40
1.0
 40
1.0
 10
48.077113
 20
57.656175
 30
0.0
 10
47.868193
 20
57.02924499999999
 30
0.0
 10
47.676163
 20
56.669125
 30
0.0
 10
47.401283
 20
56.519125
 30
0.0
  0
SPLINE
  5
545
330
1F
100
AcDbEntity
  8
0
 62
     7
100
AcDbSpline
210
0.0
220
0.0
230
1.0
 70
     8
 71
     3
 72
     8
 73
     4
 74
     0
 42
0.000000001
 43
0.0000000001
 40
0.0
 40
0.0
 40
0.0
 40
0.0
 40
1.0
 40
1.0
 40
1.0
 40
1.0
 10
47.401283
 20
56.519125
 30
0.0
 10
47.706973
 20
57.02894499999999
 30
0.0
 10
47.727603
 20
57.19345500000001
 30
0.0
 10
47.84067299999999
 20
57.861805
 30
0.0
  0
SPLINE
  5
546
330
1F
100
AcDbEntity
  8
0
 62
     7
100
AcDbSpline
210
0.0
220
0.0
230
1.0
 70
     8
 71
     3
 72
     8
 73
     4
 74
     0
 42
0.000000001
 43
0.0000000001
 40
0.0
 40
0.0
 40
0.0
 40
0.0
 40
1.0
 40
1.0
 40
1.0
 40
1.0
 10
47.84067299999999
 20
57.861805
 30
0.0
 10
47.953733
 20
58.53015500000001
 30
0.0
 10
48.560463
 20
59.640585
 30
0.0
 10
50.226033
 20
59.794775
 30
0.0
  0
SPLINE
  5
547
330
1F
100
AcDbEntity
  8
0
 62
     7
100
AcDbSpline
210
0.0
220
0.0
230
1.0
 70
     8
 71
     3
 72
     8
 73
     4
 74
     0
 42
0.000000001
 43
0.0000000001
 40
0.0
 40
0.0
 40
0.0
 40
0.0
 40
1.0
 40
1.0
 40
1.0
 40
1.0
 10
50.226033
 20
59.794775
 30
0.0
 10
51.89160300000001
 20
59.94895500000001
 30
0.0
 10
53.372313
 20
59.04416499999999
 30
0.0
 10
53.619073
 20
57.31683499999999
 30
0.0
  0
SPLINE
  5
548
330
1F
100
AcDbEntity
  8
0
 62
     7
100
AcDbSpline
210
0.0
220
0.0
230
1.0
 70
     8
 71
     3
 72
     8
 73
     4
 74
     0
 42
0.000000001
 43
0.0000000001
 40
0.0
 40
0.0
 40
0.0
 40
0.0
 40
1.0
 40
1.0
 40
1.0
 40
1.0
 10
53.619073
 20
57.31683499999999
 30
0.0
 10
53.865843
 20
55.589505
 30
0.0
 10
54.338873
 20
54.314575
 30
0.0
 10
55.007073
 20
54.314575
 30
0.0
  0
SPLINE
  5
549
330
1F
100
AcDbEntity
  8
0
 62
     7
100
AcDbSpline
210
0.0
220
0.0
230
1.0
 70
     8
 71
     3
 72
     8
 73
     4
 74
     0
 42
0.000000001
 43
0.0000000001
 40
0.0
 40
0.0
 40
0.0
 40
0.0
 40
1.0
 40
1.0
 40
1.0
 40
1.0
 10
55.007073
 20
54.314575
 30
0.0
 10
55.67542299999999
 20
54.314575
 30
0.0
 10
56.148313
 20
55.589505
 30
0.0
 10
56.395073
 20
57.31683499999999
 30
0.0
  0
SPLINE
  5
54A
330
1F
100
AcDbEntity
  8
0
 62
     7
100
AcDbSpline
210
0.0
220
0.0
230
1.0
 70
     8
 71
     3
 72
     8
 73
     4
 74
     0
 42
0.000000001
 43
0.0000000001
 40
0.0
 40
0.0
 40
0.0
 40
0.0
 40
1.0
 40
1.0
 40
1.0
 40
1.0
 10
56.395073
 20
57.31683499999999
 30
0.0
 10
56.641833
 20
59.04416499999999
 30
0.0
 10
58.122403
 20
59.94895500000001
 30
0.0
 10
59.788123
 20
59.794775
 30
0.0
  0
SPLINE
  5
54B
330
1F
100
AcDbEntity
  8
0
 62
     7
100
AcDbSpline
210
0.0
220
0.0
230
1.0
 70
     8
 71
     3
 72
     8
 73
     4
 74
     0
 42
0.000000001
 43
0.0000000001
 40
0.0
 40
0.0
 40
0.0
 40
0.0
 40
1.0
 40
1.0
 40
1.0
 40
1.0
 10
59.788123
 20
59.794775
 30
0.0
 10
61.45383299999998
 20
59.640585
 30
0.0
 10
62.060423
 20
58.53015500000001
 30
0.0
 10
62.173483
 20
57.861805
 30
0.0
  0
SPLINE
  5
54C
330
1F
100
AcDbEntity
  8
0
 62
     7
100
AcDbSpline
210
0.0
220
0.0
230
1.0
 70
     8
 71
     3
 72
     8
 73
     4
 74
     0
 42
0.000000001
 43
0.0000000001
 40
0.0
 40
0.0
 40
0.0
 40
0.0
 40
1.0
 40
1.0
 40
1.0
 40
1.0
 10
62.173483
 20
57.861805
 30
0.0
 10
62.286543
 20
57.19345500000001
 30
0.0
 10
62.30718299999999
 20
57.02894499999999
 30
0.0
 10
62.612863
 20
56.519125
 30
0.0
  0
SPLINE
  5
54D
330
1F
100
AcDbEntity
  8
0
 62
     7
100
AcDbSpline
210
0.0
220
0.0
230
1.0
 70
     8
 71
     3
 72
     8
 73
     4
 74
     0
 42
0.000000001
 43
0.0000000001
 40
0.0
 40
0.0
 40
0.0
 40
0.0
 40
1.0
 40
1.0
 40
1.0
 40
1.0
 10
62.612863
 20
56.519125
 30
0.0
 10
62.33799300000001
 20
56.669125
 30
0.0
 10
62.145963
 20
57.02924499999999
 30
0.0
 10
61.937043
 20
57.656175
 30
0.0
  0
SPLINE
  5
54E
330
1F
100
AcDbEntity
  8
0
 62
     7
100
AcDbSpline
210
0.0
220
0.0
230
1.0
 70
     8
 71
     3
 72
     8
 73
     4
 74
     0
 42
0.000000001
 43
0.0000000001
 40
0.0
 40
0.0
 40
0.0
 40
0.0
 40
1.0
 40
1.0
 40
1.0
 40
1.0
 10
61.937043
 20
57.656175
 30
0.0
 10
61.505133
 20
58.951595
 30
0.0
 10
58.873003
 20
59.691875
 30
0.0
 10
58.132723
 20
57.512155
 30
0.0
  0
SPLINE
  5
54F
330
1F
100
AcDbEntity
  8
0
 62
     7
100
AcDbSpline
210
0.0
220
0.0
230
1.0
 70
     8
 71
     3
 72
     8
 73
     4
 74
     0
 42
0.000000001
 43
0.0000000001
 40
0.0
 40
0.0
 40
0.0
 40
0.0
 40
1.0
 40
1.0
 40
1.0
 40
1.0
 10
58.132723
 20
57.512155
 30
0.0
 10
57.392433
 20
55.332425
 30
0.0
 10
58.831883
 20
53.605095
 30
0.0
 10
62.080903
 20
54.016365
 30
0.0
  0
SPLINE
  5
550
330
1F
100
AcDbEntity
  8
0
 62
     7
100
AcDbSpline
210
0.0
220
0.0
230
1.0
 70
     8
 71
     3
 72
     8
 73
     4
 74
     0
 42
0.000000001
 43
0.0000000001
 40
0.0
 40
0.0
 40
0.0
 40
0.0
 40
1.0
 40
1.0
 40
1.0
 40
1.0
 10
62.080903
 20
54.016365
 30
0.0
 10
65.329933
 20
54.42763499999998
 30
0.0
 10
68.08544300000001
 20
58.21131499999999
 30
0.0
 10
65.905713
 20
61.254705
 30
0.0
  0
SPLINE
  5
551
330
1F
100
AcDbEntity
  8
0
 62
     7
100
AcDbSpline
210
0.0
220
0.0
230
1.0
 70
     8
 71
     3
 72
     8
 73
     4
 74
     0
 42
0.000000001
 43
0.0000000001
 40
0.0
 40
0.0
 40
0.0
 40
0.0
 40
1.0
 40
1.0
 40
1.0
 40
1.0
 10
65.905713
 20
61.254705
 30
0.0
 10
63.72598299999999
 20
64.29809499999999
 30
0.0
 10
58.790753
 20
65.86092499999999
 30
0.0
 10
55.007073
 20
65.86092499999999
 30
0.0
  0
LWPOLYLINE
  5
552
330
1F
100
AcDbEntity
  8
0
 62
     7
100
AcDbPolyline
 90
        2
 70
     1
 43
0.0
 10
63.170853
 20
52.110765
 10
63.170853
 20
52.110765
  0
SPLINE
  5
553
330
1F
100
AcDbEntity
  8
0
 62
     7
100
AcDbSpline
210
0.0
220
0.0
230
1.0
 70
     8
 71
     3
 72
     8
 73
     4
 74
     0
 42
0.000000001
 43
0.0000000001
 40
0.0
 40
0.0
 40
0.0
 40
0.0
 40
1.0
 40
1.0
 40
1.0
 40
1.0
 10
64.137253
 20
56.298835
 30
0.0
 10
64.826093
 20
57.142015
 30
0.0
 10
65.02096299999999
 20
58.139225
 30
0.0
 10
64.95979300000001
 20
58.94127499999999
 30
0.0
  0
SPLINE
  5
554
330
1F
100
AcDbEntity
  8
0
 62
     7
100
AcDbSpline
210
0.0
220
0.0
230
1.0
 70
     8
 71
     3
 72
     8
 73
     4
 74
     0
 42
0.000000001
 43
0.0000000001
 40
0.0
 40
0.0
 40
0.0
 40
0.0
 40
1.0
 40
1.0
 40
1.0
 40
1.0
 10
64.95979300000001
 20
58.94127499999999
 30
0.0
 10
64.877493
 20
60.020895
 30
0.0
 10
63.396973
 20
62.87914499999999
 30
0.0
 10
58.441253
 20
63.41379499999999
 30
0.0
  0
SPLINE
  5
555
330
1F
100
AcDbEntity
  8
0
 62
     7
100
AcDbSpline
210
0.0
220
0.0
230
1.0
 70
     8
 71
     3
 72
     8
 73
     4
 74
     0
 42
0.000000001
 43
0.0000000001
 40
0.0
 40
0.0
 40
0.0
 40
0.0
 40
1.0
 40
1.0
 40
1.0
 40
1.0
 10
58.441253
 20
63.41379499999999
 30
0.0
 10
60.106813
 20
62.65286500000001
 30
0.0
 10
60.291963
 20
62.15934499999999
 30
0.0
 10
60.23019300000001
 20
61.624695
 30
0.0
  0
SPLINE
  5
556
330
1F
100
AcDbEntity
  8
0
 62
     7
100
AcDbSpline
210
0.0
220
0.0
230
1.0
 70
     8
 71
     3
 72
     8
 73
     4
 74
     0
 42
0.000000001
 43
0.0000000001
 40
0.0
 40
0.0
 40
0.0
 40
0.0
 40
1.0
 40
1.0
 40
1.0
 40
1.0
 10
60.23019300000001
 20
61.624695
 30
0.0
 10
60.16859300000001
 20
61.090045
 30
0.0
 10
58.934773
 20
61.069405
 30
0.0
 10
57.947573
 20
61.357445
 30
0.0
  0
SPLINE
  5
557
330
1F
100
AcDbEntity
  8
0
 62
     7
100
AcDbSpline
210
0.0
220
0.0
230
1.0
 70
     8
 71
     3
 72
     8
 73
     4
 74
     0
 42
0.000000001
 43
0.0000000001
 40
0.0
 40
0.0
 40
0.0
 40
0.0
 40
1.0
 40
1.0
 40
1.0
 40
1.0
 10
57.947573
 20
61.357445
 30
0.0
 10
56.96053299999999
 20
61.645335
 30
0.0
 10
55.89123299999999
 20
61.665975
 30
0.0
 10
55.788493
 20
61.52195500000001
 30
0.0
  0
SPLINE
  5
558
330
1F
100
AcDbEntity
  8
0
 62
     7
100
AcDbSpline
210
0.0
220
0.0
230
1.0
 70
     8
 71
     3
 72
     8
 73
     4
 74
     0
 42
0.000000001
 43
0.0000000001
 40
0.0
 40
0.0
 40
0.0
 40
0.0
 40
1.0
 40
1.0
 40
1.0
 40
1.0
 10
55.788493
 20
61.52195500000001
 30
0.0
 10
55.685743
 20
61.377935
 30
0.0
 10
55.31545300000001
 20
58.272925
 30
0.0
 10
55.007073
 20
57.964555
 30
0.0
  0
SPLINE
  5
559
330
1F
100
AcDbEntity
  8
0
 62
     7
100
AcDbSpline
210
0.0
220
0.0
230
1.0
 70
     8
 71
     3
 72
     8
 73
     4
 74
     0
 42
0.000000001
 43
0.0000000001
 40
0.0
 40
0.0
 40
0.0
 40
0.0
 40
1.0
 40
1.0
 40
1.0
 40
1.0
 10
55.007073
 20
57.964555
 30
0.0
 10
54.698553
 20
58.27307499999999
 30
0.0
 10
54.328403
 20
61.378085
 30
0.0
 10
54.22566299999999
 20
61.52195500000001
 30
0.0
  0
SPLINE
  5
55A
330
1F
100
AcDbEntity
  8
0
 62
     7
100
AcDbSpline
210
0.0
220
0.0
230
1.0
 70
     8
 71
     3
 72
     8
 73
     4
 74
     0
 42
0.000000001
 43
0.0000000001
 40
0.0
 40
0.0
 40
0.0
 40
0.0
 40
1.0
 40
1.0
 40
1.0
 40
1.0
 10
54.22566299999999
 20
61.52195500000001
 30
0.0
 10
54.122923
 20
61.665825
 30
0.0
 10
53.05362299999998
 20
61.645335
 30
0.0
 10
52.066423
 20
61.357445
 30
0.0
  0
SPLINE
  5
55B
330
1F
100
AcDbEntity
  8
0
 62
     7
100
AcDbSpline
210
0.0
220
0.0
230
1.0
 70
     8
 71
     3
 72
     8
 73
     4
 74
     0
 42
0.000000001
 43
0.0000000001
 40
0.0
 40
0.0
 40
0.0
 40
0.0
 40
1.0
 40
1.0
 40
1.0
 40
1.0
 10
52.066423
 20
61.357445
 30
0.0
 10
51.079383
 20
61.069565
 30
0.0
 10
49.845573
 20
61.090045
 30
0.0
 10
49.783953
 20
61.624695
 30
0.0
  0
SPLINE
  5
55C
330
1F
100
AcDbEntity
  8
0
 62
     7
100
AcDbSpline
210
0.0
220
0.0
230
1.0
 70
     8
 71
     3
 72
     8
 73
     4
 74
     0
 42
0.000000001
 43
0.0000000001
 40
0.0
 40
0.0
 40
0.0
 40
0.0
 40
1.0
 40
1.0
 40
1.0
 40
1.0
 10
49.783953
 20
61.624695
 30
0.0
 10
49.72235300000001
 20
62.15934499999999
 30
0.0
 10
49.907333
 20
62.65286500000001
 30
0.0
 10
51.572903
 20
63.41379499999999
 30
0.0
  0
SPLINE
  5
55D
330
1F
100
AcDbEntity
  8
0
 62
     7
100
AcDbSpline
210
0.0
220
0.0
230
1.0
 70
     8
 71
     3
 72
     8
 73
     4
 74
     0
 42
0.000000001
 43
0.0000000001
 40
0.0
 40
0.0
 40
0.0
 40
0.0
 40
1.0
 40
1.0
 40
1.0
 40
1.0
 10
51.572903
 20
63.41379499999999
 30
0.0
 10
46.617033
 20
62.87914499999999
 30
0.0
 10
45.136463
 20
60.02074499999999
 30
0.0
 10
45.054363
 20
58.94127499999999
 30
0.0
  0
SPLINE
  5
55E
330
1F
100
AcDbEntity
  8
0
 62
     7
100
AcDbSpline
210
0.0
220
0.0
230
1.0
 70
     8
 71
     3
 72
     8
 73
     4
 74
     0
 42
0.000000001
 43
0.0000000001
 40
0.0
 40
0.0
 40
0.0
 40
0.0
 40
1.0
 40
1.0
 40
1.0
 40
1.0
 10
45.054363
 20
58.94127499999999
 30
0.0
 10
44.993163
 20
58.139225
 30
0.0
 10
45.188063
 20
57.142015
 30
0.0
 10
45.876893
 20
56.298835
 30
0.0
  0
SPLINE
  5
55F
330
1F
100
AcDbEntity
  8
0
 62
     7
100
AcDbSpline
210
0.0
220
0.0
230
1.0
 70
     8
 71
     3
 72
     8
 73
     4
 74
     0
 42
0.000000001
 43
0.0000000001
 40
0.0
 40
0.0
 40
0.0
 40
0.0
 40
1.0
 40
1.0
 40
1.0
 40
1.0
 10
45.876893
 20
56.298835
 30
0.0
 10
44.848723
 20
56.89509499999999
 30
0.0
 10
44.159883
 20
57.861655
 30
0.0
 10
44.29358299999999
 20
59.023535
 30
0.0
  0
SPLINE
  5
560
330
1F
100
AcDbEntity
  8
0
 62
     7
100
AcDbSpline
210
0.0
220
0.0
230
1.0
 70
     8
 71
     3
 72
     8
 73
     4
 74
     0
 42
0.000000001
 43
0.0000000001
 40
0.0
 40
0.0
 40
0.0
 40
0.0
 40
1.0
 40
1.0
 40
1.0
 40
1.0
 10
44.29358299999999
 20
59.023535
 30
0.0
 10
44.427283
 20
60.185405
 30
0.0
 10
45.109243
 20
61.30959499999999
 30
0.0
 10
47.13822299999999
 20
62.680385
 30
0.0
  0
SPLINE
  5
561
330
1F
100
AcDbEntity
  8
0
 62
     7
100
AcDbSpline
210
0.0
220
0.0
230
1.0
 70
     8
 71
     3
 72
     8
 73
     4
 74
     0
 42
0.000000001
 43
0.0000000001
 40
0.0
 40
0.0
 40
0.0
 40
0.0
 40
1.0
 40
1.0
 40
1.0
 40
1.0
 10
47.13822299999999
 20
62.680385
 30
0.0
 10
49.167203
 20
64.05133499999999
 30
0.0
 10
52.539603
 20
64.81898499999998
 30
0.0
 10
55.00722299999999
 20
64.81898499999998
 30
0.0
  0
SPLINE
  5
562
330
1F
100
AcDbEntity
  8
0
 62
     7
100
AcDbSpline
210
0.0
220
0.0
230
1.0
 70
     8
 71
     3
 72
     8
 73
     4
 74
     0
 42
0.000000001
 43
0.0000000001
 40
0.0
 40
0.0
 40
0.0
 40
0.0
 40
1.0
 40
1.0
 40
1.0
 40
1.0
 10
55.00722299999999
 20
64.81898499999998
 30
0.0
 10
57.474843
 20
64.81898499999998
 30
0.0
 10
60.847253
 20
64.05133499999999
 30
0.0
 10
62.87622299999998
 20
62.680385
 30
0.0
  0
SPLINE
  5
563
330
1F
100
AcDbEntity
  8
0
 62
     7
100
AcDbSpline
210
0.0
220
0.0
230
1.0
 70
     8
 71
     3
 72
     8
 73
     4
 74
     0
 42
0.000000001
 43
0.0000000001
 40
0.0
 40
0.0
 40
0.0
 40
0.0
 40
1.0
 40
1.0
 40
1.0
 40
1.0
 10
62.87622299999998
 20
62.680385
 30
0.0
 10
64.905203
 20
61.309445
 30
0.0
 10
65.587163
 20
60.185405
 30
0.0
 10
65.72086299999999
 20
59.023535
 30
0.0
  0
SPLINE
  5
564
330
1F
100
AcDbEntity
  8
0
 62
     7
100
AcDbSpline
210
0.0
220
0.0
230
1.0
 70
     8
 71
     3
 72
     8
 73
     4
 74
     0
 42
0.000000001
 43
0.0000000001
 40
0.0
 40
0.0
 40
0.0
 40
0.0
 40
1.0
 40
1.0
 40
1.0
 40
1.0
 10
65.72086299999999
 20
59.023535
 30
0.0
 10
65.854263
 20
57.861655
 30
0.0
 10
65.16543299999999
 20
56.895245
 30
0.0
 10
64.137253
 20
56.298835
 30
0.0
  0
LWPOLYLINE
  5
565
330
1F
100
AcDbEntity
  8
0
 62
     7
100
AcDbPolyline
 90
        2
 70
     1
 43
0.0
 10
55.007073
 20
65.86092499999999
 10
55.007073
 20
65.86092499999999
  0
SPLINE
  5
566
330
1F
100
AcDbEntity
  8
0
 62
     7
100
AcDbSpline
210
0.0
220
0.0
230
1.0
 70
     8
 71
     3
 72
     8
 73
     4
 74
     0
 42
0.000000001
 43
0.0000000001
 40
0.0
 40
0.0
 40
0.0
 40
0.0
 40
1.0
 40
1.0
 40
1.0
 40
1.0
 10
55.007073
 20
63.818185
 30
0.0
 10
54.574573
 20
63.815185
 30
0.0
 10
54.157763
 20
63.755185
 30
0.0
 10
53.748443
 20
63.66519499999998
 30
0.0
  0
SPLINE
  5
567
330
1F
100
AcDbEntity
  8
0
 62
     7
100
AcDbSpline
210
0.0
220
0.0
230
1.0
 70
     8
 71
     3
 72
     8
 73
     4
 74
     0
 42
0.000000001
 43
0.0000000001
 40
0.0
 40
0.0
 40
0.0
 40
0.0
 40
1.0
 40
1.0
 40
1.0
 40
1.0
 10
53.748443
 20
63.66519499999998
 30
0.0
 10
53.340313
 20
63.57069499999999
 30
0.0
 10
52.938163
 20
63.451625
 30
0.0
 10
52.55322299999999
 20
63.269775
 30
0.0
  0
SPLINE
  5
568
330
1F
100
AcDbEntity
  8
0
 62
     7
100
AcDbSpline
210
0.0
220
0.0
230
1.0
 70
     8
 71
     3
 72
     8
 73
     4
 74
     0
 42
0.000000001
 43
0.0000000001
 40
0.0
 40
0.0
 40
0.0
 40
0.0
 40
1.0
 40
1.0
 40
1.0
 40
1.0
 10
52.55322299999999
 20
63.269775
 30
0.0
 10
52.977643
 20
63.24867499999999
 30
0.0
 10
53.390113
 20
63.264775
 30
0.0
 10
53.79959300000001
 20
63.280375
 30
0.0
  0
SPLINE
  5
569
330
1F
100
AcDbEntity
  8
0
 62
     7
100
AcDbSpline
210
0.0
220
0.0
230
1.0
 70
     8
 71
     3
 72
     8
 73
     4
 74
     0
 42
0.000000001
 43
0.0000000001
 40
0.0
 40
0.0
 40
0.0
 40
0.0
 40
1.0
 40
1.0
 40
1.0
 40
1.0
 10
53.79959300000001
 20
63.280375
 30
0.0
 10
54.208163
 20
63.297575
 30
0.0
 10
54.613903
 20
63.321675
 30
0.0
 10
55.007073
 20
63.32467499999999
 30
0.0
  0
SPLINE
  5
56A
330
1F
100
AcDbEntity
  8
0
 62
     7
100
AcDbSpline
210
0.0
220
0.0
230
1.0
 70
     8
 71
     3
 72
     8
 73
     4
 74
     0
 42
0.000000001
 43
0.0000000001
 40
0.0
 40
0.0
 40
0.0
 40
0.0
 40
1.0
 40
1.0
 40
1.0
 40
1.0
 10
55.007073
 20
63.32467499999999
 30
0.0
 10
55.40025299999999
 20
63.322675
 30
0.0
 10
55.805983
 20
63.298175
 30
0.0
 10
56.214563
 20
63.281175
 30
0.0
  0
SPLINE
  5
56B
330
1F
100
AcDbEntity
  8
0
 62
     7
100
AcDbSpline
210
0.0
220
0.0
230
1.0
 70
     8
 71
     3
 72
     8
 73
     4
 74
     0
 42
0.000000001
 43
0.0000000001
 40
0.0
 40
0.0
 40
0.0
 40
0.0
 40
1.0
 40
1.0
 40
1.0
 40
1.0
 10
56.214563
 20
63.281175
 30
0.0
 10
56.62418299999998
 20
63.26557499999999
 30
0.0
 10
57.036653
 20
63.249175
 30
0.0
 10
57.460933
 20
63.269775
 30
0.0
  0
SPLINE
  5
56C
330
1F
100
AcDbEntity
  8
0
 62
     7
100
AcDbSpline
210
0.0
220
0.0
230
1.0
 70
     8
 71
     3
 72
     8
 73
     4
 74
     0
 42
0.000000001
 43
0.0000000001
 40
0.0
 40
0.0
 40
0.0
 40
0.0
 40
1.0
 40
1.0
 40
1.0
 40
1.0
 10
57.460933
 20
63.269775
 30
0.0
 10
57.07583299999999
 20
63.451035
 30
0.0
 10
56.67368299999999
 20
63.569775
 30
0.0
 10
56.265563
 20
63.664445
 30
0.0
  0
SPLINE
  5
56D
330
1F
100
AcDbEntity
  8
0
 62
     7
100
AcDbSpline
210
0.0
220
0.0
230
1.0
 70
     8
 71
     3
 72
     8
 73
     4
 74
     0
 42
0.000000001
 43
0.0000000001
 40
0.0
 40
0.0
 40
0.0
 40
0.0
 40
1.0
 40
1.0
 40
1.0
 40
1.0
 10
56.265563
 20
63.664445
 30
0.0
 10
55.85638299999999
 20
63.754445
 30
0.0
 10
55.43958299999999
 20
63.81488499999999
 30
0.0
 10
55.007073
 20
63.818185
 30
0.0
  0
LWPOLYLINE
  5
56E
330
1F
100
AcDbEntity
  8
0
 62
     7
100
AcDbPolyline
 90
        2
 70
     1
 43
0.0
 10
64.137253
 20
56.298835
 10
64.137253
 20
56.298835
  0
SPLINE
  5
56F
330
1F
100
AcDbEntity
  8
0
 62
     7
100
AcDbSpline
210
0.0
220
0.0
230
1.0
 70
     8
 71
     3
 72
     8
 73
     4
 74
     0
 42
0.000000001
 43
0.0000000001
 40
0.0
 40
0.0
 40
0.0
 40
0.0
 40
1.0
 40
1.0
 40
1.0
 40
1.0
 10
35.081153
 20
30.20386
 30
0.0
 10
36.212213
 20
29.19618
 30
0.0
 10
37.774893
 20
28.39428
 30
0.0
 10
40.365883
 20
28.70265
 30
0.0
  0
SPLINE
  5
570
330
1F
100
AcDbEntity
  8
0
 62
     7
100
AcDbSpline
210
0.0
220
0.0
230
1.0
 70
     8
 71
     3
 72
     8
 73
     4
 74
     0
 42
0.000000001
 43
0.0000000001
 40
0.0
 40
0.0
 40
0.0
 40
0.0
 40
1.0
 40
1.0
 40
1.0
 40
1.0
 10
40.365883
 20
28.70265
 30
0.0
 10
37.754403
 20
28.99055
 30
0.0
 10
35.677413
 20
30.18322
 30
0.0
 10
34.525863
 20
31.89007
 30
0.0
  0
SPLINE
  5
571
330
1F
100
AcDbEntity
  8
0
 62
     7
100
AcDbSpline
210
0.0
220
0.0
230
1.0
 70
     8
 71
     3
 72
     8
 73
     4
 74
     0
 42
0.000000001
 43
0.0000000001
 40
0.0
 40
0.0
 40
0.0
 40
0.0
 40
1.0
 40
1.0
 40
1.0
 40
1.0
 10
34.525863
 20
31.89007
 30
0.0
 10
36.499953
 20
30.4095
 30
0.0
 10
38.576793
 20
29.01118
 30
0.0
 10
41.99032299999998
 20
29.46358
 30
0.0
  0
SPLINE
  5
572
330
1F
100
AcDbEntity
  8
0
 62
     7
100
AcDbSpline
210
0.0
220
0.0
230
1.0
 70
     8
 71
     3
 72
     8
 73
     4
 74
     0
 42
0.000000001
 43
0.0000000001
 40
0.0
 40
0.0
 40
0.0
 40
0.0
 40
1.0
 40
1.0
 40
1.0
 40
1.0
 10
41.99032299999998
 20
29.46358
 30
0.0
 10
38.227283
 20
30.38901
 30
0.0
 10
35.353183
 20
31.15876
 30
0.0
 10
33.790213
 20
34.85120999999999
 30
0.0
  0
SPLINE
  5
573
330
1F
100
AcDbEntity
  8
0
 62
     7
100
AcDbSpline
210
0.0
220
0.0
230
1.0
 70
     8
 71
     3
 72
     8
 73
     4
 74
     0
 42
0.000000001
 43
0.0000000001
 40
0.0
 40
0.0
 40
0.0
 40
0.0
 40
1.0
 40
1.0
 40
1.0
 40
1.0
 10
33.790213
 20
34.85120999999999
 30
0.0
 10
35.759523
 20
32.52761
 30
0.0
 10
37.75425300000001
 20
30.82077
 30
0.0
 10
40.715393
 20
30.63562
 30
0.0
  0
SPLINE
  5
574
330
1F
100
AcDbEntity
  8
0
 62
     7
100
AcDbSpline
210
0.0
220
0.0
230
1.0
 70
     8
 71
     3
 72
     8
 73
     4
 74
     0
 42
0.000000001
 43
0.0000000001
 40
0.0
 40
0.0
 40
0.0
 40
0.0
 40
1.0
 40
1.0
 40
1.0
 40
1.0
 10
40.715393
 20
30.63562
 30
0.0
 10
36.787843
 20
32.34246
 30
0.0
 10
35.316693
 20
33.86416
 30
0.0
 10
33.790213
 20
36.76354
 30
0.0
  0
SPLINE
  5
575
330
1F
100
AcDbEntity
  8
0
 62
     7
100
AcDbSpline
210
0.0
220
0.0
230
1.0
 70
     8
 71
     3
 72
     8
 73
     4
 74
     0
 42
0.000000001
 43
0.0000000001
 40
0.0
 40
0.0
 40
0.0
 40
0.0
 40
1.0
 40
1.0
 40
1.0
 40
1.0
 10
33.790213
 20
36.76354
 30
0.0
 10
35.204383
 20
35.01557
 30
0.0
 10
36.787693
 20
33.78176
 30
0.0
 10
37.774733
 20
33.47338
 30
0.0
  0
SPLINE
  5
576
330
1F
100
AcDbEntity
  8
0
 62
     7
100
AcDbSpline
210
0.0
220
0.0
230
1.0
 70
     8
 71
     3
 72
     8
 73
     4
 74
     0
 42
0.000000001
 43
0.0000000001
 40
0.0
 40
0.0
 40
0.0
 40
0.0
 40
1.0
 40
1.0
 40
1.0
 40
1.0
 10
37.774733
 20
33.47338
 30
0.0
 10
34.566843
 20
36.22889
 30
0.0
 10
34.217333
 20
37.91509
 30
0.0
 10
33.559153
 20
40.135944
 30
0.0
  0
SPLINE
  5
577
330
1F
100
AcDbEntity
  8
0
 62
     7
100
AcDbSpline
210
0.0
220
0.0
230
1.0
 70
     8
 71
     3
 72
     8
 73
     4
 74
     0
 42
0.000000001
 43
0.0000000001
 40
0.0
 40
0.0
 40
0.0
 40
0.0
 40
1.0
 40
1.0
 40
1.0
 40
1.0
 10
33.559153
 20
40.135944
 30
0.0
 10
34.75183300000001
 20
38.01798
 30
0.0
 10
36.869943
 20
35.57085
 30
0.0
 10
40.756363
 20
34.83057
 30
0.0
  0
SPLINE
  5
578
330
1F
100
AcDbEntity
  8
0
 62
     7
100
AcDbSpline
210
0.0
220
0.0
230
1.0
 70
     8
 71
     3
 72
     8
 73
     4
 74
     0
 42
0.000000001
 43
0.0000000001
 40
0.0
 40
0.0
 40
0.0
 40
0.0
 40
1.0
 40
1.0
 40
1.0
 40
1.0
 10
40.756363
 20
34.83057
 30
0.0
 10
37.733613
 20
36.45500999999999
 30
0.0
 10
35.601743
 20
38.38124
 30
0.0
 10
34.676463
 20
40.622594
 30
0.0
  0
SPLINE
  5
579
330
1F
100
AcDbEntity
  8
0
 62
     7
100
AcDbSpline
210
0.0
220
0.0
230
1.0
 70
     8
 71
     3
 72
     8
 73
     4
 74
     0
 42
0.000000001
 43
0.0000000001
 40
0.0
 40
0.0
 40
0.0
 40
0.0
 40
1.0
 40
1.0
 40
1.0
 40
1.0
 10
34.676463
 20
40.622594
 30
0.0
 10
35.567493
 20
39.55329000000001
 30
0.0
 10
37.116703
 20
38.89525
 30
0.0
 10
37.116703
 20
38.89525
 30
0.0
  0
SPLINE
  5
57A
330
1F
100
AcDbEntity
  8
0
 62
     7
100
AcDbSpline
210
0.0
220
0.0
230
1.0
 70
     8
 71
     3
 72
     8
 73
     4
 74
     0
 42
0.000000001
 43
0.0000000001
 40
0.0
 40
0.0
 40
0.0
 40
0.0
 40
1.0
 40
1.0
 40
1.0
 40
1.0
 10
37.116703
 20
38.89525
 30
0.0
 10
37.116703
 20
38.89525
 30
0.0
 10
34.854723
 20
40.677474
 30
0.0
 10
33.936173
 20
43.062845
 30
0.0
  0
SPLINE
  5
57B
330
1F
100
AcDbEntity
  8
0
 62
     7
100
AcDbSpline
210
0.0
220
0.0
230
1.0
 70
     8
 71
     3
 72
     8
 73
     4
 74
     0
 42
0.000000001
 43
0.0000000001
 40
0.0
 40
0.0
 40
0.0
 40
0.0
 40
1.0
 40
1.0
 40
1.0
 40
1.0
 10
33.936173
 20
43.062845
 30
0.0
 10
34.758713
 20
41.870155
 30
0.0
 10
35.684143
 20
41.06137499999999
 30
0.0
 10
36.52029300000001
 20
40.526724
 30
0.0
  0
SPLINE
  5
57C
330
1F
100
AcDbEntity
  8
0
 62
     7
100
AcDbSpline
210
0.0
220
0.0
230
1.0
 70
     8
 71
     3
 72
     8
 73
     4
 74
     0
 42
0.000000001
 43
0.0000000001
 40
0.0
 40
0.0
 40
0.0
 40
0.0
 40
1.0
 40
1.0
 40
1.0
 40
1.0
 10
36.52029300000001
 20
40.526724
 30
0.0
 10
35.149343
 20
42.21293499999998
 30
0.0
 10
34.014093
 20
43.981395
 30
0.0
 10
33.790063
 20
46.133755
 30
0.0
  0
SPLINE
  5
57D
330
1F
100
AcDbEntity
  8
0
 62
     7
100
AcDbSpline
210
0.0
220
0.0
230
1.0
 70
     8
 71
     3
 72
     8
 73
     4
 74
     0
 42
0.000000001
 43
0.0000000001
 40
0.0
 40
0.0
 40
0.0
 40
0.0
 40
1.0
 40
1.0
 40
1.0
 40
1.0
 10
33.790063
 20
46.133755
 30
0.0
 10
34.623073
 20
44.114345
 30
0.0
 10
35.638833
 20
41.222155
 30
0.0
 10
39.393043
 20
39.74008
 30
0.0
  0
SPLINE
  5
57E
330
1F
100
AcDbEntity
  8
0
 62
     7
100
AcDbSpline
210
0.0
220
0.0
230
1.0
 70
     8
 71
     3
 72
     8
 73
     4
 74
     0
 42
0.000000001
 43
0.0000000001
 40
0.0
 40
0.0
 40
0.0
 40
0.0
 40
1.0
 40
1.0
 40
1.0
 40
1.0
 10
39.393043
 20
39.74008
 30
0.0
 10
39.468743
 20
39.83698
 30
0.0
 10
39.546193
 20
39.9324
 30
0.0
 10
39.624853
 20
40.027074
 30
0.0
  0
SPLINE
  5
57F
330
1F
100
AcDbEntity
  8
0
 62
     7
100
AcDbSpline
210
0.0
220
0.0
230
1.0
 70
     8
 71
     3
 72
     8
 73
     4
 74
     0
 42
0.000000001
 43
0.0000000001
 40
0.0
 40
0.0
 40
0.0
 40
0.0
 40
1.0
 40
1.0
 40
1.0
 40
1.0
 10
39.624853
 20
40.027074
 30
0.0
 10
37.584513
 20
41.359285
 30
0.0
 10
35.978613
 20
42.686415
 30
0.0
 10
35.375623
 20
45.051745
 30
0.0
  0
SPLINE
  5
580
330
1F
100
AcDbEntity
  8
0
 62
     7
100
AcDbSpline
210
0.0
220
0.0
230
1.0
 70
     8
 71
     3
 72
     8
 73
     4
 74
     0
 42
0.000000001
 43
0.0000000001
 40
0.0
 40
0.0
 40
0.0
 40
0.0
 40
1.0
 40
1.0
 40
1.0
 40
1.0
 10
35.375623
 20
45.051745
 30
0.0
 10
36.143273
 20
43.981535
 30
0.0
 10
36.965813
 20
43.26862499999999
 30
0.0
 10
37.582713
 20
43.021865
 30
0.0
  0
SPLINE
  5
581
330
1F
100
AcDbEntity
  8
0
 62
     7
100
AcDbSpline
210
0.0
220
0.0
230
1.0
 70
     8
 71
     3
 72
     8
 73
     4
 74
     0
 42
0.000000001
 43
0.0000000001
 40
0.0
 40
0.0
 40
0.0
 40
0.0
 40
1.0
 40
1.0
 40
1.0
 40
1.0
 10
37.582713
 20
43.021865
 30
0.0
 10
36.48604300000001
 20
44.14605499999999
 30
0.0
 10
35.293363
 20
46.462765
 30
0.0
 10
35.293363
 20
46.51765499999998
 30
0.0
  0
SPLINE
  5
582
330
1F
100
AcDbEntity
  8
0
 62
     7
100
AcDbSpline
210
0.0
220
0.0
230
1.0
 70
     8
 71
     3
 72
     8
 73
     4
 74
     0
 42
0.000000001
 43
0.0000000001
 40
0.0
 40
0.0
 40
0.0
 40
0.0
 40
1.0
 40
1.0
 40
1.0
 40
1.0
 10
35.293363
 20
46.51765499999998
 30
0.0
 10
35.293363
 20
46.572555
 30
0.0
 10
36.184393
 20
45.36609499999999
 30
0.0
 10
37.377083
 20
44.858815
 30
0.0
  0
SPLINE
  5
583
330
1F
100
AcDbEntity
  8
0
 62
     7
100
AcDbSpline
210
0.0
220
0.0
230
1.0
 70
     8
 71
     3
 72
     8
 73
     4
 74
     0
 42
0.000000001
 43
0.0000000001
 40
0.0
 40
0.0
 40
0.0
 40
0.0
 40
1.0
 40
1.0
 40
1.0
 40
1.0
 10
37.377083
 20
44.858815
 30
0.0
 10
35.759373
 20
46.558785
 30
0.0
 10
34.306313
 20
48.83436500000001
 30
0.0
 10
34.676463
 20
50.863345
 30
0.0
  0
SPLINE
  5
584
330
1F
100
AcDbEntity
  8
0
 62
     7
100
AcDbSpline
210
0.0
220
0.0
230
1.0
 70
     8
 71
     3
 72
     8
 73
     4
 74
     0
 42
0.000000001
 43
0.0000000001
 40
0.0
 40
0.0
 40
0.0
 40
0.0
 40
1.0
 40
1.0
 40
1.0
 40
1.0
 10
34.676463
 20
50.863345
 30
0.0
 10
35.009513
 20
49.24698499999998
 30
0.0
 10
35.822183
 20
46.387685
 30
0.0
 10
40.088613
 20
44.592615
 30
0.0
  0
SPLINE
  5
585
330
1F
100
AcDbEntity
  8
0
 62
     7
100
AcDbSpline
210
0.0
220
0.0
230
1.0
 70
     8
 71
     3
 72
     8
 73
     4
 74
     0
 42
0.000000001
 43
0.0000000001
 40
0.0
 40
0.0
 40
0.0
 40
0.0
 40
1.0
 40
1.0
 40
1.0
 40
1.0
 10
40.088613
 20
44.592615
 30
0.0
 10
40.04511299999999
 20
44.318485
 30
0.0
 10
40.01131299999999
 20
44.04285499999999
 30
0.0
 10
39.986023
 20
43.76768499999999
 30
0.0
  0
SPLINE
  5
586
330
1F
100
AcDbEntity
  8
0
 62
     7
100
AcDbSpline
210
0.0
220
0.0
230
1.0
 70
     8
 71
     3
 72
     8
 73
     4
 74
     0
 42
0.000000001
 43
0.0000000001
 40
0.0
 40
0.0
 40
0.0
 40
0.0
 40
1.0
 40
1.0
 40
1.0
 40
1.0
 10
39.986023
 20
43.76768499999999
 30
0.0
 10
39.890623
 20
42.69179499999999
 30
0.0
 10
39.921723
 20
41.604855
 30
0.0
 10
40.071523
 20
40.53375399999999
 30
0.0
  0
SPLINE
  5
587
330
1F
100
AcDbEntity
  8
0
 62
     7
100
AcDbSpline
210
0.0
220
0.0
230
1.0
 70
     8
 71
     3
 72
     8
 73
     4
 74
     0
 42
0.000000001
 43
0.0000000001
 40
0.0
 40
0.0
 40
0.0
 40
0.0
 40
1.0
 40
1.0
 40
1.0
 40
1.0
 10
40.071523
 20
40.53375399999999
 30
0.0
 10
40.145223
 20
40.613054
 30
0.0
 10
40.218533
 20
40.692584
 30
0.0
 10
40.294213
 20
40.76990399999998
 30
0.0
  0
SPLINE
  5
588
330
1F
100
AcDbEntity
  8
0
 62
     7
100
AcDbSpline
210
0.0
220
0.0
230
1.0
 70
     8
 71
     3
 72
     8
 73
     4
 74
     0
 42
0.000000001
 43
0.0000000001
 40
0.0
 40
0.0
 40
0.0
 40
0.0
 40
1.0
 40
1.0
 40
1.0
 40
1.0
 10
40.294213
 20
40.76990399999998
 30
0.0
 10
40.413853
 20
40.891194
 30
0.0
 10
40.536483
 20
41.009935
 30
0.0
 10
40.661213
 20
41.12643499999999
 30
0.0
  0
SPLINE
  5
589
330
1F
100
AcDbEntity
  8
0
 62
     7
100
AcDbSpline
210
0.0
220
0.0
230
1.0
 70
     8
 71
     3
 72
     8
 73
     4
 74
     0
 42
0.000000001
 43
0.0000000001
 40
0.0
 40
0.0
 40
0.0
 40
0.0
 40
1.0
 40
1.0
 40
1.0
 40
1.0
 10
40.661213
 20
41.12643499999999
 30
0.0
 10
40.55847299999999
 20
41.994145
 30
0.0
 10
40.498803
 20
42.867975
 30
0.0
 10
40.496853
 20
43.74449499999999
 30
0.0
  0
SPLINE
  5
58A
330
1F
100
AcDbEntity
  8
0
 62
     7
100
AcDbSpline
210
0.0
220
0.0
230
1.0
 70
     8
 71
     3
 72
     8
 73
     4
 74
     0
 42
0.000000001
 43
0.0000000001
 40
0.0
 40
0.0
 40
0.0
 40
0.0
 40
1.0
 40
1.0
 40
1.0
 40
1.0
 10
40.496853
 20
43.74449499999999
 30
0.0
 10
40.497303
 20
43.970925
 30
0.0
 10
40.501853
 20
44.19734499999999
 30
0.0
 10
40.508953
 20
44.423915
 30
0.0
  0
SPLINE
  5
58B
330
1F
100
AcDbEntity
  8
0
 62
     7
100
AcDbSpline
210
0.0
220
0.0
230
1.0
 70
     8
 71
     3
 72
     8
 73
     4
 74
     0
 42
0.000000001
 43
0.0000000001
 40
0.0
 40
0.0
 40
0.0
 40
0.0
 40
1.0
 40
1.0
 40
1.0
 40
1.0
 10
40.508953
 20
44.423915
 30
0.0
 10
40.864283
 20
44.287525
 30
0.0
 10
41.239213
 20
44.157265
 30
0.0
 10
41.640463
 20
44.036275
 30
0.0
  0
SPLINE
  5
58C
330
1F
100
AcDbEntity
  8
0
 62
     7
100
AcDbSpline
210
0.0
220
0.0
230
1.0
 70
     8
 71
     3
 72
     8
 73
     4
 74
     0
 42
0.000000001
 43
0.0000000001
 40
0.0
 40
0.0
 40
0.0
 40
0.0
 40
1.0
 40
1.0
 40
1.0
 40
1.0
 10
41.640463
 20
44.036275
 30
0.0
 10
41.276453
 20
44.23518499999999
 30
0.0
 10
40.899133
 20
44.447995
 30
0.0
 10
40.51897299999999
 20
44.67755499999999
 30
0.0
  0
SPLINE
  5
58D
330
1F
100
AcDbEntity
  8
0
 62
     7
100
AcDbSpline
210
0.0
220
0.0
230
1.0
 70
     8
 71
     3
 72
     8
 73
     4
 74
     0
 42
0.000000001
 43
0.0000000001
 40
0.0
 40
0.0
 40
0.0
 40
0.0
 40
1.0
 40
1.0
 40
1.0
 40
1.0
 10
40.51897299999999
 20
44.67755499999999
 30
0.0
 10
40.552473
 20
45.41335499999998
 30
0.0
 10
40.628593
 20
46.149605
 30
0.0
 10
40.77680299999999
 20
46.887645
 30
0.0
  0
SPLINE
  5
58E
330
1F
100
AcDbEntity
  8
0
 62
     7
100
AcDbSpline
210
0.0
220
0.0
230
1.0
 70
     8
 71
     3
 72
     8
 73
     4
 74
     0
 42
0.000000001
 43
0.0000000001
 40
0.0
 40
0.0
 40
0.0
 40
0.0
 40
1.0
 40
1.0
 40
1.0
 40
1.0
 10
40.77680299999999
 20
46.887645
 30
0.0
 10
40.473213
 20
46.26505499999999
 30
0.0
 10
40.274453
 20
45.594615
 30
0.0
 10
40.144343
 20
44.909815
 30
0.0
  0
SPLINE
  5
58F
330
1F
100
AcDbEntity
  8
0
 62
     7
100
AcDbSpline
210
0.0
220
0.0
230
1.0
 70
     8
 71
     3
 72
     8
 73
     4
 74
     0
 42
0.000000001
 43
0.0000000001
 40
0.0
 40
0.0
 40
0.0
 40
0.0
 40
1.0
 40
1.0
 40
1.0
 40
1.0
 10
40.144343
 20
44.909815
 30
0.0
 10
38.183713
 20
46.152145
 30
0.0
 10
36.24446300000001
 20
47.875145
 30
0.0
 10
35.786683
 20
50.534335
 30
0.0
  0
SPLINE
  5
590
330
1F
100
AcDbEntity
  8
0
 62
     7
100
AcDbSpline
210
0.0
220
0.0
230
1.0
 70
     8
 71
     3
 72
     8
 73
     4
 74
     0
 42
0.000000001
 43
0.0000000001
 40
0.0
 40
0.0
 40
0.0
 40
0.0
 40
1.0
 40
1.0
 40
1.0
 40
1.0
 10
35.786683
 20
50.534335
 30
0.0
 10
36.691473
 20
49.136015
 30
0.0
 10
37.651153
 20
48.135215
 30
0.0
 10
37.651153
 20
48.135215
 30
0.0
  0
SPLINE
  5
591
330
1F
100
AcDbEntity
  8
0
 62
     7
100
AcDbSpline
210
0.0
220
0.0
230
1.0
 70
     8
 71
     3
 72
     8
 73
     4
 74
     0
 42
0.000000001
 43
0.0000000001
 40
0.0
 40
0.0
 40
0.0
 40
0.0
 40
1.0
 40
1.0
 40
1.0
 40
1.0
 10
37.651153
 20
48.135215
 30
0.0
 10
37.651153
 20
48.135215
 30
0.0
 10
36.66410300000001
 20
49.807655
 30
0.0
 10
36.362463
 20
51.219735
 30
0.0
  0
SPLINE
  5
592
330
1F
100
AcDbEntity
  8
0
 62
     7
100
AcDbSpline
210
0.0
220
0.0
230
1.0
 70
     8
 71
     3
 72
     8
 73
     4
 74
     0
 42
0.000000001
 43
0.0000000001
 40
0.0
 40
0.0
 40
0.0
 40
0.0
 40
1.0
 40
1.0
 40
1.0
 40
1.0
 10
36.362463
 20
51.219735
 30
0.0
 10
37.020493
 20
50.164185
 30
0.0
 10
37.774533
 20
49.629545
 30
0.0
 10
37.774533
 20
49.629545
 30
0.0
  0
SPLINE
  5
593
330
1F
100
AcDbEntity
  8
0
 62
     7
100
AcDbSpline
210
0.0
220
0.0
230
1.0
 70
     8
 71
     3
 72
     8
 73
     4
 74
     0
 42
0.000000001
 43
0.0000000001
 40
0.0
 40
0.0
 40
0.0
 40
0.0
 40
1.0
 40
1.0
 40
1.0
 40
1.0
 10
37.774533
 20
49.629545
 30
0.0
 10
37.774533
 20
49.629545
 30
0.0
 10
36.266593
 20
52.316555
 30
0.0
 10
36.321333
 20
54.57853499999998
 30
0.0
  0
SPLINE
  5
594
330
1F
100
AcDbEntity
  8
0
 62
     7
100
AcDbSpline
210
0.0
220
0.0
230
1.0
 70
     8
 71
     3
 72
     8
 73
     4
 74
     0
 42
0.000000001
 43
0.0000000001
 40
0.0
 40
0.0
 40
0.0
 40
0.0
 40
1.0
 40
1.0
 40
1.0
 40
1.0
 10
36.321333
 20
54.57853499999998
 30
0.0
 10
36.66410300000001
 20
53.111725
 30
0.0
 10
37.56890300000002
 20
49.190905
 30
0.0
 10
41.996843
 20
47.669205
 30
0.0
  0
SPLINE
  5
595
330
1F
100
AcDbEntity
  8
0
 62
     7
100
AcDbSpline
210
0.0
220
0.0
230
1.0
 70
     8
 71
     3
 72
     8
 73
     4
 74
     0
 42
0.000000001
 43
0.0000000001
 40
0.0
 40
0.0
 40
0.0
 40
0.0
 40
1.0
 40
1.0
 40
1.0
 40
1.0
 10
41.996843
 20
47.669205
 30
0.0
 10
40.05012299999999
 20
49.04015499999999
 30
0.0
 10
36.609223
 20
52.598905
 30
0.0
 10
37.623633
 20
57.11464499999999
 30
0.0
  0
SPLINE
  5
596
330
1F
100
AcDbEntity
  8
0
 62
     7
100
AcDbSpline
210
0.0
220
0.0
230
1.0
 70
     8
 71
     3
 72
     8
 73
     4
 74
     0
 42
0.000000001
 43
0.0000000001
 40
0.0
 40
0.0
 40
0.0
 40
0.0
 40
1.0
 40
1.0
 40
1.0
 40
1.0
 10
37.623633
 20
57.11464499999999
 30
0.0
 10
37.712733
 20
56.04190500000001
 30
0.0
 10
38.278223
 20
53.563965
 30
0.0
 10
39.34752299999999
 20
52.710615
 30
0.0
  0
SPLINE
  5
597
330
1F
100
AcDbEntity
  8
0
 62
     7
100
AcDbSpline
210
0.0
220
0.0
230
1.0
 70
     8
 71
     3
 72
     8
 73
     4
 74
     0
 42
0.000000001
 43
0.0000000001
 40
0.0
 40
0.0
 40
0.0
 40
0.0
 40
1.0
 40
1.0
 40
1.0
 40
1.0
 10
39.34752299999999
 20
52.710615
 30
0.0
 10
38.617563
 20
54.263125
 30
0.0
 10
37.733263
 20
57.224265
 30
0.0
 10
38.699813
 20
59.609625
 30
0.0
  0
SPLINE
  5
598
330
1F
100
AcDbEntity
  8
0
 62
     7
100
AcDbSpline
210
0.0
220
0.0
230
1.0
 70
     8
 71
     3
 72
     8
 73
     4
 74
     0
 42
0.000000001
 43
0.0000000001
 40
0.0
 40
0.0
 40
0.0
 40
0.0
 40
1.0
 40
1.0
 40
1.0
 40
1.0
 10
38.699813
 20
59.609625
 30
0.0
 10
38.555943
 20
58.12905500000001
 30
0.0
 10
38.946573
 20
56.17545500000001
 30
0.0
 10
39.656053
 20
55.332425
 30
0.0
  0
SPLINE
  5
599
330
1F
100
AcDbEntity
  8
0
 62
     7
100
AcDbSpline
210
0.0
220
0.0
230
1.0
 70
     8
 71
     3
 72
     8
 73
     4
 74
     0
 42
0.000000001
 43
0.0000000001
 40
0.0
 40
0.0
 40
0.0
 40
0.0
 40
1.0
 40
1.0
 40
1.0
 40
1.0
 10
39.656053
 20
55.332425
 30
0.0
 10
39.275593
 20
56.576555
 30
0.0
 10
39.028833
 20
58.97223499999999
 30
0.0
 10
40.252463
 20
60.45265500000001
 30
0.0
  0
SPLINE
  5
59A
330
1F
100
AcDbEntity
  8
0
 62
     7
100
AcDbSpline
210
0.0
220
0.0
230
1.0
 70
     8
 71
     3
 72
     8
 73
     4
 74
     0
 42
0.000000001
 43
0.0000000001
 40
0.0
 40
0.0
 40
0.0
 40
0.0
 40
1.0
 40
1.0
 40
1.0
 40
1.0
 10
40.252463
 20
60.45265500000001
 30
0.0
 10
39.933773
 20
59.53754499999998
 30
0.0
 10
39.872003
 20
57.82053499999999
 30
0.0
 10
40.386173
 20
57.121375
 30
0.0
  0
SPLINE
  5
59B
330
1F
100
AcDbEntity
  8
0
 62
     7
100
AcDbSpline
210
0.0
220
0.0
230
1.0
 70
     8
 71
     3
 72
     8
 73
     4
 74
     0
 42
0.000000001
 43
0.0000000001
 40
0.0
 40
0.0
 40
0.0
 40
0.0
 40
1.0
 40
1.0
 40
1.0
 40
1.0
 10
40.386173
 20
57.121375
 30
0.0
 10
40.386173
 20
58.848705
 30
0.0
 10
41.15382299999999
 20
61.754955
 30
0.0
 10
47.90551299999999
 20
65.42213499999999
 30
0.0
  0
SPLINE
  5
59C
330
1F
100
AcDbEntity
  8
0
 62
     7
100
AcDbSpline
210
0.0
220
0.0
230
1.0
 70
     8
 71
     3
 72
     8
 73
     4
 74
     0
 42
0.000000001
 43
0.0000000001
 40
0.0
 40
0.0
 40
0.0
 40
0.0
 40
1.0
 40
1.0
 40
1.0
 40
1.0
 10
47.90551299999999
 20
65.42213499999999
 30
0.0
 10
44.971743
 20
64.352835
 30
0.0
 10
42.805773
 20
63.420675
 30
0.0
 10
40.69454299999999
 20
61.55620500000001
 30
0.0
  0
SPLINE
  5
59D
330
1F
100
AcDbEntity
  8
0
 62
     7
100
AcDbSpline
210
0.0
220
0.0
230
1.0
 70
     8
 71
     3
 72
     8
 73
     4
 74
     0
 42
0.000000001
 43
0.0000000001
 40
0.0
 40
0.0
 40
0.0
 40
0.0
 40
1.0
 40
1.0
 40
1.0
 40
1.0
 10
40.69454299999999
 20
61.55620500000001
 30
0.0
 10
40.838413
 20
62.71463499999999
 30
0.0
 10
42.442513
 20
64.380205
 30
0.0
 10
43.14152299999999
 20
64.97661499999999
 30
0.0
  0
SPLINE
  5
59E
330
1F
100
AcDbEntity
  8
0
 62
     7
100
AcDbSpline
210
0.0
220
0.0
230
1.0
 70
     8
 71
     3
 72
     8
 73
     4
 74
     0
 42
0.000000001
 43
0.0000000001
 40
0.0
 40
0.0
 40
0.0
 40
0.0
 40
1.0
 40
1.0
 40
1.0
 40
1.0
 10
43.14152299999999
 20
64.97661499999999
 30
0.0
 10
40.365383
 20
63.557815
 30
0.0
 10
39.686863
 20
63.06428499999999
 30
0.0
 10
37.918403
 20
60.699415
 30
0.0
  0
SPLINE
  5
59F
330
1F
100
AcDbEntity
  8
0
 62
     7
100
AcDbSpline
210
0.0
220
0.0
230
1.0
 70
     8
 71
     3
 72
     8
 73
     4
 74
     0
 42
0.000000001
 43
0.0000000001
 40
0.0
 40
0.0
 40
0.0
 40
0.0
 40
1.0
 40
1.0
 40
1.0
 40
1.0
 10
37.918403
 20
60.699415
 30
0.0
 10
36.149943
 20
58.334545
 30
0.0
 10
36.76685300000001
 20
58.314055
 30
0.0
 10
35.985433
 20
56.751235
 30
0.0
  0
SPLINE
  5
5A0
330
1F
100
AcDbEntity
  8
0
 62
     7
100
AcDbSpline
210
0.0
220
0.0
230
1.0
 70
     8
 71
     3
 72
     8
 73
     4
 74
     0
 42
0.000000001
 43
0.0000000001
 40
0.0
 40
0.0
 40
0.0
 40
0.0
 40
1.0
 40
1.0
 40
1.0
 40
1.0
 10
35.985433
 20
56.751235
 30
0.0
 10
35.204023
 20
55.188405
 30
0.0
 10
33.497333
 20
52.453535
 30
0.0
 10
32.469163
 20
48.340845
 30
0.0
  0
SPLINE
  5
5A1
330
1F
100
AcDbEntity
  8
0
 62
     7
100
AcDbSpline
210
0.0
220
0.0
230
1.0
 70
     8
 71
     3
 72
     8
 73
     4
 74
     0
 42
0.000000001
 43
0.0000000001
 40
0.0
 40
0.0
 40
0.0
 40
0.0
 40
1.0
 40
1.0
 40
1.0
 40
1.0
 10
32.469163
 20
48.340845
 30
0.0
 10
31.440983
 20
44.228155
 30
0.0
 10
30.268793
 20
39.53968
 30
0.0
 10
29.980903
 20
38.82003
 30
0.0
  0
SPLINE
  5
5A2
330
1F
100
AcDbEntity
  8
0
 62
     7
100
AcDbSpline
210
0.0
220
0.0
230
1.0
 70
     8
 71
     3
 72
     8
 73
     4
 74
     0
 42
0.000000001
 43
0.0000000001
 40
0.0
 40
0.0
 40
0.0
 40
0.0
 40
1.0
 40
1.0
 40
1.0
 40
1.0
 10
29.980903
 20
38.82003
 30
0.0
 10
30.865203
 20
38.98454
 30
0.0
 10
32.016613
 20
40.280114
 30
0.0
 10
32.242883
 20
40.69138399999999
 30
0.0
  0
SPLINE
  5
5A3
330
1F
100
AcDbEntity
  8
0
 62
     7
100
AcDbSpline
210
0.0
220
0.0
230
1.0
 70
     8
 71
     3
 72
     8
 73
     4
 74
     0
 42
0.000000001
 43
0.0000000001
 40
0.0
 40
0.0
 40
0.0
 40
0.0
 40
1.0
 40
1.0
 40
1.0
 40
1.0
 10
32.242883
 20
40.69138399999999
 30
0.0
 10
32.201783
 20
39.33419
 30
0.0
 10
31.790493
 20
37.50397
 30
0.0
 10
31.27648300000001
 20
36.51692
 30
0.0
  0
SPLINE
  5
5A4
330
1F
100
AcDbEntity
  8
0
 62
     7
100
AcDbSpline
210
0.0
220
0.0
230
1.0
 70
     8
 71
     3
 72
     8
 73
     4
 74
     0
 42
0.000000001
 43
0.0000000001
 40
0.0
 40
0.0
 40
0.0
 40
0.0
 40
1.0
 40
1.0
 40
1.0
 40
1.0
 10
31.27648300000001
 20
36.51692
 30
0.0
 10
30.762323
 20
35.52988
 30
0.0
 10
30.104433
 20
34.41945
 30
0.0
 10
30.104433
 20
33.74078
 30
0.0
  0
SPLINE
  5
5A5
330
1F
100
AcDbEntity
  8
0
 62
     7
100
AcDbSpline
210
0.0
220
0.0
230
1.0
 70
     8
 71
     3
 72
     8
 73
     4
 74
     0
 42
0.000000001
 43
0.0000000001
 40
0.0
 40
0.0
 40
0.0
 40
0.0
 40
1.0
 40
1.0
 40
1.0
 40
1.0
 10
30.104433
 20
33.74078
 30
0.0
 10
30.968103
 20
34.76895
 30
0.0
 10
31.625383
 20
35.01108
 30
0.0
 10
31.914023
 20
34.04931
 30
0.0
  0
SPLINE
  5
5A6
330
1F
100
AcDbEntity
  8
0
 62
     7
100
AcDbSpline
210
0.0
220
0.0
230
1.0
 70
     8
 71
     3
 72
     8
 73
     4
 74
     0
 42
0.000000001
 43
0.0000000001
 40
0.0
 40
0.0
 40
0.0
 40
0.0
 40
1.0
 40
1.0
 40
1.0
 40
1.0
 10
31.914023
 20
34.04931
 30
0.0
 10
32.469313
 20
32.19859
 30
0.0
 10
32.029923
 20
26.73903
 30
0.0
 10
37.85693300000001
 20
25.86505
 30
0.0
  0
SPLINE
  5
5A7
330
1F
100
AcDbEntity
  8
0
 62
     7
100
AcDbSpline
210
0.0
220
0.0
230
1.0
 70
     8
 71
     3
 72
     8
 73
     4
 74
     0
 42
0.000000001
 43
0.0000000001
 40
0.0
 40
0.0
 40
0.0
 40
0.0
 40
1.0
 40
1.0
 40
1.0
 40
1.0
 10
37.85693300000001
 20
25.86505
 30
0.0
 10
40.73582299999999
 20
25.43314
 30
0.0
 10
44.354993
 20
27.65399
 30
0.0
 10
47.048733
 20
30.10112
 30
0.0
  0
SPLINE
  5
5A8
330
1F
100
AcDbEntity
  8
0
 62
     7
100
AcDbSpline
210
0.0
220
0.0
230
1.0
 70
     8
 71
     3
 72
     8
 73
     4
 74
     0
 42
0.000000001
 43
0.0000000001
 40
0.0
 40
0.0
 40
0.0
 40
0.0
 40
1.0
 40
1.0
 40
1.0
 40
1.0
 10
47.048733
 20
30.10112
 30
0.0
 10
44.458033
 20
28.66153
 30
0.0
 10
37.137443
 20
25.8649
 30
0.0
 10
35.081093
 20
30.20386
 30
0.0
  0
LWPOLYLINE
  5
5A9
330
1F
100
AcDbEntity
  8
0
 62
     7
100
AcDbPolyline
 90
        2
 70
     1
 43
0.0
 10
55.007073
 20
63.818185
 10
55.007073
 20
63.818185
  0
SPLINE
  5
5AA
330
1F
100
AcDbEntity
  8
0
 62
     7
100
AcDbSpline
210
0.0
220
0.0
230
1.0
 70
     8
 71
     3
 72
     8
 73
     4
 74
     0
 42
0.000000001
 43
0.0000000001
 40
0.0
 40
0.0
 40
0.0
 40
0.0
 40
1.0
 40
1.0
 40
1.0
 40
1.0
 10
39.39245300000001
 20
38.4137
 30
0.0
 10
39.688563
 20
38.73389
 30
0.0
 10
39.986023
 20
39.05094
 30
0.0
 10
40.28587299999998
 20
39.36515
 30
0.0
  0
SPLINE
  5
5AB
330
1F
100
AcDbEntity
  8
0
 62
     7
100
AcDbSpline
210
0.0
220
0.0
230
1.0
 70
     8
 71
     3
 72
     8
 73
     4
 74
     0
 42
0.000000001
 43
0.0000000001
 40
0.0
 40
0.0
 40
0.0
 40
0.0
 40
1.0
 40
1.0
 40
1.0
 40
1.0
 10
40.28587299999998
 20
39.36515
 30
0.0
 10
40.438713
 20
38.69351
 30
0.0
 10
40.643603
 20
38.03339000000001
 30
0.0
 10
40.91100299999999
 20
37.39674
 30
0.0
  0
SPLINE
  5
5AC
330
1F
100
AcDbEntity
  8
0
 62
     7
100
AcDbSpline
210
0.0
220
0.0
230
1.0
 70
     8
 71
     3
 72
     8
 73
     4
 74
     0
 42
0.000000001
 43
0.0000000001
 40
0.0
 40
0.0
 40
0.0
 40
0.0
 40
1.0
 40
1.0
 40
1.0
 40
1.0
 10
40.91100299999999
 20
37.39674
 30
0.0
 10
41.329453
 20
36.39967
 30
0.0
 10
41.902983
 20
35.44164
 30
0.0
 10
42.696513
 20
34.71407
 30
0.0
  0
SPLINE
  5
5AD
330
1F
100
AcDbEntity
  8
0
 62
     7
100
AcDbSpline
210
0.0
220
0.0
230
1.0
 70
     8
 71
     3
 72
     8
 73
     4
 74
     0
 42
0.000000001
 43
0.0000000001
 40
0.0
 40
0.0
 40
0.0
 40
0.0
 40
1.0
 40
1.0
 40
1.0
 40
1.0
 10
42.696513
 20
34.71407
 30
0.0
 10
42.11714299999999
 20
35.61572
 30
0.0
 10
41.70991299999999
 20
36.58078
 30
0.0
 10
41.393013
 20
37.57351
 30
0.0
  0
SPLINE
  5
5AE
330
1F
100
AcDbEntity
  8
0
 62
     7
100
AcDbSpline
210
0.0
220
0.0
230
1.0
 70
     8
 71
     3
 72
     8
 73
     4
 74
     0
 42
0.000000001
 43
0.0000000001
 40
0.0
 40
0.0
 40
0.0
 40
0.0
 40
1.0
 40
1.0
 40
1.0
 40
1.0
 10
41.393013
 20
37.57351
 30
0.0
 10
41.148343
 20
38.34310999999999
 30
0.0
 10
40.97067299999999
 20
39.132
 30
0.0
 10
40.833683
 20
39.92777
 30
0.0
  0
SPLINE
  5
5AF
330
1F
100
AcDbEntity
  8
0
 62
     7
100
AcDbSpline
210
0.0
220
0.0
230
1.0
 70
     8
 71
     3
 72
     8
 73
     4
 74
     0
 42
0.000000001
 43
0.0000000001
 40
0.0
 40
0.0
 40
0.0
 40
0.0
 40
1.0
 40
1.0
 40
1.0
 40
1.0
 10
40.833683
 20
39.92777
 30
0.0
 10
41.20024299999999
 20
40.296414
 30
0.0
 10
41.57232299999999
 20
40.658334
 30
0.0
 10
41.95518299999998
 20
41.01023499999999
 30
0.0
  0
SPLINE
  5
5B0
330
1F
100
AcDbEntity
  8
0
 62
     7
100
AcDbSpline
210
0.0
220
0.0
230
1.0
 70
     8
 71
     3
 72
     8
 73
     4
 74
     0
 42
0.000000001
 43
0.0000000001
 40
0.0
 40
0.0
 40
0.0
 40
0.0
 40
1.0
 40
1.0
 40
1.0
 40
1.0
 10
41.95518299999998
 20
41.01023499999999
 30
0.0
 10
42.405933
 20
41.418515
 30
0.0
 10
42.86924299999999
 20
41.810935
 30
0.0
 10
43.368303
 20
42.185565
 30
0.0
  0
SPLINE
  5
5B1
330
1F
100
AcDbEntity
  8
0
 62
     7
100
AcDbSpline
210
0.0
220
0.0
230
1.0
 70
     8
 71
     3
 72
     8
 73
     4
 74
     0
 42
0.000000001
 43
0.0000000001
 40
0.0
 40
0.0
 40
0.0
 40
0.0
 40
1.0
 40
1.0
 40
1.0
 40
1.0
 10
43.368303
 20
42.185565
 30
0.0
 10
42.772933
 20
41.991595
 30
0.0
 10
42.22362299999999
 20
41.671855
 30
0.0
 10
41.714853
 20
41.30918499999999
 30
0.0
  0
SPLINE
  5
5B2
330
1F
100
AcDbEntity
  8
0
 62
     7
100
AcDbSpline
210
0.0
220
0.0
230
1.0
 70
     8
 71
     3
 72
     8
 73
     4
 74
     0
 42
0.000000001
 43
0.0000000001
 40
0.0
 40
0.0
 40
0.0
 40
0.0
 40
1.0
 40
1.0
 40
1.0
 40
1.0
 10
41.714853
 20
41.30918499999999
 30
0.0
 10
41.37192299999998
 20
41.066465
 30
0.0
 10
41.048743
 20
40.798164
 30
0.0
 10
40.74007299999998
 20
40.514764
 30
0.0
  0
LWPOLYLINE
  5
5B3
330
1F
100
AcDbEntity
  8
0
 62
     7
100
AcDbPolyline
 90
        2
 70
     1
 43
0.0
 10
35.081093
 20
30.20386
 10
35.081093
 20
30.20386
  0
SPLINE
  5
5B4
330
1F
100
AcDbEntity
  8
0
 62
     7
100
AcDbSpline
210
0.0
220
0.0
230
1.0
 70
     8
 71
     3
 72
     8
 73
     4
 74
     0
 42
0.000000001
 43
0.0000000001
 40
0.0
 40
0.0
 40
0.0
 40
0.0
 40
1.0
 40
1.0
 40
1.0
 40
1.0
 10
40.739763
 20
40.516764
 30
0.0
 10
40.730763
 20
40.507764
 30
0.0
 10
40.72246299999998
 20
40.499764
 30
0.0
 10
40.713863
 20
40.491064
 30
0.0
  0
SPLINE
  5
5B5
330
1F
100
AcDbEntity
  8
0
 62
     7
100
AcDbSpline
210
0.0
220
0.0
230
1.0
 70
     8
 71
     3
 72
     8
 73
     4
 74
     0
 42
0.000000001
 43
0.0000000001
 40
0.0
 40
0.0
 40
0.0
 40
0.0
 40
1.0
 40
1.0
 40
1.0
 40
1.0
 10
40.713863
 20
40.491064
 30
0.0
 10
40.571193
 20
40.359314
 30
0.0
 10
40.430753
 20
40.225314
 30
0.0
 10
40.294663
 20
40.087274
 30
0.0
  0
SPLINE
  5
5B6
330
1F
100
AcDbEntity
  8
0
 62
     7
100
AcDbSpline
210
0.0
220
0.0
230
1.0
 70
     8
 71
     3
 72
     8
 73
     4
 74
     0
 42
0.000000001
 43
0.0000000001
 40
0.0
 40
0.0
 40
0.0
 40
0.0
 40
1.0
 40
1.0
 40
1.0
 40
1.0
 10
40.294663
 20
40.087274
 30
0.0
 10
39.858123
 20
39.6413
 30
0.0
 10
39.455233
 20
39.16364
 30
0.0
 10
39.093163
 20
38.65605
 30
0.0
  0
SPLINE
  5
5B7
330
1F
100
AcDbEntity
  8
0
 62
     7
100
AcDbSpline
210
0.0
220
0.0
230
1.0
 70
     8
 71
     3
 72
     8
 73
     4
 74
     0
 42
0.000000001
 43
0.0000000001
 40
0.0
 40
0.0
 40
0.0
 40
0.0
 40
1.0
 40
1.0
 40
1.0
 40
1.0
 10
39.093163
 20
38.65605
 30
0.0
 10
38.731693
 20
38.15057
 30
0.0
 10
38.395653
 20
37.61666
 30
0.0
 10
38.172513
 20
37.03072000000001
 30
0.0
  0
SPLINE
  5
5B8
330
1F
100
AcDbEntity
  8
0
 62
     7
100
AcDbSpline
210
0.0
220
0.0
230
1.0
 70
     8
 71
     3
 72
     8
 73
     4
 74
     0
 42
0.000000001
 43
0.0000000001
 40
0.0
 40
0.0
 40
0.0
 40
0.0
 40
1.0
 40
1.0
 40
1.0
 40
1.0
 10
38.172513
 20
37.03072000000001
 30
0.0
 10
38.571073
 20
37.50928
 30
0.0
 10
38.98114299999999
 20
37.96093
 30
0.0
 10
39.392413
 20
38.41363
 30
0.0
  0
LWPOLYLINE
  5
5B9
330
1F
100
AcDbEntity
  8
0
 62
     7
100
AcDbPolyline
 90
        2
 70
     0
 43
0.0
 10
40.74007299999998
 20
40.514764
 10
40.739763
 20
40.516764
  0
SPLINE
  5
5BA
330
1F
100
AcDbEntity
  8
0
 62
     7
100
AcDbSpline
210
0.0
220
0.0
230
1.0
 70
     8
 71
     3
 72
     8
 73
     4
 74
     0
 42
0.000000001
 43
0.0000000001
 40
0.0
 40
0.0
 40
0.0
 40
0.0
 40
1.0
 40
1.0
 40
1.0
 40
1.0
 10
42.884793
 20
33.9352
 30
0.0
 10
43.22323299999999
 20
33.79925
 30
0.0
 10
43.572443
 20
33.69307
 30
0.0
 10
43.927333
 20
33.6168
 30
0.0
  0
SPLINE
  5
5BB
330
1F
100
AcDbEntity
  8
0
 62
     7
100
AcDbSpline
210
0.0
220
0.0
230
1.0
 70
     8
 71
     3
 72
     8
 73
     4
 74
     0
 42
0.000000001
 43
0.0000000001
 40
0.0
 40
0.0
 40
0.0
 40
0.0
 40
1.0
 40
1.0
 40
1.0
 40
1.0
 10
43.927333
 20
33.6168
 30
0.0
 10
44.282063
 20
33.5398
 30
0.0
 10
44.64264299999999
 20
33.49237
 30
0.0
 10
45.005303
 20
33.47144
 30
0.0
  0
SPLINE
  5
5BC
330
1F
100
AcDbEntity
  8
0
 62
     7
100
AcDbSpline
210
0.0
220
0.0
230
1.0
 70
     8
 71
     3
 72
     8
 73
     4
 74
     0
 42
0.000000001
 43
0.0000000001
 40
0.0
 40
0.0
 40
0.0
 40
0.0
 40
1.0
 40
1.0
 40
1.0
 40
1.0
 10
45.005303
 20
33.47144
 30
0.0
 10
45.366923
 20
33.45204000000001
 30
0.0
 10
45.73542299999998
 20
33.45484000000001
 30
0.0
 10
46.096293
 20
33.53514
 30
0.0
  0
SPLINE
  5
5BD
330
1F
100
AcDbEntity
  8
0
 62
     7
100
AcDbSpline
210
0.0
220
0.0
230
1.0
 70
     8
 71
     3
 72
     8
 73
     4
 74
     0
 42
0.000000001
 43
0.0000000001
 40
0.0
 40
0.0
 40
0.0
 40
0.0
 40
1.0
 40
1.0
 40
1.0
 40
1.0
 10
46.096293
 20
33.53514
 30
0.0
 10
45.741103
 20
33.62604000000001
 30
0.0
 10
45.396983
 20
33.71116
 30
0.0
 10
45.04987299999998
 20
33.78923
 30
0.0
  0
SPLINE
  5
5BE
330
1F
100
AcDbEntity
  8
0
 62
     7
100
AcDbSpline
210
0.0
220
0.0
230
1.0
 70
     8
 71
     3
 72
     8
 73
     4
 74
     0
 42
0.000000001
 43
0.0000000001
 40
0.0
 40
0.0
 40
0.0
 40
0.0
 40
1.0
 40
1.0
 40
1.0
 40
1.0
 10
45.04987299999998
 20
33.78923
 30
0.0
 10
44.703653
 20
33.86803
 30
0.0
 10
44.35924299999999
 20
33.94596
 30
0.0
 10
44.01407299999998
 20
34.01864000000001
 30
0.0
  0
LWPOLYLINE
  5
5BF
330
1F
100
AcDbEntity
  8
0
 62
     7
100
AcDbPolyline
 90
        2
 70
     1
 43
0.0
 10
39.392413
 20
38.41363
 10
39.392413
 20
38.41363
  0
SPLINE
  5
5C0
330
1F
100
AcDbEntity
  8
0
 62
     7
100
AcDbSpline
210
0.0
220
0.0
230
1.0
 70
     8
 71
     3
 72
     8
 73
     4
 74
     0
 42
0.000000001
 43
0.0000000001
 40
0.0
 40
0.0
 40
0.0
 40
0.0
 40
1.0
 40
1.0
 40
1.0
 40
1.0
 10
41.928713
 20
34.4673
 30
0.0
 10
42.217643
 20
34.23848
 30
0.0
 10
42.547253
 20
34.07143
 30
0.0
 10
42.884793
 20
33.93519000000001
 30
0.0
  0
LWPOLYLINE
  5
5C1
330
1F
100
AcDbEntity
  8
0
 62
     7
100
AcDbPolyline
 90
        2
 70
     0
 43
0.0
 10
44.01407299999998
 20
34.01864000000001
 10
41.928713
 20
34.4673
  0
LWPOLYLINE
  5
5C2
330
1F
100
AcDbEntity
  8
0
 62
     7
100
AcDbPolyline
 90
        2
 70
     1
 43
0.0
 10
42.884793
 20
33.93519000000001
 10
42.884793
 20
33.93519000000001
  0
SPLINE
  5
5C3
330
1F
100
AcDbEntity
  8
0
 62
     7
100
AcDbSpline
210
0.0
220
0.0
230
1.0
 70
     8
 71
     3
 72
     8
 73
     4
 74
     0
 42
0.000000001
 43
0.0000000001
 40
0.0
 40
0.0
 40
0.0
 40
0.0
 40
1.0
 40
1.0
 40
1.0
 40
1.0
 10
43.27737299999999
 20
38.38812
 30
0.0
 10
43.532363
 20
38.16185
 30
0.0
 10
43.831163
 20
37.99675
 30
0.0
 10
44.137453
 20
37.85811
 30
0.0
  0
SPLINE
  5
5C4
330
1F
100
AcDbEntity
  8
0
 62
     7
100
AcDbSpline
210
0.0
220
0.0
230
1.0
 70
     8
 71
     3
 72
     8
 73
     4
 74
     0
 42
0.000000001
 43
0.0000000001
 40
0.0
 40
0.0
 40
0.0
 40
0.0
 40
1.0
 40
1.0
 40
1.0
 40
1.0
 10
44.137453
 20
37.85811
 30
0.0
 10
44.445533
 20
37.72217
 30
0.0
 10
44.76572299999999
 20
37.61703
 30
0.0
 10
45.09144299999999
 20
37.54001
 30
0.0
  0
SPLINE
  5
5C5
330
1F
100
AcDbEntity
  8
0
 62
     7
100
AcDbSpline
210
0.0
220
0.0
230
1.0
 70
     8
 71
     3
 72
     8
 73
     4
 74
     0
 42
0.000000001
 43
0.0000000001
 40
0.0
 40
0.0
 40
0.0
 40
0.0
 40
1.0
 40
1.0
 40
1.0
 40
1.0
 10
45.09144299999999
 20
37.54001
 30
0.0
 10
45.41732299999998
 20
37.46331
 30
0.0
 10
45.749023
 20
37.41304
 30
0.0
 10
46.083433
 20
37.39180000000001
 30
0.0
  0
SPLINE
  5
5C6
330
1F
100
AcDbEntity
  8
0
 62
     7
100
AcDbSpline
210
0.0
220
0.0
230
1.0
 70
     8
 71
     3
 72
     8
 73
     4
 74
     0
 42
0.000000001
 43
0.0000000001
 40
0.0
 40
0.0
 40
0.0
 40
0.0
 40
1.0
 40
1.0
 40
1.0
 40
1.0
 10
46.083433
 20
37.39180000000001
 30
0.0
 10
46.417083
 20
37.3743
 30
0.0
 10
46.75776299999998
 20
37.3749
 30
0.0
 10
47.09021299999998
 20
37.4557
 30
0.0
  0
SPLINE
  5
5C7
330
1F
100
AcDbEntity
  8
0
 62
     7
100
AcDbSpline
210
0.0
220
0.0
230
1.0
 70
     8
 71
     3
 72
     8
 73
     4
 74
     0
 42
0.000000001
 43
0.0000000001
 40
0.0
 40
0.0
 40
0.0
 40
0.0
 40
1.0
 40
1.0
 40
1.0
 40
1.0
 10
47.09021299999998
 20
37.4557
 30
0.0
 10
46.764043
 20
37.5472
 30
0.0
 10
46.449533
 20
37.63083
 30
0.0
 10
46.132483
 20
37.71144
 30
0.0
  0
LWPOLYLINE
  5
5C8
330
1F
100
AcDbEntity
  8
0
 62
     7
100
AcDbPolyline
 90
        3
 70
     0
 43
0.0
 10
45.185963
 20
37.94021
 10
44.240943
 20
38.16335
 10
43.27737299999999
 20
38.38812
  0
SPLINE
  5
5C9
330
1F
100
AcDbEntity
  8
0
 62
     7
100
AcDbSpline
210
0.0
220
0.0
230
1.0
 70
     8
 71
     3
 72
     8
 73
     4
 74
     0
 42
0.000000001
 43
0.0000000001
 40
0.0
 40
0.0
 40
0.0
 40
0.0
 40
1.0
 40
1.0
 40
1.0
 40
1.0
 10
44.049813
 20
42.485115
 30
0.0
 10
44.335753
 20
42.29129499999999
 30
0.0
 10
44.643083
 20
42.131125
 30
0.0
 10
44.961783
 20
42.00026499999998
 30
0.0
  0
SPLINE
  5
5CA
330
1F
100
AcDbEntity
  8
0
 62
     7
100
AcDbSpline
210
0.0
220
0.0
230
1.0
 70
     8
 71
     3
 72
     8
 73
     4
 74
     0
 42
0.000000001
 43
0.0000000001
 40
0.0
 40
0.0
 40
0.0
 40
0.0
 40
1.0
 40
1.0
 40
1.0
 40
1.0
 10
44.961783
 20
42.00026499999998
 30
0.0
 10
45.280483
 20
41.869405
 30
0.0
 10
45.611443
 20
41.767865
 30
0.0
 10
45.950923
 20
41.70325499999999
 30
0.0
  0
SPLINE
  5
5CB
330
1F
100
AcDbEntity
  8
0
 62
     7
100
AcDbSpline
210
0.0
220
0.0
230
1.0
 70
     8
 71
     3
 72
     8
 73
     4
 74
     0
 42
0.000000001
 43
0.0000000001
 40
0.0
 40
0.0
 40
0.0
 40
0.0
 40
1.0
 40
1.0
 40
1.0
 40
1.0
 10
45.950923
 20
41.70325499999999
 30
0.0
 10
46.28906299999999
 20
41.64415499999999
 30
0.0
 10
46.643353
 20
41.60216499999999
 30
0.0
 10
46.98732299999998
 20
41.67815499999998
 30
0.0
  0
SPLINE
  5
5CC
330
1F
100
AcDbEntity
  8
0
 62
     7
100
AcDbSpline
210
0.0
220
0.0
230
1.0
 70
     8
 71
     3
 72
     8
 73
     4
 74
     0
 42
0.000000001
 43
0.0000000001
 40
0.0
 40
0.0
 40
0.0
 40
0.0
 40
1.0
 40
1.0
 40
1.0
 40
1.0
 10
46.98732299999998
 20
41.67815499999998
 30
0.0
 10
46.655763
 20
41.77465499999999
 30
0.0
 10
46.349333
 20
41.896205
 30
0.0
 10
46.038563
 20
42.014495
 30
0.0
  0
SPLINE
  5
5CD
330
1F
100
AcDbEntity
  8
0
 62
     7
100
AcDbSpline
210
0.0
220
0.0
230
1.0
 70
     8
 71
     3
 72
     8
 73
     4
 74
     0
 42
0.000000001
 43
0.0000000001
 40
0.0
 40
0.0
 40
0.0
 40
0.0
 40
1.0
 40
1.0
 40
1.0
 40
1.0
 10
46.038563
 20
42.014495
 30
0.0
 10
45.729133
 20
42.133395
 30
0.0
 10
45.42300299999999
 20
42.25602499999999
 30
0.0
 10
45.11792299999998
 20
42.38060499999998
 30
0.0
  0
SPLINE
  5
5CE
330
1F
100
AcDbEntity
  8
0
 62
     7
100
AcDbSpline
210
0.0
220
0.0
230
1.0
 70
     8
 71
     3
 72
     8
 73
     4
 74
     0
 42
0.000000001
 43
0.0000000001
 40
0.0
 40
0.0
 40
0.0
 40
0.0
 40
1.0
 40
1.0
 40
1.0
 40
1.0
 10
45.11792299999998
 20
42.38060499999998
 30
0.0
 10
44.81268299999999
 20
42.50533499999998
 30
0.0
 10
44.508643
 20
42.632745
 30
0.0
 10
44.205503
 20
42.767195
 30
0.0
  0
SPLINE
  5
5CF
330
1F
100
AcDbEntity
  8
0
 62
     7
100
AcDbSpline
210
0.0
220
0.0
230
1.0
 70
     8
 71
     3
 72
     8
 73
     4
 74
     0
 42
0.000000001
 43
0.0000000001
 40
0.0
 40
0.0
 40
0.0
 40
0.0
 40
1.0
 40
1.0
 40
1.0
 40
1.0
 10
44.205503
 20
42.767195
 30
0.0
 10
43.900413
 20
42.898955
 30
0.0
 10
43.598913
 20
43.039085
 30
0.0
 10
43.27737299999999
 20
43.17233499999999
 30
0.0
  0
SPLINE
  5
5D0
330
1F
100
AcDbEntity
  8
0
 62
     7
100
AcDbSpline
210
0.0
220
0.0
230
1.0
 70
     8
 71
     3
 72
     8
 73
     4
 74
     0
 42
0.000000001
 43
0.0000000001
 40
0.0
 40
0.0
 40
0.0
 40
0.0
 40
1.0
 40
1.0
 40
1.0
 40
1.0
 10
43.27737299999999
 20
43.17233499999999
 30
0.0
 10
43.496173
 20
42.90179499999999
 30
0.0
 10
43.765213
 20
42.680305
 30
0.0
 10
44.049813
 20
42.485145
 30
0.0
  0
LWPOLYLINE
  5
5D1
330
1F
100
AcDbEntity
  8
0
 62
     7
100
AcDbPolyline
 90
        2
 70
     0
 43
0.0
 10
46.132483
 20
37.71144
 10
45.185963
 20
37.94021
  0
SPLINE
  5
5D2
330
1F
100
AcDbEntity
  8
0
 62
     7
100
AcDbSpline
210
0.0
220
0.0
230
1.0
 70
     8
 71
     3
 72
     8
 73
     4
 74
     0
 42
0.000000001
 43
0.0000000001
 40
0.0
 40
0.0
 40
0.0
 40
0.0
 40
1.0
 40
1.0
 40
1.0
 40
1.0
 10
44.977033
 20
46.616205
 30
0.0
 10
45.071433
 20
46.797465
 30
0.0
 10
44.887933
 20
47.079815
 30
0.0
 10
44.56726299999998
 20
47.24672499999999
 30
0.0
  0
SPLINE
  5
5D3
330
1F
100
AcDbEntity
  8
0
 62
     7
100
AcDbSpline
210
0.0
220
0.0
230
1.0
 70
     8
 71
     3
 72
     8
 73
     4
 74
     0
 42
0.000000001
 43
0.0000000001
 40
0.0
 40
0.0
 40
0.0
 40
0.0
 40
1.0
 40
1.0
 40
1.0
 40
1.0
 10
44.56726299999998
 20
47.24672499999999
 30
0.0
 10
44.246623
 20
47.413625
 30
0.0
 10
43.910133
 20
47.401955
 30
0.0
 10
43.815763
 20
47.220725
 30
0.0
  0
SPLINE
  5
5D4
330
1F
100
AcDbEntity
  8
0
 62
     7
100
AcDbSpline
210
0.0
220
0.0
230
1.0
 70
     8
 71
     3
 72
     8
 73
     4
 74
     0
 42
0.000000001
 43
0.0000000001
 40
0.0
 40
0.0
 40
0.0
 40
0.0
 40
1.0
 40
1.0
 40
1.0
 40
1.0
 10
43.815763
 20
47.220725
 30
0.0
 10
43.721363
 20
47.03946499999999
 30
0.0
 10
43.904863
 20
46.757105
 30
0.0
 10
44.225543
 20
46.59020499999999
 30
0.0
  0
SPLINE
  5
5D5
330
1F
100
AcDbEntity
  8
0
 62
     7
100
AcDbSpline
210
0.0
220
0.0
230
1.0
 70
     8
 71
     3
 72
     8
 73
     4
 74
     0
 42
0.000000001
 43
0.0000000001
 40
0.0
 40
0.0
 40
0.0
 40
0.0
 40
1.0
 40
1.0
 40
1.0
 40
1.0
 10
44.225543
 20
46.59020499999999
 30
0.0
 10
44.54617299999998
 20
46.42330499999999
 30
0.0
 10
44.88267299999999
 20
46.434975
 30
0.0
 10
44.977033
 20
46.616205
 30
0.0
  0
LWPOLYLINE
  5
5D6
330
1F
100
AcDbEntity
  8
0
 62
     7
100
AcDbPolyline
 90
        2
 70
     1
 43
0.0
 10
44.049813
 20
42.485145
 10
44.049813
 20
42.485145
  0
SPLINE
  5
5D7
330
1F
100
AcDbEntity
  8
0
 62
     7
100
AcDbSpline
210
0.0
220
0.0
230
1.0
 70
     8
 71
     3
 72
     8
 73
     4
 74
     0
 42
0.000000001
 43
0.0000000001
 40
0.0
 40
0.0
 40
0.0
 40
0.0
 40
1.0
 40
1.0
 40
1.0
 40
1.0
 10
48.604733
 20
41.222745
 30
0.0
 10
48.573533
 20
41.077085
 30
0.0
 10
48.735293
 20
40.918855
 30
0.0
 10
48.966053
 20
40.869354
 30
0.0
  0
SPLINE
  5
5D8
330
1F
100
AcDbEntity
  8
0
 62
     7
100
AcDbSpline
210
0.0
220
0.0
230
1.0
 70
     8
 71
     3
 72
     8
 73
     4
 74
     0
 42
0.000000001
 43
0.0000000001
 40
0.0
 40
0.0
 40
0.0
 40
0.0
 40
1.0
 40
1.0
 40
1.0
 40
1.0
 10
48.966053
 20
40.869354
 30
0.0
 10
49.196813
 20
40.81985399999999
 30
0.0
 10
49.40917299999998
 20
40.89785399999999
 30
0.0
 10
49.440433
 20
41.043735
 30
0.0
  0
SPLINE
  5
5D9
330
1F
100
AcDbEntity
  8
0
 62
     7
100
AcDbSpline
210
0.0
220
0.0
230
1.0
 70
     8
 71
     3
 72
     8
 73
     4
 74
     0
 42
0.000000001
 43
0.0000000001
 40
0.0
 40
0.0
 40
0.0
 40
0.0
 40
1.0
 40
1.0
 40
1.0
 40
1.0
 10
49.440433
 20
41.043735
 30
0.0
 10
49.471633
 20
41.189395
 30
0.0
 10
49.30987299999999
 20
41.34762499999999
 30
0.0
 10
49.079113
 20
41.397125
 30
0.0
  0
SPLINE
  5
5DA
330
1F
100
AcDbEntity
  8
0
 62
     7
100
AcDbSpline
210
0.0
220
0.0
230
1.0
 70
     8
 71
     3
 72
     8
 73
     4
 74
     0
 42
0.000000001
 43
0.0000000001
 40
0.0
 40
0.0
 40
0.0
 40
0.0
 40
1.0
 40
1.0
 40
1.0
 40
1.0
 10
49.079113
 20
41.397125
 30
0.0
 10
48.84820300000001
 20
41.446525
 30
0.0
 10
48.635843
 20
41.368425
 30
0.0
 10
48.604733
 20
41.222745
 30
0.0
  0
LWPOLYLINE
  5
5DB
330
1F
100
AcDbEntity
  8
0
 62
     7
100
AcDbPolyline
 90
        2
 70
     1
 43
0.0
 10
44.977033
 20
46.616205
 10
44.977033
 20
46.616205
  0
SPLINE
  5
5DC
330
1F
100
AcDbEntity
  8
0
 62
     7
100
AcDbSpline
210
0.0
220
0.0
230
1.0
 70
     8
 71
     3
 72
     8
 73
     4
 74
     0
 42
0.000000001
 43
0.0000000001
 40
0.0
 40
0.0
 40
0.0
 40
0.0
 40
1.0
 40
1.0
 40
1.0
 40
1.0
 10
69.627773
 20
57.121375
 30
0.0
 10
70.14193299999999
 20
57.82053499999999
 30
0.0
 10
70.080173
 20
59.53754499999998
 30
0.0
 10
69.761473
 20
60.45265500000001
 30
0.0
  0
SPLINE
  5
5DD
330
1F
100
AcDbEntity
  8
0
 62
     7
100
AcDbSpline
210
0.0
220
0.0
230
1.0
 70
     8
 71
     3
 72
     8
 73
     4
 74
     0
 42
0.000000001
 43
0.0000000001
 40
0.0
 40
0.0
 40
0.0
 40
0.0
 40
1.0
 40
1.0
 40
1.0
 40
1.0
 10
69.761473
 20
60.45265500000001
 30
0.0
 10
70.98496299999998
 20
58.972085
 30
0.0
 10
70.738203
 20
56.576405
 30
0.0
 10
70.35789300000001
 20
55.332425
 30
0.0
  0
SPLINE
  5
5DE
330
1F
100
AcDbEntity
  8
0
 62
     7
100
AcDbSpline
210
0.0
220
0.0
230
1.0
 70
     8
 71
     3
 72
     8
 73
     4
 74
     0
 42
0.000000001
 43
0.0000000001
 40
0.0
 40
0.0
 40
0.0
 40
0.0
 40
1.0
 40
1.0
 40
1.0
 40
1.0
 10
70.35789300000001
 20
55.332425
 30
0.0
 10
71.067373
 20
56.175605
 30
0.0
 10
71.45800300000002
 20
58.12905500000001
 30
0.0
 10
71.314133
 20
59.609625
 30
0.0
  0
SPLINE
  5
5DF
330
1F
100
AcDbEntity
  8
0
 62
     7
100
AcDbSpline
210
0.0
220
0.0
230
1.0
 70
     8
 71
     3
 72
     8
 73
     4
 74
     0
 42
0.000000001
 43
0.0000000001
 40
0.0
 40
0.0
 40
0.0
 40
0.0
 40
1.0
 40
1.0
 40
1.0
 40
1.0
 10
71.314133
 20
59.609625
 30
0.0
 10
72.280683
 20
57.224265
 30
0.0
 10
71.39633299999998
 20
54.263125
 30
0.0
 10
70.666413
 20
52.710615
 30
0.0
  0
SPLINE
  5
5E0
330
1F
100
AcDbEntity
  8
0
 62
     7
100
AcDbSpline
210
0.0
220
0.0
230
1.0
 70
     8
 71
     3
 72
     8
 73
     4
 74
     0
 42
0.000000001
 43
0.0000000001
 40
0.0
 40
0.0
 40
0.0
 40
0.0
 40
1.0
 40
1.0
 40
1.0
 40
1.0
 10
70.666413
 20
52.710615
 30
0.0
 10
71.735713
 20
53.563965
 30
0.0
 10
72.30117299999998
 20
56.04190500000001
 30
0.0
 10
72.390313
 20
57.11464499999999
 30
0.0
  0
SPLINE
  5
5E1
330
1F
100
AcDbEntity
  8
0
 62
     7
100
AcDbSpline
210
0.0
220
0.0
230
1.0
 70
     8
 71
     3
 72
     8
 73
     4
 74
     0
 42
0.000000001
 43
0.0000000001
 40
0.0
 40
0.0
 40
0.0
 40
0.0
 40
1.0
 40
1.0
 40
1.0
 40
1.0
 10
72.390313
 20
57.11464499999999
 30
0.0
 10
73.404723
 20
52.598905
 30
0.0
 10
69.963813
 20
49.040005
 30
0.0
 10
68.017093
 20
47.669205
 30
0.0
  0
SPLINE
  5
5E2
330
1F
100
AcDbEntity
  8
0
 62
     7
100
AcDbSpline
210
0.0
220
0.0
230
1.0
 70
     8
 71
     3
 72
     8
 73
     4
 74
     0
 42
0.000000001
 43
0.0000000001
 40
0.0
 40
0.0
 40
0.0
 40
0.0
 40
1.0
 40
1.0
 40
1.0
 40
1.0
 10
68.017093
 20
47.669205
 30
0.0
 10
72.445043
 20
49.190905
 30
0.0
 10
73.34983299999997
 20
53.111725
 30
0.0
 10
73.69261299999998
 20
54.57853499999998
 30
0.0
  0
SPLINE
  5
5E3
330
1F
100
AcDbEntity
  8
0
 62
     7
100
AcDbSpline
210
0.0
220
0.0
230
1.0
 70
     8
 71
     3
 72
     8
 73
     4
 74
     0
 42
0.000000001
 43
0.0000000001
 40
0.0
 40
0.0
 40
0.0
 40
0.0
 40
1.0
 40
1.0
 40
1.0
 40
1.0
 10
73.69261299999998
 20
54.57853499999998
 30
0.0
 10
73.74751299999998
 20
52.316555
 30
0.0
 10
72.23941299999999
 20
49.629545
 30
0.0
 10
72.23941299999999
 20
49.629545
 30
0.0
  0
SPLINE
  5
5E4
330
1F
100
AcDbEntity
  8
0
 62
     7
100
AcDbSpline
210
0.0
220
0.0
230
1.0
 70
     8
 71
     3
 72
     8
 73
     4
 74
     0
 42
0.000000001
 43
0.0000000001
 40
0.0
 40
0.0
 40
0.0
 40
0.0
 40
1.0
 40
1.0
 40
1.0
 40
1.0
 10
72.23941299999999
 20
49.629545
 30
0.0
 10
72.23941299999999
 20
49.629545
 30
0.0
 10
72.993453
 20
50.164185
 30
0.0
 10
73.651483
 20
51.219735
 30
0.0
  0
SPLINE
  5
5E5
330
1F
100
AcDbEntity
  8
0
 62
     7
100
AcDbSpline
210
0.0
220
0.0
230
1.0
 70
     8
 71
     3
 72
     8
 73
     4
 74
     0
 42
0.000000001
 43
0.0000000001
 40
0.0
 40
0.0
 40
0.0
 40
0.0
 40
1.0
 40
1.0
 40
1.0
 40
1.0
 10
73.651483
 20
51.219735
 30
0.0
 10
73.34983299999997
 20
49.807655
 30
0.0
 10
72.36279300000003
 20
48.135215
 30
0.0
 10
72.36279300000003
 20
48.135215
 30
0.0
  0
SPLINE
  5
5E6
330
1F
100
AcDbEntity
  8
0
 62
     7
100
AcDbSpline
210
0.0
220
0.0
230
1.0
 70
     8
 71
     3
 72
     8
 73
     4
 74
     0
 42
0.000000001
 43
0.0000000001
 40
0.0
 40
0.0
 40
0.0
 40
0.0
 40
1.0
 40
1.0
 40
1.0
 40
1.0
 10
72.36279300000003
 20
48.135215
 30
0.0
 10
72.36279300000003
 20
48.135215
 30
0.0
 10
73.322473
 20
49.136015
 30
0.0
 10
74.22726299999998
 20
50.534335
 30
0.0
  0
SPLINE
  5
5E7
330
1F
100
AcDbEntity
  8
0
 62
     7
100
AcDbSpline
210
0.0
220
0.0
230
1.0
 70
     8
 71
     3
 72
     8
 73
     4
 74
     0
 42
0.000000001
 43
0.0000000001
 40
0.0
 40
0.0
 40
0.0
 40
0.0
 40
1.0
 40
1.0
 40
1.0
 40
1.0
 10
74.22726299999998
 20
50.534335
 30
0.0
 10
73.651483
 20
47.189295
 30
0.0
 10
70.73147299999998
 20
45.324975
 30
0.0
 10
68.37347300000001
 20
44.036275
 30
0.0
  0
SPLINE
  5
5E8
330
1F
100
AcDbEntity
  8
0
 62
     7
100
AcDbSpline
210
0.0
220
0.0
230
1.0
 70
     8
 71
     3
 72
     8
 73
     4
 74
     0
 42
0.000000001
 43
0.0000000001
 40
0.0
 40
0.0
 40
0.0
 40
0.0
 40
1.0
 40
1.0
 40
1.0
 40
1.0
 10
68.37347300000001
 20
44.036275
 30
0.0
 10
74.007863
 20
45.736235
 30
0.0
 10
74.967543
 20
49.067525
 30
0.0
 10
75.337693
 20
50.863345
 30
0.0
  0
SPLINE
  5
5E9
330
1F
100
AcDbEntity
  8
0
 62
     7
100
AcDbSpline
210
0.0
220
0.0
230
1.0
 70
     8
 71
     3
 72
     8
 73
     4
 74
     0
 42
0.000000001
 43
0.0000000001
 40
0.0
 40
0.0
 40
0.0
 40
0.0
 40
1.0
 40
1.0
 40
1.0
 40
1.0
 10
75.337693
 20
50.863345
 30
0.0
 10
75.70783299999998
 20
48.83436500000001
 30
0.0
 10
74.254633
 20
46.558785
 30
0.0
 10
72.637073
 20
44.858815
 30
0.0
  0
SPLINE
  5
5EA
330
1F
100
AcDbEntity
  8
0
 62
     7
100
AcDbSpline
210
0.0
220
0.0
230
1.0
 70
     8
 71
     3
 72
     8
 73
     4
 74
     0
 42
0.000000001
 43
0.0000000001
 40
0.0
 40
0.0
 40
0.0
 40
0.0
 40
1.0
 40
1.0
 40
1.0
 40
1.0
 10
72.637073
 20
44.858815
 30
0.0
 10
73.829753
 20
45.36609499999999
 30
0.0
 10
74.72078299999998
 20
46.572385
 30
0.0
 10
74.72078299999998
 20
46.51765499999998
 30
0.0
  0
SPLINE
  5
5EB
330
1F
100
AcDbEntity
  8
0
 62
     7
100
AcDbSpline
210
0.0
220
0.0
230
1.0
 70
     8
 71
     3
 72
     8
 73
     4
 74
     0
 42
0.000000001
 43
0.0000000001
 40
0.0
 40
0.0
 40
0.0
 40
0.0
 40
1.0
 40
1.0
 40
1.0
 40
1.0
 10
74.72078299999998
 20
46.51765499999998
 30
0.0
 10
74.72078299999998
 20
46.462755
 30
0.0
 10
73.528103
 20
44.14605499999999
 30
0.0
 10
72.43143299999998
 20
43.021865
 30
0.0
  0
SPLINE
  5
5EC
330
1F
100
AcDbEntity
  8
0
 62
     7
100
AcDbSpline
210
0.0
220
0.0
230
1.0
 70
     8
 71
     3
 72
     8
 73
     4
 74
     0
 42
0.000000001
 43
0.0000000001
 40
0.0
 40
0.0
 40
0.0
 40
0.0
 40
1.0
 40
1.0
 40
1.0
 40
1.0
 10
72.43143299999998
 20
43.021865
 30
0.0
 10
73.048343
 20
43.26862499999999
 30
0.0
 10
73.87088299999998
 20
43.981535
 30
0.0
 10
74.638533
 20
45.051745
 30
0.0
  0
SPLINE
  5
5ED
330
1F
100
AcDbEntity
  8
0
 62
     7
100
AcDbSpline
210
0.0
220
0.0
230
1.0
 70
     8
 71
     3
 72
     8
 73
     4
 74
     0
 42
0.000000001
 43
0.0000000001
 40
0.0
 40
0.0
 40
0.0
 40
0.0
 40
1.0
 40
1.0
 40
1.0
 40
1.0
 10
74.638533
 20
45.051745
 30
0.0
 10
73.925613
 20
42.256005
 30
0.0
 10
71.814533
 20
40.91077499999999
 30
0.0
 10
69.237143
 20
39.29307
 30
0.0
  0
SPLINE
  5
5EE
330
1F
100
AcDbEntity
  8
0
 62
     7
100
AcDbSpline
210
0.0
220
0.0
230
1.0
 70
     8
 71
     3
 72
     8
 73
     4
 74
     0
 42
0.000000001
 43
0.0000000001
 40
0.0
 40
0.0
 40
0.0
 40
0.0
 40
1.0
 40
1.0
 40
1.0
 40
1.0
 10
69.237143
 20
39.29307
 30
0.0
 10
74.14501300000002
 20
40.55424399999998
 30
0.0
 10
75.296563
 20
43.885525
 30
0.0
 10
76.223943
 20
46.133905
 30
0.0
  0
SPLINE
  5
5EF
330
1F
100
AcDbEntity
  8
0
 62
     7
100
AcDbSpline
210
0.0
220
0.0
230
1.0
 70
     8
 71
     3
 72
     8
 73
     4
 74
     0
 42
0.000000001
 43
0.0000000001
 40
0.0
 40
0.0
 40
0.0
 40
0.0
 40
1.0
 40
1.0
 40
1.0
 40
1.0
 10
76.223943
 20
46.133905
 30
0.0
 10
75.99991300000002
 20
43.981535
 30
0.0
 10
74.864653
 20
42.213085
 30
0.0
 10
73.493703
 20
40.526884
 30
0.0
  0
SPLINE
  5
5F0
330
1F
100
AcDbEntity
  8
0
 62
     7
100
AcDbSpline
210
0.0
220
0.0
230
1.0
 70
     8
 71
     3
 72
     8
 73
     4
 74
     0
 42
0.000000001
 43
0.0000000001
 40
0.0
 40
0.0
 40
0.0
 40
0.0
 40
1.0
 40
1.0
 40
1.0
 40
1.0
 10
73.493703
 20
40.526884
 30
0.0
 10
74.330003
 20
41.061525
 30
0.0
 10
75.25528299999997
 20
41.870305
 30
0.0
 10
76.077823
 20
43.062995
 30
0.0
  0
SPLINE
  5
5F1
330
1F
100
AcDbEntity
  8
0
 62
     7
100
AcDbSpline
210
0.0
220
0.0
230
1.0
 70
     8
 71
     3
 72
     8
 73
     4
 74
     0
 42
0.000000001
 43
0.0000000001
 40
0.0
 40
0.0
 40
0.0
 40
0.0
 40
1.0
 40
1.0
 40
1.0
 40
1.0
 10
76.077823
 20
43.062995
 30
0.0
 10
75.159273
 20
40.677624
 30
0.0
 10
72.89729300000002
 20
38.89541
 30
0.0
 10
72.89729300000002
 20
38.89541
 30
0.0
  0
SPLINE
  5
5F2
330
1F
100
AcDbEntity
  8
0
 62
     7
100
AcDbSpline
210
0.0
220
0.0
230
1.0
 70
     8
 71
     3
 72
     8
 73
     4
 74
     0
 42
0.000000001
 43
0.0000000001
 40
0.0
 40
0.0
 40
0.0
 40
0.0
 40
1.0
 40
1.0
 40
1.0
 40
1.0
 10
72.89729300000002
 20
38.89541
 30
0.0
 10
72.89729300000002
 20
38.89541
 30
0.0
 10
74.446353
 20
39.55343
 30
0.0
 10
75.33753299999998
 20
40.62274399999998
 30
0.0
  0
SPLINE
  5
5F3
330
1F
100
AcDbEntity
  8
0
 62
     7
100
AcDbSpline
210
0.0
220
0.0
230
1.0
 70
     8
 71
     3
 72
     8
 73
     4
 74
     0
 42
0.000000001
 43
0.0000000001
 40
0.0
 40
0.0
 40
0.0
 40
0.0
 40
1.0
 40
1.0
 40
1.0
 40
1.0
 10
75.33753299999998
 20
40.62274399999998
 30
0.0
 10
74.412113
 20
38.38139
 30
0.0
 10
72.280393
 20
36.45516
 30
0.0
 10
69.25763299999998
 20
34.83072
 30
0.0
  0
SPLINE
  5
5F4
330
1F
100
AcDbEntity
  8
0
 62
     7
100
AcDbSpline
210
0.0
220
0.0
230
1.0
 70
     8
 71
     3
 72
     8
 73
     4
 74
     0
 42
0.000000001
 43
0.0000000001
 40
0.0
 40
0.0
 40
0.0
 40
0.0
 40
1.0
 40
1.0
 40
1.0
 40
1.0
 10
69.25763299999998
 20
34.83072
 30
0.0
 10
73.144203
 20
35.571
 30
0.0
 10
75.262163
 20
38.01813
 30
0.0
 10
76.45484300000003
 20
40.13609399999999
 30
0.0
  0
SPLINE
  5
5F5
330
1F
100
AcDbEntity
  8
0
 62
     7
100
AcDbSpline
210
0.0
220
0.0
230
1.0
 70
     8
 71
     3
 72
     8
 73
     4
 74
     0
 42
0.000000001
 43
0.0000000001
 40
0.0
 40
0.0
 40
0.0
 40
0.0
 40
1.0
 40
1.0
 40
1.0
 40
1.0
 10
76.45484300000003
 20
40.13609399999999
 30
0.0
 10
75.796813
 20
37.91524000000001
 30
0.0
 10
75.44731299999998
 20
36.22903
 30
0.0
 10
72.23926299999998
 20
33.47353
 30
0.0
  0
SPLINE
  5
5F6
330
1F
100
AcDbEntity
  8
0
 62
     7
100
AcDbSpline
210
0.0
220
0.0
230
1.0
 70
     8
 71
     3
 72
     8
 73
     4
 74
     0
 42
0.000000001
 43
0.0000000001
 40
0.0
 40
0.0
 40
0.0
 40
0.0
 40
1.0
 40
1.0
 40
1.0
 40
1.0
 10
72.23926299999998
 20
33.47353
 30
0.0
 10
73.226303
 20
33.78206
 30
0.0
 10
74.80977299999998
 20
35.01587
 30
0.0
 10
76.223793
 20
36.76369000000001
 30
0.0
  0
SPLINE
  5
5F7
330
1F
100
AcDbEntity
  8
0
 62
     7
100
AcDbSpline
210
0.0
220
0.0
230
1.0
 70
     8
 71
     3
 72
     8
 73
     4
 74
     0
 42
0.000000001
 43
0.0000000001
 40
0.0
 40
0.0
 40
0.0
 40
0.0
 40
1.0
 40
1.0
 40
1.0
 40
1.0
 10
76.223793
 20
36.76369000000001
 30
0.0
 10
74.69730300000001
 20
33.86416
 30
0.0
 10
73.226303
 20
32.34246
 30
0.0
 10
69.298613
 20
30.63577
 30
0.0
  0
SPLINE
  5
5F8
330
1F
100
AcDbEntity
  8
0
 62
     7
100
AcDbSpline
210
0.0
220
0.0
230
1.0
 70
     8
 71
     3
 72
     8
 73
     4
 74
     0
 42
0.000000001
 43
0.0000000001
 40
0.0
 40
0.0
 40
0.0
 40
0.0
 40
1.0
 40
1.0
 40
1.0
 40
1.0
 10
69.298613
 20
30.63577
 30
0.0
 10
72.259753
 20
30.82092
 30
0.0
 10
74.25448299999998
 20
32.52761
 30
0.0
 10
76.223793
 20
34.85136
 30
0.0
  0
SPLINE
  5
5F9
330
1F
100
AcDbEntity
  8
0
 62
     7
100
AcDbSpline
210
0.0
220
0.0
230
1.0
 70
     8
 71
     3
 72
     8
 73
     4
 74
     0
 42
0.000000001
 43
0.0000000001
 40
0.0
 40
0.0
 40
0.0
 40
0.0
 40
1.0
 40
1.0
 40
1.0
 40
1.0
 10
76.223793
 20
34.85136
 30
0.0
 10
74.660813
 20
31.1589
 30
0.0
 10
71.78686299999998
 20
30.38916
 30
0.0
 10
68.023673
 20
29.46373
 30
0.0
  0
SPLINE
  5
5FA
330
1F
100
AcDbEntity
  8
0
 62
     7
100
AcDbSpline
210
0.0
220
0.0
230
1.0
 70
     8
 71
     3
 72
     8
 73
     4
 74
     0
 42
0.000000001
 43
0.0000000001
 40
0.0
 40
0.0
 40
0.0
 40
0.0
 40
1.0
 40
1.0
 40
1.0
 40
1.0
 10
68.023673
 20
29.46373
 30
0.0
 10
71.437213
 20
29.01133
 30
0.0
 10
73.514193
 20
30.40965
 30
0.0
 10
75.488283
 20
31.89022
 30
0.0
  0
SPLINE
  5
5FB
330
1F
100
AcDbEntity
  8
0
 62
     7
100
AcDbSpline
210
0.0
220
0.0
230
1.0
 70
     8
 71
     3
 72
     8
 73
     4
 74
     0
 42
0.000000001
 43
0.0000000001
 40
0.0
 40
0.0
 40
0.0
 40
0.0
 40
1.0
 40
1.0
 40
1.0
 40
1.0
 10
75.488283
 20
31.89022
 30
0.0
 10
74.33673299999998
 20
30.18353
 30
0.0
 10
72.259753
 20
28.99069
 30
0.0
 10
69.648263
 20
28.7028
 30
0.0
  0
SPLINE
  5
5FC
330
1F
100
AcDbEntity
  8
0
 62
     7
100
AcDbSpline
210
0.0
220
0.0
230
1.0
 70
     8
 71
     3
 72
     8
 73
     4
 74
     0
 42
0.000000001
 43
0.0000000001
 40
0.0
 40
0.0
 40
0.0
 40
0.0
 40
1.0
 40
1.0
 40
1.0
 40
1.0
 10
69.648263
 20
28.7028
 30
0.0
 10
72.23926299999998
 20
28.39428
 30
0.0
 10
73.80208299999998
 20
29.19633
 30
0.0
 10
74.933003
 20
30.20401
 30
0.0
  0
SPLINE
  5
5FD
330
1F
100
AcDbEntity
  8
0
 62
     7
100
AcDbSpline
210
0.0
220
0.0
230
1.0
 70
     8
 71
     3
 72
     8
 73
     4
 74
     0
 42
0.000000001
 43
0.0000000001
 40
0.0
 40
0.0
 40
0.0
 40
0.0
 40
1.0
 40
1.0
 40
1.0
 40
1.0
 10
74.933003
 20
30.20401
 30
0.0
 10
72.876653
 20
25.86505
 30
0.0
 10
65.55606299999999
 20
28.66168
 30
0.0
 10
62.965063
 20
30.10112
 30
0.0
  0
SPLINE
  5
5FE
330
1F
100
AcDbEntity
  8
0
 62
     7
100
AcDbSpline
210
0.0
220
0.0
230
1.0
 70
     8
 71
     3
 72
     8
 73
     4
 74
     0
 42
0.000000001
 43
0.0000000001
 40
0.0
 40
0.0
 40
0.0
 40
0.0
 40
1.0
 40
1.0
 40
1.0
 40
1.0
 10
62.965063
 20
30.10112
 30
0.0
 10
65.658803
 20
27.65399
 30
0.0
 10
69.277973
 20
25.43314
 30
0.0
 10
72.156853
 20
25.86505
 30
0.0
  0
SPLINE
  5
5FF
330
1F
100
AcDbEntity
  8
0
 62
     7
100
AcDbSpline
210
0.0
220
0.0
230
1.0
 70
     8
 71
     3
 72
     8
 73
     4
 74
     0
 42
0.000000001
 43
0.0000000001
 40
0.0
 40
0.0
 40
0.0
 40
0.0
 40
1.0
 40
1.0
 40
1.0
 40
1.0
 10
72.156853
 20
25.86505
 30
0.0
 10
77.983723
 20
26.73903
 30
0.0
 10
77.54448299999999
 20
32.19859
 30
0.0
 10
78.09962299999998
 20
34.04931
 30
0.0
  0
SPLINE
  5
600
330
1F
100
AcDbEntity
  8
0
 62
     7
100
AcDbSpline
210
0.0
220
0.0
230
1.0
 70
     8
 71
     3
 72
     8
 73
     4
 74
     0
 42
0.000000001
 43
0.0000000001
 40
0.0
 40
0.0
 40
0.0
 40
0.0
 40
1.0
 40
1.0
 40
1.0
 40
1.0
 10
78.09962299999998
 20
34.04931
 30
0.0
 10
78.388263
 20
35.01123
 30
0.0
 10
79.045543
 20
34.7691
 30
0.0
 10
79.909213
 20
33.74078
 30
0.0
  0
SPLINE
  5
601
330
1F
100
AcDbEntity
  8
0
 62
     7
100
AcDbSpline
210
0.0
220
0.0
230
1.0
 70
     8
 71
     3
 72
     8
 73
     4
 74
     0
 42
0.000000001
 43
0.0000000001
 40
0.0
 40
0.0
 40
0.0
 40
0.0
 40
1.0
 40
1.0
 40
1.0
 40
1.0
 10
79.909213
 20
33.74078
 30
0.0
 10
79.909213
 20
34.41945
 30
0.0
 10
79.251183
 20
35.52988
 30
0.0
 10
78.73702299999997
 20
36.51692
 30
0.0
  0
SPLINE
  5
602
330
1F
100
AcDbEntity
  8
0
 62
     7
100
AcDbSpline
210
0.0
220
0.0
230
1.0
 70
     8
 71
     3
 72
     8
 73
     4
 74
     0
 42
0.000000001
 43
0.0000000001
 40
0.0
 40
0.0
 40
0.0
 40
0.0
 40
1.0
 40
1.0
 40
1.0
 40
1.0
 10
78.73702299999997
 20
36.51692
 30
0.0
 10
78.222853
 20
37.50397
 30
0.0
 10
77.811593
 20
39.33419
 30
0.0
 10
77.77061299999998
 20
40.69138399999999
 30
0.0
  0
SPLINE
  5
603
330
1F
100
AcDbEntity
  8
0
 62
     7
100
AcDbSpline
210
0.0
220
0.0
230
1.0
 70
     8
 71
     3
 72
     8
 73
     4
 74
     0
 42
0.000000001
 43
0.0000000001
 40
0.0
 40
0.0
 40
0.0
 40
0.0
 40
1.0
 40
1.0
 40
1.0
 40
1.0
 10
77.77061299999998
 20
40.69138399999999
 30
0.0
 10
77.99673299999998
 20
40.280114
 30
0.0
 10
79.14828299999998
 20
38.98454
 30
0.0
 10
80.03259300000001
 20
38.82003
 30
0.0
  0
SPLINE
  5
604
330
1F
100
AcDbEntity
  8
0
 62
     7
100
AcDbSpline
210
0.0
220
0.0
230
1.0
 70
     8
 71
     3
 72
     8
 73
     4
 74
     0
 42
0.000000001
 43
0.0000000001
 40
0.0
 40
0.0
 40
0.0
 40
0.0
 40
1.0
 40
1.0
 40
1.0
 40
1.0
 10
80.03259300000001
 20
38.82003
 30
0.0
 10
79.744703
 20
39.53983
 30
0.0
 10
78.572513
 20
44.228155
 30
0.0
 10
77.54433299999998
 20
48.340845
 30
0.0
  0
SPLINE
  5
605
330
1F
100
AcDbEntity
  8
0
 62
     7
100
AcDbSpline
210
0.0
220
0.0
230
1.0
 70
     8
 71
     3
 72
     8
 73
     4
 74
     0
 42
0.000000001
 43
0.0000000001
 40
0.0
 40
0.0
 40
0.0
 40
0.0
 40
1.0
 40
1.0
 40
1.0
 40
1.0
 10
77.54433299999998
 20
48.340845
 30
0.0
 10
76.516163
 20
52.453535
 30
0.0
 10
74.80932299999998
 20
55.188555
 30
0.0
 10
74.02790300000003
 20
56.751235
 30
0.0
  0
SPLINE
  5
606
330
1F
100
AcDbEntity
  8
0
 62
     7
100
AcDbSpline
210
0.0
220
0.0
230
1.0
 70
     8
 71
     3
 72
     8
 73
     4
 74
     0
 42
0.000000001
 43
0.0000000001
 40
0.0
 40
0.0
 40
0.0
 40
0.0
 40
1.0
 40
1.0
 40
1.0
 40
1.0
 10
74.02790300000003
 20
56.751235
 30
0.0
 10
73.246493
 20
58.314055
 30
0.0
 10
73.863403
 20
58.33469499999999
 30
0.0
 10
72.094943
 20
60.699415
 30
0.0
  0
SPLINE
  5
607
330
1F
100
AcDbEntity
  8
0
 62
     7
100
AcDbSpline
210
0.0
220
0.0
230
1.0
 70
     8
 71
     3
 72
     8
 73
     4
 74
     0
 42
0.000000001
 43
0.0000000001
 40
0.0
 40
0.0
 40
0.0
 40
0.0
 40
1.0
 40
1.0
 40
1.0
 40
1.0
 10
72.094943
 20
60.699415
 30
0.0
 10
70.32648299999999
 20
63.06414499999998
 30
0.0
 10
69.647963
 20
63.557665
 30
0.0
 10
66.87182299999999
 20
64.97661499999999
 30
0.0
  0
SPLINE
  5
608
330
1F
100
AcDbEntity
  8
0
 62
     7
100
AcDbSpline
210
0.0
220
0.0
230
1.0
 70
     8
 71
     3
 72
     8
 73
     4
 74
     0
 42
0.000000001
 43
0.0000000001
 40
0.0
 40
0.0
 40
0.0
 40
0.0
 40
1.0
 40
1.0
 40
1.0
 40
1.0
 10
66.87182299999999
 20
64.97661499999999
 30
0.0
 10
67.57097299999999
 20
64.38035500000001
 30
0.0
 10
69.174933
 20
62.71463499999999
 30
0.0
 10
69.318803
 20
61.55620500000001
 30
0.0
  0
SPLINE
  5
609
330
1F
100
AcDbEntity
  8
0
 62
     7
100
AcDbSpline
210
0.0
220
0.0
230
1.0
 70
     8
 71
     3
 72
     8
 73
     4
 74
     0
 42
0.000000001
 43
0.0000000001
 40
0.0
 40
0.0
 40
0.0
 40
0.0
 40
1.0
 40
1.0
 40
1.0
 40
1.0
 10
69.318803
 20
61.55620500000001
 30
0.0
 10
67.20756300000001
 20
63.420675
 30
0.0
 10
65.04159300000001
 20
64.352835
 30
0.0
 10
62.10783299999999
 20
65.42213499999999
 30
0.0
  0
SPLINE
  5
60A
330
1F
100
AcDbEntity
  8
0
 62
     7
100
AcDbSpline
210
0.0
220
0.0
230
1.0
 70
     8
 71
     3
 72
     8
 73
     4
 74
     0
 42
0.000000001
 43
0.0000000001
 40
0.0
 40
0.0
 40
0.0
 40
0.0
 40
1.0
 40
1.0
 40
1.0
 40
1.0
 10
62.10783299999999
 20
65.42213499999999
 30
0.0
 10
68.85997299999999
 20
61.75510500000001
 30
0.0
 10
69.627773
 20
58.848705
 30
0.0
 10
69.627773
 20
57.121375
 30
0.0
  0
LWPOLYLINE
  5
60B
330
1F
100
AcDbEntity
  8
0
 62
     7
100
AcDbPolyline
 90
        2
 70
     1
 43
0.0
 10
48.604733
 20
41.222745
 10
48.604733
 20
41.222745
  0
SPLINE
  5
60C
330
1F
100
AcDbEntity
  8
0
 62
     7
100
AcDbSpline
210
0.0
220
0.0
230
1.0
 70
     8
 71
     3
 72
     8
 73
     4
 74
     0
 42
0.000000001
 43
0.0000000001
 40
0.0
 40
0.0
 40
0.0
 40
0.0
 40
1.0
 40
1.0
 40
1.0
 40
1.0
 10
66.00008299999998
 20
34.01865
 30
0.0
 10
65.65491299999999
 20
33.94595000000001
 30
0.0
 10
65.31049300000001
 20
33.86805
 30
0.0
 10
64.96428299999999
 20
33.78924
 30
0.0
  0
SPLINE
  5
60D
330
1F
100
AcDbEntity
  8
0
 62
     7
100
AcDbSpline
210
0.0
220
0.0
230
1.0
 70
     8
 71
     3
 72
     8
 73
     4
 74
     0
 42
0.000000001
 43
0.0000000001
 40
0.0
 40
0.0
 40
0.0
 40
0.0
 40
1.0
 40
1.0
 40
1.0
 40
1.0
 10
64.96428299999999
 20
33.78924
 30
0.0
 10
64.617323
 20
33.71114
 30
0.0
 10
64.273193
 20
33.62607
 30
0.0
 10
63.91786299999999
 20
33.53515
 30
0.0
  0
SPLINE
  5
60E
330
1F
100
AcDbEntity
  8
0
 62
     7
100
AcDbSpline
210
0.0
220
0.0
230
1.0
 70
     8
 71
     3
 72
     8
 73
     4
 74
     0
 42
0.000000001
 43
0.0000000001
 40
0.0
 40
0.0
 40
0.0
 40
0.0
 40
1.0
 40
1.0
 40
1.0
 40
1.0
 10
63.91786299999999
 20
33.53515
 30
0.0
 10
64.278583
 20
33.45485
 30
0.0
 10
64.64707299999999
 20
33.45195
 30
0.0
 10
65.00869300000001
 20
33.47145
 30
0.0
  0
SPLINE
  5
60F
330
1F
100
AcDbEntity
  8
0
 62
     7
100
AcDbSpline
210
0.0
220
0.0
230
1.0
 70
     8
 71
     3
 72
     8
 73
     4
 74
     0
 42
0.000000001
 43
0.0000000001
 40
0.0
 40
0.0
 40
0.0
 40
0.0
 40
1.0
 40
1.0
 40
1.0
 40
1.0
 10
65.00869300000001
 20
33.47145
 30
0.0
 10
65.37121299999999
 20
33.49235
 30
0.0
 10
65.73178299999999
 20
33.53975
 30
0.0
 10
66.086673
 20
33.61681
 30
0.0
  0
SPLINE
  5
610
330
1F
100
AcDbEntity
  8
0
 62
     7
100
AcDbSpline
210
0.0
220
0.0
230
1.0
 70
     8
 71
     3
 72
     8
 73
     4
 74
     0
 42
0.000000001
 43
0.0000000001
 40
0.0
 40
0.0
 40
0.0
 40
0.0
 40
1.0
 40
1.0
 40
1.0
 40
1.0
 10
66.086673
 20
33.61681
 30
0.0
 10
66.441563
 20
33.69311
 30
0.0
 10
66.790763
 20
33.79926
 30
0.0
 10
67.129203
 20
33.93521
 30
0.0
  0
SPLINE
  5
611
330
1F
100
AcDbEntity
  8
0
 62
     7
100
AcDbSpline
210
0.0
220
0.0
230
1.0
 70
     8
 71
     3
 72
     8
 73
     4
 74
     0
 42
0.000000001
 43
0.0000000001
 40
0.0
 40
0.0
 40
0.0
 40
0.0
 40
1.0
 40
1.0
 40
1.0
 40
1.0
 10
67.129203
 20
33.93521
 30
0.0
 10
67.46674300000001
 20
34.07145
 30
0.0
 10
67.796503
 20
34.23865
 30
0.0
 10
68.085293
 20
34.46732
 30
0.0
  0
LWPOLYLINE
  5
612
330
1F
100
AcDbEntity
  8
0
 62
     7
100
AcDbPolyline
 90
        2
 70
     1
 43
0.0
 10
69.627773
 20
57.121375
 10
69.627773
 20
57.121375
  0
SPLINE
  5
613
330
1F
100
AcDbEntity
  8
0
 62
     7
100
AcDbSpline
210
0.0
220
0.0
230
1.0
 70
     8
 71
     3
 72
     8
 73
     4
 74
     0
 42
0.000000001
 43
0.0000000001
 40
0.0
 40
0.0
 40
0.0
 40
0.0
 40
1.0
 40
1.0
 40
1.0
 40
1.0
 10
64.922853
 20
37.54001
 30
0.0
 10
65.24858299999999
 20
37.61701
 30
0.0
 10
65.568773
 20
37.72201
 30
0.0
 10
65.876853
 20
37.85811
 30
0.0
  0
SPLINE
  5
614
330
1F
100
AcDbEntity
  8
0
 62
     7
100
AcDbSpline
210
0.0
220
0.0
230
1.0
 70
     8
 71
     3
 72
     8
 73
     4
 74
     0
 42
0.000000001
 43
0.0000000001
 40
0.0
 40
0.0
 40
0.0
 40
0.0
 40
1.0
 40
1.0
 40
1.0
 40
1.0
 10
65.876853
 20
37.85811
 30
0.0
 10
66.183133
 20
37.99675
 30
0.0
 10
66.481943
 20
38.16185
 30
0.0
 10
66.736923
 20
38.38812
 30
0.0
  0
LWPOLYLINE
  5
615
330
1F
100
AcDbEntity
  8
0
 62
     7
100
AcDbPolyline
 90
        2
 70
     0
 43
0.0
 10
68.085293
 20
34.46732
 10
66.00008299999998
 20
34.01865
  0
SPLINE
  5
616
330
1F
100
AcDbEntity
  8
0
 62
     7
100
AcDbSpline
210
0.0
220
0.0
230
1.0
 70
     8
 71
     3
 72
     8
 73
     4
 74
     0
 42
0.000000001
 43
0.0000000001
 40
0.0
 40
0.0
 40
0.0
 40
0.0
 40
1.0
 40
1.0
 40
1.0
 40
1.0
 10
63.881813
 20
37.71155
 30
0.0
 10
63.564763
 20
37.63095
 30
0.0
 10
63.250413
 20
37.54734000000001
 30
0.0
 10
62.92408299999999
 20
37.45581
 30
0.0
  0
SPLINE
  5
617
330
1F
100
AcDbEntity
  8
0
 62
     7
100
AcDbSpline
210
0.0
220
0.0
230
1.0
 70
     8
 71
     3
 72
     8
 73
     4
 74
     0
 42
0.000000001
 43
0.0000000001
 40
0.0
 40
0.0
 40
0.0
 40
0.0
 40
1.0
 40
1.0
 40
1.0
 40
1.0
 10
62.92408299999999
 20
37.45581
 30
0.0
 10
63.256543
 20
37.37501
 30
0.0
 10
63.597223
 20
37.37451
 30
0.0
 10
63.930873
 20
37.39191
 30
0.0
  0
SPLINE
  5
618
330
1F
100
AcDbEntity
  8
0
 62
     7
100
AcDbSpline
210
0.0
220
0.0
230
1.0
 70
     8
 71
     3
 72
     8
 73
     4
 74
     0
 42
0.000000001
 43
0.0000000001
 40
0.0
 40
0.0
 40
0.0
 40
0.0
 40
1.0
 40
1.0
 40
1.0
 40
1.0
 10
63.930873
 20
37.39191
 30
0.0
 10
64.265273
 20
37.41301
 30
0.0
 10
64.59698299999999
 20
37.46321
 30
0.0
 10
64.922853
 20
37.53997
 30
0.0
  0
LWPOLYLINE
  5
619
330
1F
100
AcDbEntity
  8
0
 62
     7
100
AcDbPolyline
 90
        4
 70
     0
 43
0.0
 10
66.736923
 20
38.38812
 10
65.773363
 20
38.16335
 10
64.828333
 20
37.94021
 10
63.881813
 20
37.71155
  0
SPLINE
  5
61A
330
1F
100
AcDbEntity
  8
0
 62
     7
100
AcDbSpline
210
0.0
220
0.0
230
1.0
 70
     8
 71
     3
 72
     8
 73
     4
 74
     0
 42
0.000000001
 43
0.0000000001
 40
0.0
 40
0.0
 40
0.0
 40
0.0
 40
1.0
 40
1.0
 40
1.0
 40
1.0
 10
64.896383
 20
42.38073499999998
 30
0.0
 10
64.591143
 20
42.25615499999999
 30
0.0
 10
64.285013
 20
42.133375
 30
0.0
 10
63.975733
 20
42.014625
 30
0.0
  0
SPLINE
  5
61B
330
1F
100
AcDbEntity
  8
0
 62
     7
100
AcDbSpline
210
0.0
220
0.0
230
1.0
 70
     8
 71
     3
 72
     8
 73
     4
 74
     0
 42
0.000000001
 43
0.0000000001
 40
0.0
 40
0.0
 40
0.0
 40
0.0
 40
1.0
 40
1.0
 40
1.0
 40
1.0
 10
63.975733
 20
42.014625
 30
0.0
 10
63.66497299999998
 20
41.896335
 30
0.0
 10
63.358533
 20
41.774745
 30
0.0
 10
63.026973
 20
41.67828499999998
 30
0.0
  0
SPLINE
  5
61C
330
1F
100
AcDbEntity
  8
0
 62
     7
100
AcDbSpline
210
0.0
220
0.0
230
1.0
 70
     8
 71
     3
 72
     8
 73
     4
 74
     0
 42
0.000000001
 43
0.0000000001
 40
0.0
 40
0.0
 40
0.0
 40
0.0
 40
1.0
 40
1.0
 40
1.0
 40
1.0
 10
63.026973
 20
41.67828499999998
 30
0.0
 10
63.370953
 20
41.60228499999998
 30
0.0
 10
63.72538299999999
 20
41.644185
 30
0.0
 10
64.063373
 20
41.70338499999998
 30
0.0
  0
SPLINE
  5
61D
330
1F
100
AcDbEntity
  8
0
 62
     7
100
AcDbSpline
210
0.0
220
0.0
230
1.0
 70
     8
 71
     3
 72
     8
 73
     4
 74
     0
 42
0.000000001
 43
0.0000000001
 40
0.0
 40
0.0
 40
0.0
 40
0.0
 40
1.0
 40
1.0
 40
1.0
 40
1.0
 10
64.063373
 20
41.70338499999998
 30
0.0
 10
64.402863
 20
41.76818499999998
 30
0.0
 10
64.733823
 20
41.869535
 30
0.0
 10
65.05266299999999
 20
42.000395
 30
0.0
  0
SPLINE
  5
61E
330
1F
100
AcDbEntity
  8
0
 62
     7
100
AcDbSpline
210
0.0
220
0.0
230
1.0
 70
     8
 71
     3
 72
     8
 73
     4
 74
     0
 42
0.000000001
 43
0.0000000001
 40
0.0
 40
0.0
 40
0.0
 40
0.0
 40
1.0
 40
1.0
 40
1.0
 40
1.0
 10
65.05266299999999
 20
42.000395
 30
0.0
 10
65.371363
 20
42.13125499999999
 30
0.0
 10
65.678543
 20
42.29127499999999
 30
0.0
 10
65.96463299999999
 20
42.485245
 30
0.0
  0
SPLINE
  5
61F
330
1F
100
AcDbEntity
  8
0
 62
     7
100
AcDbSpline
210
0.0
220
0.0
230
1.0
 70
     8
 71
     3
 72
     8
 73
     4
 74
     0
 42
0.000000001
 43
0.0000000001
 40
0.0
 40
0.0
 40
0.0
 40
0.0
 40
1.0
 40
1.0
 40
1.0
 40
1.0
 10
65.96463299999999
 20
42.485245
 30
0.0
 10
66.249083
 20
42.680415
 30
0.0
 10
66.51827299999999
 20
42.901905
 30
0.0
 10
66.737073
 20
43.172585
 30
0.0
  0
SPLINE
  5
620
330
1F
100
AcDbEntity
  8
0
 62
     7
100
AcDbSpline
210
0.0
220
0.0
230
1.0
 70
     8
 71
     3
 72
     8
 73
     4
 74
     0
 42
0.000000001
 43
0.0000000001
 40
0.0
 40
0.0
 40
0.0
 40
0.0
 40
1.0
 40
1.0
 40
1.0
 40
1.0
 10
66.737073
 20
43.172585
 30
0.0
 10
66.415683
 20
43.039345
 30
0.0
 10
66.114183
 20
42.899205
 30
0.0
 10
65.808953
 20
42.76745499999999
 30
0.0
  0
SPLINE
  5
621
330
1F
100
AcDbEntity
  8
0
 62
     7
100
AcDbSpline
210
0.0
220
0.0
230
1.0
 70
     8
 71
     3
 72
     8
 73
     4
 74
     0
 42
0.000000001
 43
0.0000000001
 40
0.0
 40
0.0
 40
0.0
 40
0.0
 40
1.0
 40
1.0
 40
1.0
 40
1.0
 10
65.808953
 20
42.76745499999999
 30
0.0
 10
65.50566299999998
 20
42.632855
 30
0.0
 10
65.20147299999999
 20
42.505435
 30
0.0
 10
64.896383
 20
42.380705
 30
0.0
  0
LWPOLYLINE
  5
622
330
1F
100
AcDbEntity
  8
0
 62
     7
100
AcDbPolyline
 90
        2
 70
     1
 43
0.0
 10
64.922853
 20
37.53997
 10
64.922853
 20
37.53997
  0
SPLINE
  5
623
330
1F
100
AcDbEntity
  8
0
 62
     7
100
AcDbSpline
210
0.0
220
0.0
230
1.0
 70
     8
 71
     3
 72
     8
 73
     4
 74
     0
 42
0.000000001
 43
0.0000000001
 40
0.0
 40
0.0
 40
0.0
 40
0.0
 40
1.0
 40
1.0
 40
1.0
 40
1.0
 10
60.93518299999999
 20
41.39697499999999
 30
0.0
 10
60.70442299999999
 20
41.347475
 30
0.0
 10
60.542613
 20
41.189395
 30
0.0
 10
60.57386300000001
 20
41.043585
 30
0.0
  0
SPLINE
  5
624
330
1F
100
AcDbEntity
  8
0
 62
     7
100
AcDbSpline
210
0.0
220
0.0
230
1.0
 70
     8
 71
     3
 72
     8
 73
     4
 74
     0
 42
0.000000001
 43
0.0000000001
 40
0.0
 40
0.0
 40
0.0
 40
0.0
 40
1.0
 40
1.0
 40
1.0
 40
1.0
 10
60.57386300000001
 20
41.043585
 30
0.0
 10
60.605063
 20
40.897914
 30
0.0
 10
60.817483
 20
40.81985399999999
 30
0.0
 10
61.048253
 20
40.86920399999999
 30
0.0
  0
SPLINE
  5
625
330
1F
100
AcDbEntity
  8
0
 62
     7
100
AcDbSpline
210
0.0
220
0.0
230
1.0
 70
     8
 71
     3
 72
     8
 73
     4
 74
     0
 42
0.000000001
 43
0.0000000001
 40
0.0
 40
0.0
 40
0.0
 40
0.0
 40
1.0
 40
1.0
 40
1.0
 40
1.0
 10
61.048253
 20
40.86920399999999
 30
0.0
 10
61.279003
 20
40.91860399999998
 30
0.0
 10
61.44082299999999
 20
41.076785
 30
0.0
 10
61.409563
 20
41.222595
 30
0.0
  0
SPLINE
  5
626
330
1F
100
AcDbEntity
  8
0
 62
     7
100
AcDbSpline
210
0.0
220
0.0
230
1.0
 70
     8
 71
     3
 72
     8
 73
     4
 74
     0
 42
0.000000001
 43
0.0000000001
 40
0.0
 40
0.0
 40
0.0
 40
0.0
 40
1.0
 40
1.0
 40
1.0
 40
1.0
 10
61.409563
 20
41.222595
 30
0.0
 10
61.378363
 20
41.368415
 30
0.0
 10
61.165943
 20
41.446475
 30
0.0
 10
60.93518299999999
 20
41.39697499999999
 30
0.0
  0
LWPOLYLINE
  5
627
330
1F
100
AcDbEntity
  8
0
 62
     7
100
AcDbPolyline
 90
        2
 70
     1
 43
0.0
 10
64.896383
 20
42.380705
 10
64.896383
 20
42.380705
  0
LWPOLYLINE
  5
628
330
1F
100
AcDbEntity
  8
0
 62
     7
100
AcDbPolyline
 90
        2
 70
     1
 43
0.0
 10
60.93518299999999
 20
41.39697499999999
 10
60.93518299999999
 20
41.39697499999999
  0
SPLINE
  5
629
330
1F
100
AcDbEntity
  8
0
 62
     7
100
AcDbSpline
210
0.0
220
0.0
230
1.0
 70
     8
 71
     3
 72
     8
 73
     4
 74
     0
 42
0.000000001
 43
0.0000000001
 40
0.0
 40
0.0
 40
0.0
 40
0.0
 40
1.0
 40
1.0
 40
1.0
 40
1.0
 10
66.646293
 20
83.40836499999998
 30
0.0
 10
66.646293
 20
83.40836499999998
 30
0.0
 10
66.618993
 20
84.491425
 30
0.0
 10
67.26320300000001
 20
85.615465
 30
0.0
  0
SPLINE
  5
62A
330
1F
100
AcDbEntity
  8
0
 62
     7
100
AcDbSpline
210
0.0
220
0.0
230
1.0
 70
     8
 71
     3
 72
     8
 73
     4
 74
     0
 42
0.000000001
 43
0.0000000001
 40
0.0
 40
0.0
 40
0.0
 40
0.0
 40
1.0
 40
1.0
 40
1.0
 40
1.0
 10
67.26320300000001
 20
85.615465
 30
0.0
 10
67.26320300000001
 20
85.615465
 30
0.0
 10
66.097893
 20
84.820285
 30
0.0
 10
65.79639300000001
 20
83.76474499999998
 30
0.0
  0
SPLINE
  5
62B
330
1F
100
AcDbEntity
  8
0
 62
     7
100
AcDbSpline
210
0.0
220
0.0
230
1.0
 70
     8
 71
     3
 72
     8
 73
     4
 74
     0
 42
0.000000001
 43
0.0000000001
 40
0.0
 40
0.0
 40
0.0
 40
0.0
 40
1.0
 40
1.0
 40
1.0
 40
1.0
 10
65.79639300000001
 20
83.76474499999998
 30
0.0
 10
65.837493
 20
84.573525
 30
0.0
 10
65.94714300000001
 20
85.313815
 30
0.0
 10
66.59156299999999
 20
86.494075
 30
0.0
  0
SPLINE
  5
62C
330
1F
100
AcDbEntity
  8
0
 62
     7
100
AcDbSpline
210
0.0
220
0.0
230
1.0
 70
     8
 71
     3
 72
     8
 73
     4
 74
     0
 42
0.000000001
 43
0.0000000001
 40
0.0
 40
0.0
 40
0.0
 40
0.0
 40
1.0
 40
1.0
 40
1.0
 40
1.0
 10
66.59156299999999
 20
86.494075
 30
0.0
 10
66.59156299999999
 20
86.494075
 30
0.0
 10
65.481133
 20
85.629065
 30
0.0
 10
65.014973
 20
84.543315
 30
0.0
  0
SPLINE
  5
62D
330
1F
100
AcDbEntity
  8
0
 62
     7
100
AcDbSpline
210
0.0
220
0.0
230
1.0
 70
     8
 71
     3
 72
     8
 73
     4
 74
     0
 42
0.000000001
 43
0.0000000001
 40
0.0
 40
0.0
 40
0.0
 40
0.0
 40
1.0
 40
1.0
 40
1.0
 40
1.0
 10
65.014973
 20
84.543315
 30
0.0
 10
65.23437300000001
 20
86.28156500000001
 30
0.0
 10
66.41329300000001
 20
87.904815
 30
0.0
 10
66.41329300000001
 20
87.904815
 30
0.0
  0
SPLINE
  5
62E
330
1F
100
AcDbEntity
  8
0
 62
     7
100
AcDbSpline
210
0.0
220
0.0
230
1.0
 70
     8
 71
     3
 72
     8
 73
     4
 74
     0
 42
0.000000001
 43
0.0000000001
 40
0.0
 40
0.0
 40
0.0
 40
0.0
 40
1.0
 40
1.0
 40
1.0
 40
1.0
 10
66.41329300000001
 20
87.904815
 30
0.0
 10
66.41329300000001
 20
87.904815
 30
0.0
 10
65.33023299999999
 20
87.17828500000001
 30
0.0
 10
64.71333299999999
 20
85.98560500000003
 30
0.0
  0
SPLINE
  5
62F
330
1F
100
AcDbEntity
  8
0
 62
     7
100
AcDbSpline
210
0.0
220
0.0
230
1.0
 70
     8
 71
     3
 72
     8
 73
     4
 74
     0
 42
0.000000001
 43
0.0000000001
 40
0.0
 40
0.0
 40
0.0
 40
0.0
 40
1.0
 40
1.0
 40
1.0
 40
1.0
 10
64.71333299999999
 20
85.98560500000003
 30
0.0
 10
65.24798299999999
 20
88.04194499999999
 30
0.0
 10
66.646293
 20
89.64590499999998
 30
0.0
 10
66.646293
 20
89.64590499999998
 30
0.0
  0
SPLINE
  5
630
330
1F
100
AcDbEntity
  8
0
 62
     7
100
AcDbSpline
210
0.0
220
0.0
230
1.0
 70
     8
 71
     3
 72
     8
 73
     4
 74
     0
 42
0.000000001
 43
0.0000000001
 40
0.0
 40
0.0
 40
0.0
 40
0.0
 40
1.0
 40
1.0
 40
1.0
 40
1.0
 10
66.646293
 20
89.64590499999998
 30
0.0
 10
66.646293
 20
89.64590499999998
 30
0.0
 10
65.27535300000001
 20
88.72734499999998
 30
0.0
 10
64.50769300000001
 20
87.329035
 30
0.0
  0
SPLINE
  5
631
330
1F
100
AcDbEntity
  8
0
 62
     7
100
AcDbSpline
210
0.0
220
0.0
230
1.0
 70
     8
 71
     3
 72
     8
 73
     4
 74
     0
 42
0.000000001
 43
0.0000000001
 40
0.0
 40
0.0
 40
0.0
 40
0.0
 40
1.0
 40
1.0
 40
1.0
 40
1.0
 10
64.50769300000001
 20
87.329035
 30
0.0
 10
64.946333
 20
88.94674499999998
 30
0.0
 10
66.67366300000001
 20
91.41436500000001
 30
0.0
 10
66.67366300000001
 20
91.41436500000001
 30
0.0
  0
SPLINE
  5
632
330
1F
100
AcDbEntity
  8
0
 62
     7
100
AcDbSpline
210
0.0
220
0.0
230
1.0
 70
     8
 71
     3
 72
     8
 73
     4
 74
     0
 42
0.000000001
 43
0.0000000001
 40
0.0
 40
0.0
 40
0.0
 40
0.0
 40
1.0
 40
1.0
 40
1.0
 40
1.0
 10
66.67366300000001
 20
91.41436500000001
 30
0.0
 10
66.67366300000001
 20
91.41436500000001
 30
0.0
 10
64.480173
 20
89.08388499999999
 30
0.0
 10
64.014173
 20
88.014585
 30
0.0
  0
SPLINE
  5
633
330
1F
100
AcDbEntity
  8
0
 62
     7
100
AcDbSpline
210
0.0
220
0.0
230
1.0
 70
     8
 71
     3
 72
     8
 73
     4
 74
     0
 42
0.000000001
 43
0.0000000001
 40
0.0
 40
0.0
 40
0.0
 40
0.0
 40
1.0
 40
1.0
 40
1.0
 40
1.0
 10
64.014173
 20
88.014585
 30
0.0
 10
63.548013
 20
86.94527499999997
 30
0.0
 10
63.246523
 20
84.03902499999999
 30
0.0
 10
64.56258299999999
 20
82.777705
 30
0.0
  0
SPLINE
  5
634
330
1F
100
AcDbEntity
  8
0
 62
     7
100
AcDbSpline
210
0.0
220
0.0
230
1.0
 70
     8
 71
     3
 72
     8
 73
     4
 74
     0
 42
0.000000001
 43
0.0000000001
 40
0.0
 40
0.0
 40
0.0
 40
0.0
 40
1.0
 40
1.0
 40
1.0
 40
1.0
 10
64.56258299999999
 20
82.777705
 30
0.0
 10
65.87864300000001
 20
81.516525
 30
0.0
 10
68.29137299999999
 20
81.26976500000003
 30
0.0
 10
69.771943
 20
81.92779499999998
 30
0.0
  0
SPLINE
  5
635
330
1F
100
AcDbEntity
  8
0
 62
     7
100
AcDbSpline
210
0.0
220
0.0
230
1.0
 70
     8
 71
     3
 72
     8
 73
     4
 74
     0
 42
0.000000001
 43
0.0000000001
 40
0.0
 40
0.0
 40
0.0
 40
0.0
 40
1.0
 40
1.0
 40
1.0
 40
1.0
 10
69.771943
 20
81.92779499999998
 30
0.0
 10
71.25251300000002
 20
82.58582500000001
 30
0.0
 10
72.486323
 20
84.669535
 30
0.0
 10
73.28149300000003
 20
85.79372499999998
 30
0.0
  0
SPLINE
  5
636
330
1F
100
AcDbEntity
  8
0
 62
     7
100
AcDbSpline
210
0.0
220
0.0
230
1.0
 70
     8
 71
     3
 72
     8
 73
     4
 74
     0
 42
0.000000001
 43
0.0000000001
 40
0.0
 40
0.0
 40
0.0
 40
0.0
 40
1.0
 40
1.0
 40
1.0
 40
1.0
 10
73.28149300000003
 20
85.79372499999998
 30
0.0
 10
74.07666299999998
 20
86.917915
 30
0.0
 10
75.03619300000003
 20
88.151725
 30
0.0
 10
77.22967299999997
 20
89.08388499999999
 30
0.0
  0
SPLINE
  5
637
330
1F
100
AcDbEntity
  8
0
 62
     7
100
AcDbSpline
210
0.0
220
0.0
230
1.0
 70
     8
 71
     3
 72
     8
 73
     4
 74
     0
 42
0.000000001
 43
0.0000000001
 40
0.0
 40
0.0
 40
0.0
 40
0.0
 40
1.0
 40
1.0
 40
1.0
 40
1.0
 10
77.22967299999997
 20
89.08388499999999
 30
0.0
 10
74.295903
 20
88.76862499999999
 30
0.0
 10
72.19843299999998
 20
86.27349499999999
 30
0.0
 10
71.800923
 20
85.738845
 30
0.0
  0
SPLINE
  5
638
330
1F
100
AcDbEntity
  8
0
 62
     7
100
AcDbSpline
210
0.0
220
0.0
230
1.0
 70
     8
 71
     3
 72
     8
 73
     4
 74
     0
 42
0.000000001
 43
0.0000000001
 40
0.0
 40
0.0
 40
0.0
 40
0.0
 40
1.0
 40
1.0
 40
1.0
 40
1.0
 10
71.800923
 20
85.738845
 30
0.0
 10
71.403413
 20
85.20418499999998
 30
0.0
 10
69.813073
 20
82.955965
 30
0.0
 10
68.318893
 20
82.592855
 30
0.0
  0
SPLINE
  5
639
330
1F
100
AcDbEntity
  8
0
 62
     7
100
AcDbSpline
210
0.0
220
0.0
230
1.0
 70
     8
 71
     3
 72
     8
 73
     4
 74
     0
 42
0.000000001
 43
0.0000000001
 40
0.0
 40
0.0
 40
0.0
 40
0.0
 40
1.0
 40
1.0
 40
1.0
 40
1.0
 10
68.318893
 20
82.592855
 30
0.0
 10
69.648713
 20
83.422575
 30
0.0
 10
72.12993299999998
 20
87.287905
 30
0.0
 10
72.12993299999998
 20
87.287905
 30
0.0
  0
SPLINE
  5
63A
330
1F
100
AcDbEntity
  8
0
 62
     7
100
AcDbSpline
210
0.0
220
0.0
230
1.0
 70
     8
 71
     3
 72
     8
 73
     4
 74
     0
 42
0.000000001
 43
0.0000000001
 40
0.0
 40
0.0
 40
0.0
 40
0.0
 40
1.0
 40
1.0
 40
1.0
 40
1.0
 10
72.12993299999998
 20
87.287905
 30
0.0
 10
72.12993299999998
 20
87.287905
 30
0.0
 10
69.072783
 20
84.436385
 30
0.0
 10
67.55108299999999
 20
83.13408499999999
 30
0.0
  0
SPLINE
  5
63B
330
1F
100
AcDbEntity
  8
0
 62
     7
100
AcDbSpline
210
0.0
220
0.0
230
1.0
 70
     8
 71
     3
 72
     8
 73
     4
 74
     0
 42
0.000000001
 43
0.0000000001
 40
0.0
 40
0.0
 40
0.0
 40
0.0
 40
1.0
 40
1.0
 40
1.0
 40
1.0
 10
67.55108299999999
 20
83.13408499999999
 30
0.0
 10
67.797853
 20
83.422125
 30
0.0
 10
68.57926299999999
 20
85.43734499999997
 30
0.0
 10
68.57926299999999
 20
85.43734499999997
 30
0.0
  0
LWPOLYLINE
  5
63C
330
1F
100
AcDbEntity
  8
0
 62
     7
100
AcDbPolyline
 90
        2
 70
     0
 43
0.0
 10
68.57926299999999
 20
85.43734499999997
 10
66.646293
 20
83.40836499999998
  0
SPLINE
  5
63D
330
1F
100
AcDbEntity
  8
0
 62
     7
100
AcDbSpline
210
0.0
220
0.0
230
1.0
 70
     8
 71
     3
 72
     8
 73
     4
 74
     0
 42
0.000000001
 43
0.0000000001
 40
0.0
 40
0.0
 40
0.0
 40
0.0
 40
1.0
 40
1.0
 40
1.0
 40
1.0
 10
56.40569300000001
 20
74.33307499999997
 30
0.0
 10
56.40569300000001
 20
74.33307499999997
 30
0.0
 10
58.17414300000001
 20
73.38714499999998
 30
0.0
 10
59.531333
 20
73.325385
 30
0.0
  0
SPLINE
  5
63E
330
1F
100
AcDbEntity
  8
0
 62
     7
100
AcDbSpline
210
0.0
220
0.0
230
1.0
 70
     8
 71
     3
 72
     8
 73
     4
 74
     0
 42
0.000000001
 43
0.0000000001
 40
0.0
 40
0.0
 40
0.0
 40
0.0
 40
1.0
 40
1.0
 40
1.0
 40
1.0
 10
59.531333
 20
73.325385
 30
0.0
 10
60.888523
 20
73.263785
 30
0.0
 10
61.998953
 20
72.77024499999997
 30
0.0
 10
63.500013
 20
71.577415
 30
0.0
  0
SPLINE
  5
63F
330
1F
100
AcDbEntity
  8
0
 62
     7
100
AcDbSpline
210
0.0
220
0.0
230
1.0
 70
     8
 71
     3
 72
     8
 73
     4
 74
     0
 42
0.000000001
 43
0.0000000001
 40
0.0
 40
0.0
 40
0.0
 40
0.0
 40
1.0
 40
1.0
 40
1.0
 40
1.0
 10
63.500013
 20
71.577415
 30
0.0
 10
65.001223
 20
70.38473499999998
 30
0.0
 10
65.885373
 20
70.24071500000001
 30
0.0
 10
68.02397299999999
 20
69.150925
 30
0.0
  0
SPLINE
  5
640
330
1F
100
AcDbEntity
  8
0
 62
     7
100
AcDbSpline
210
0.0
220
0.0
230
1.0
 70
     8
 71
     3
 72
     8
 73
     4
 74
     0
 42
0.000000001
 43
0.0000000001
 40
0.0
 40
0.0
 40
0.0
 40
0.0
 40
1.0
 40
1.0
 40
1.0
 40
1.0
 10
68.02397299999999
 20
69.150925
 30
0.0
 10
70.16257299999999
 20
68.060985
 30
0.0
 10
71.067373
 20
66.95056499999999
 30
0.0
 10
71.067373
 20
66.95056499999999
 30
0.0
  0
SPLINE
  5
641
330
1F
100
AcDbEntity
  8
0
 62
     7
100
AcDbSpline
210
0.0
220
0.0
230
1.0
 70
     8
 71
     3
 72
     8
 73
     4
 74
     0
 42
0.000000001
 43
0.0000000001
 40
0.0
 40
0.0
 40
0.0
 40
0.0
 40
1.0
 40
1.0
 40
1.0
 40
1.0
 10
71.067373
 20
66.95056499999999
 30
0.0
 10
71.067373
 20
66.95056499999999
 30
0.0
 10
69.895173
 20
67.40295500000001
 30
0.0
 10
68.394113
 20
68.24613499999999
 30
0.0
  0
SPLINE
  5
642
330
1F
100
AcDbEntity
  8
0
 62
     7
100
AcDbSpline
210
0.0
220
0.0
230
1.0
 70
     8
 71
     3
 72
     8
 73
     4
 74
     0
 42
0.000000001
 43
0.0000000001
 40
0.0
 40
0.0
 40
0.0
 40
0.0
 40
1.0
 40
1.0
 40
1.0
 40
1.0
 10
68.394113
 20
68.24613499999999
 30
0.0
 10
68.743623
 20
67.814375
 30
0.0
 10
70.14208299999999
 20
66.601055
 30
0.0
 10
71.499273
 20
65.778515
 30
0.0
  0
SPLINE
  5
643
330
1F
100
AcDbEntity
  8
0
 62
     7
100
AcDbSpline
210
0.0
220
0.0
230
1.0
 70
     8
 71
     3
 72
     8
 73
     4
 74
     0
 42
0.000000001
 43
0.0000000001
 40
0.0
 40
0.0
 40
0.0
 40
0.0
 40
1.0
 40
1.0
 40
1.0
 40
1.0
 10
71.499273
 20
65.778515
 30
0.0
 10
72.856463
 20
64.95597499999999
 30
0.0
 10
73.65836299999998
 20
64.359565
 30
0.0
 10
74.686543
 20
63.269775
 30
0.0
  0
SPLINE
  5
644
330
1F
100
AcDbEntity
  8
0
 62
     7
100
AcDbSpline
210
0.0
220
0.0
230
1.0
 70
     8
 71
     3
 72
     8
 73
     4
 74
     0
 42
0.000000001
 43
0.0000000001
 40
0.0
 40
0.0
 40
0.0
 40
0.0
 40
1.0
 40
1.0
 40
1.0
 40
1.0
 10
74.686543
 20
63.269775
 30
0.0
 10
73.843513
 20
65.305485
 30
0.0
 10
72.959203
 20
65.367245
 30
0.0
 10
72.58906299999998
 20
66.12802499999999
 30
0.0
  0
SPLINE
  5
645
330
1F
100
AcDbEntity
  8
0
 62
     7
100
AcDbSpline
210
0.0
220
0.0
230
1.0
 70
     8
 71
     3
 72
     8
 73
     4
 74
     0
 42
0.000000001
 43
0.0000000001
 40
0.0
 40
0.0
 40
0.0
 40
0.0
 40
1.0
 40
1.0
 40
1.0
 40
1.0
 10
72.58906299999998
 20
66.12802499999999
 30
0.0
 10
72.218923
 20
66.88894499999999
 30
0.0
 10
70.82060300000001
 20
68.595635
 30
0.0
 10
69.730813
 20
69.37704499999999
 30
0.0
  0
SPLINE
  5
646
330
1F
100
AcDbEntity
  8
0
 62
     7
100
AcDbSpline
210
0.0
220
0.0
230
1.0
 70
     8
 71
     3
 72
     8
 73
     4
 74
     0
 42
0.000000001
 43
0.0000000001
 40
0.0
 40
0.0
 40
0.0
 40
0.0
 40
1.0
 40
1.0
 40
1.0
 40
1.0
 10
69.730813
 20
69.37704499999999
 30
0.0
 10
68.640873
 20
70.15846500000001
 30
0.0
 10
64.58995300000001
 20
72.07093499999998
 30
0.0
 10
63.849663
 20
72.66720500000002
 30
0.0
  0
SPLINE
  5
647
330
1F
100
AcDbEntity
  8
0
 62
     7
100
AcDbSpline
210
0.0
220
0.0
230
1.0
 70
     8
 71
     3
 72
     8
 73
     4
 74
     0
 42
0.000000001
 43
0.0000000001
 40
0.0
 40
0.0
 40
0.0
 40
0.0
 40
1.0
 40
1.0
 40
1.0
 40
1.0
 10
63.849663
 20
72.66720500000002
 30
0.0
 10
63.109383
 20
73.263615
 30
0.0
 10
62.04008299999999
 20
73.962775
 30
0.0
 10
61.464303
 20
74.27115500000002
 30
0.0
  0
SPLINE
  5
648
330
1F
100
AcDbEntity
  8
0
 62
     7
100
AcDbSpline
210
0.0
220
0.0
230
1.0
 70
     8
 71
     3
 72
     8
 73
     4
 74
     0
 42
0.000000001
 43
0.0000000001
 40
0.0
 40
0.0
 40
0.0
 40
0.0
 40
1.0
 40
1.0
 40
1.0
 40
1.0
 10
61.464303
 20
74.27115500000002
 30
0.0
 10
60.888523
 20
74.57968499999998
 30
0.0
 10
59.28457299999998
 20
75.504965
 30
0.0
 10
57.742243
 20
75.66947500000002
 30
0.0
  0
SPLINE
  5
649
330
1F
100
AcDbEntity
  8
0
 62
     7
100
AcDbSpline
210
0.0
220
0.0
230
1.0
 70
     8
 71
     3
 72
     8
 73
     4
 74
     0
 42
0.000000001
 43
0.0000000001
 40
0.0
 40
0.0
 40
0.0
 40
0.0
 40
1.0
 40
1.0
 40
1.0
 40
1.0
 10
57.742243
 20
75.66947500000002
 30
0.0
 10
58.934923
 20
75.23756500000001
 30
0.0
 10
59.757463
 20
74.394535
 30
0.0
 10
59.69584300000001
 20
74.086155
 30
0.0
  0
SPLINE
  5
64A
330
1F
100
AcDbEntity
  8
0
 62
     7
100
AcDbSpline
210
0.0
220
0.0
230
1.0
 70
     8
 71
     3
 72
     8
 73
     4
 74
     0
 42
0.000000001
 43
0.0000000001
 40
0.0
 40
0.0
 40
0.0
 40
0.0
 40
1.0
 40
1.0
 40
1.0
 40
1.0
 10
59.69584300000001
 20
74.086155
 30
0.0
 10
59.634043
 20
73.777775
 30
0.0
 10
58.626543
 20
73.880675
 30
0.0
 10
56.40569300000001
 20
74.33307499999997
 30
0.0
  0
LWPOLYLINE
  5
64B
330
1F
100
AcDbEntity
  8
0
 62
     7
100
AcDbPolyline
 90
        2
 70
     1
 43
0.0
 10
68.57926299999999
 20
85.43734499999997
 10
68.57926299999999
 20
85.43734499999997
  0
SPLINE
  5
64C
330
1F
100
AcDbEntity
  8
0
 62
     7
100
AcDbSpline
210
0.0
220
0.0
230
1.0
 70
     8
 71
     3
 72
     8
 73
     4
 74
     0
 42
0.000000001
 43
0.0000000001
 40
0.0
 40
0.0
 40
0.0
 40
0.0
 40
1.0
 40
1.0
 40
1.0
 40
1.0
 10
82.757733
 20
65.367395
 30
0.0
 10
79.971423
 20
65.644965
 30
0.0
 10
77.14398299999998
 20
68.338855
 30
0.0
 10
77.14398299999998
 20
68.338855
 30
0.0
  0
SPLINE
  5
64D
330
1F
100
AcDbEntity
  8
0
 62
     7
100
AcDbSpline
210
0.0
220
0.0
230
1.0
 70
     8
 71
     3
 72
     8
 73
     4
 74
     0
 42
0.000000001
 43
0.0000000001
 40
0.0
 40
0.0
 40
0.0
 40
0.0
 40
1.0
 40
1.0
 40
1.0
 40
1.0
 10
77.14398299999998
 20
68.338855
 30
0.0
 10
77.14398299999998
 20
68.338855
 30
0.0
 10
79.488223
 20
65.52173499999999
 30
0.0
 10
80.93798300000001
 20
64.544855
 30
0.0
  0
SPLINE
  5
64E
330
1F
100
AcDbEntity
  8
0
 62
     7
100
AcDbSpline
210
0.0
220
0.0
230
1.0
 70
     8
 71
     3
 72
     8
 73
     4
 74
     0
 42
0.000000001
 43
0.0000000001
 40
0.0
 40
0.0
 40
0.0
 40
0.0
 40
1.0
 40
1.0
 40
1.0
 40
1.0
 10
80.93798300000001
 20
64.544855
 30
0.0
 10
78.98437300000002
 20
65.09999499999999
 30
0.0
 10
75.79711299999998
 20
68.14339499999999
 30
0.0
 10
75.79711299999998
 20
68.14339499999999
 30
0.0
  0
SPLINE
  5
64F
330
1F
100
AcDbEntity
  8
0
 62
     7
100
AcDbSpline
210
0.0
220
0.0
230
1.0
 70
     8
 71
     3
 72
     8
 73
     4
 74
     0
 42
0.000000001
 43
0.0000000001
 40
0.0
 40
0.0
 40
0.0
 40
0.0
 40
1.0
 40
1.0
 40
1.0
 40
1.0
 10
75.79711299999998
 20
68.14339499999999
 30
0.0
 10
75.79711299999998
 20
68.14339499999999
 30
0.0
 10
77.688953
 20
65.367395
 30
0.0
 10
79.33403299999998
 20
64.03069499999999
 30
0.0
  0
SPLINE
  5
650
330
1F
100
AcDbEntity
  8
0
 62
     7
100
AcDbSpline
210
0.0
220
0.0
230
1.0
 70
     8
 71
     3
 72
     8
 73
     4
 74
     0
 42
0.000000001
 43
0.0000000001
 40
0.0
 40
0.0
 40
0.0
 40
0.0
 40
1.0
 40
1.0
 40
1.0
 40
1.0
 10
79.33403299999998
 20
64.03069499999999
 30
0.0
 10
78.03860300000002
 20
64.112995
 30
0.0
 10
74.727813
 20
68.122755
 30
0.0
 10
73.514643
 20
68.636915
 30
0.0
  0
SPLINE
  5
651
330
1F
100
AcDbEntity
  8
0
 62
     7
100
AcDbSpline
210
0.0
220
0.0
230
1.0
 70
     8
 71
     3
 72
     8
 73
     4
 74
     0
 42
0.000000001
 43
0.0000000001
 40
0.0
 40
0.0
 40
0.0
 40
0.0
 40
1.0
 40
1.0
 40
1.0
 40
1.0
 10
73.514643
 20
68.636915
 30
0.0
 10
76.311273
 20
66.128175
 30
0.0
 10
77.688953
 20
62.344495
 30
0.0
 10
79.251773
 20
62.323855
 30
0.0
  0
SPLINE
  5
652
330
1F
100
AcDbEntity
  8
0
 62
     7
100
AcDbSpline
210
0.0
220
0.0
230
1.0
 70
     8
 71
     3
 72
     8
 73
     4
 74
     0
 42
0.000000001
 43
0.0000000001
 40
0.0
 40
0.0
 40
0.0
 40
0.0
 40
1.0
 40
1.0
 40
1.0
 40
1.0
 10
79.251773
 20
62.323855
 30
0.0
 10
80.81460300000001
 20
62.30325500000001
 30
0.0
 10
84.701173
 20
64.112955
 30
0.0
 10
86.30512299999997
 20
66.313165
 30
0.0
  0
SPLINE
  5
653
330
1F
100
AcDbEntity
  8
0
 62
     7
100
AcDbSpline
210
0.0
220
0.0
230
1.0
 70
     8
 71
     3
 72
     8
 73
     4
 74
     0
 42
0.000000001
 43
0.0000000001
 40
0.0
 40
0.0
 40
0.0
 40
0.0
 40
1.0
 40
1.0
 40
1.0
 40
1.0
 10
86.30512299999997
 20
66.313165
 30
0.0
 10
87.90907299999998
 20
68.513535
 30
0.0
 10
88.361473
 20
71.80369499999997
 30
0.0
 10
88.813863
 20
73.67489499999997
 30
0.0
  0
SPLINE
  5
654
330
1F
100
AcDbEntity
  8
0
 62
     7
100
AcDbSpline
210
0.0
220
0.0
230
1.0
 70
     8
 71
     3
 72
     8
 73
     4
 74
     0
 42
0.000000001
 43
0.0000000001
 40
0.0
 40
0.0
 40
0.0
 40
0.0
 40
1.0
 40
1.0
 40
1.0
 40
1.0
 10
88.813863
 20
73.67489499999997
 30
0.0
 10
89.266263
 20
75.54609499999997
 30
0.0
 10
90.08880299999999
 20
75.66947500000002
 30
0.0
 10
90.66457300000001
 20
75.54609499999997
 30
0.0
  0
SPLINE
  5
655
330
1F
100
AcDbEntity
  8
0
 62
     7
100
AcDbSpline
210
0.0
220
0.0
230
1.0
 70
     8
 71
     3
 72
     8
 73
     4
 74
     0
 42
0.000000001
 43
0.0000000001
 40
0.0
 40
0.0
 40
0.0
 40
0.0
 40
1.0
 40
1.0
 40
1.0
 40
1.0
 10
90.66457300000001
 20
75.54609499999997
 30
0.0
 10
91.240353
 20
75.422715
 30
0.0
 10
91.487113
 20
75.77236500000002
 30
0.0
 10
91.631133
 20
76.101225
 30
0.0
  0
SPLINE
  5
656
330
1F
100
AcDbEntity
  8
0
 62
     7
100
AcDbSpline
210
0.0
220
0.0
230
1.0
 70
     8
 71
     3
 72
     8
 73
     4
 74
     0
 42
0.000000001
 43
0.0000000001
 40
0.0
 40
0.0
 40
0.0
 40
0.0
 40
1.0
 40
1.0
 40
1.0
 40
1.0
 10
91.631133
 20
76.101225
 30
0.0
 10
91.775003
 20
76.430245
 30
0.0
 10
91.919023
 20
76.90328499999998
 30
0.0
 10
91.631133
 20
77.66405500000002
 30
0.0
  0
SPLINE
  5
657
330
1F
100
AcDbEntity
  8
0
 62
     7
100
AcDbSpline
210
0.0
220
0.0
230
1.0
 70
     8
 71
     3
 72
     8
 73
     4
 74
     0
 42
0.000000001
 43
0.0000000001
 40
0.0
 40
0.0
 40
0.0
 40
0.0
 40
1.0
 40
1.0
 40
1.0
 40
1.0
 10
91.631133
 20
77.66405500000002
 30
0.0
 10
91.34324300000001
 20
78.424825
 30
0.0
 10
90.685213
 20
80.21392500000002
 30
0.0
 10
90.66457300000001
 20
81.21801500000001
 30
0.0
  0
SPLINE
  5
658
330
1F
100
AcDbEntity
  8
0
 62
     7
100
AcDbSpline
210
0.0
220
0.0
230
1.0
 70
     8
 71
     3
 72
     8
 73
     4
 74
     0
 42
0.000000001
 43
0.0000000001
 40
0.0
 40
0.0
 40
0.0
 40
0.0
 40
1.0
 40
1.0
 40
1.0
 40
1.0
 10
90.66457300000001
 20
81.21801500000001
 30
0.0
 10
90.56168300000001
 20
80.145125
 30
0.0
 10
90.52055300000001
 20
79.30912499999998
 30
0.0
 10
90.68517300000001
 20
78.373525
 30
0.0
  0
SPLINE
  5
659
330
1F
100
AcDbEntity
  8
0
 62
     7
100
AcDbSpline
210
0.0
220
0.0
230
1.0
 70
     8
 71
     3
 72
     8
 73
     4
 74
     0
 42
0.000000001
 43
0.0000000001
 40
0.0
 40
0.0
 40
0.0
 40
0.0
 40
1.0
 40
1.0
 40
1.0
 40
1.0
 10
90.68517300000001
 20
78.373525
 30
0.0
 10
90.84968299999999
 20
77.43792500000002
 30
0.0
 10
90.66457300000001
 20
77.23229499999998
 30
0.0
 10
90.273903
 20
76.74894499999997
 30
0.0
  0
SPLINE
  5
65A
330
1F
100
AcDbEntity
  8
0
 62
     7
100
AcDbSpline
210
0.0
220
0.0
230
1.0
 70
     8
 71
     3
 72
     8
 73
     4
 74
     0
 42
0.000000001
 43
0.0000000001
 40
0.0
 40
0.0
 40
0.0
 40
0.0
 40
1.0
 40
1.0
 40
1.0
 40
1.0
 10
90.273903
 20
76.74894499999997
 30
0.0
 10
90.45890300000001
 20
77.715345
 30
0.0
 10
89.822863
 20
79.10349499999998
 30
0.0
 10
89.822863
 20
79.10349499999998
 30
0.0
  0
SPLINE
  5
65B
330
1F
100
AcDbEntity
  8
0
 62
     7
100
AcDbSpline
210
0.0
220
0.0
230
1.0
 70
     8
 71
     3
 72
     8
 73
     4
 74
     0
 42
0.000000001
 43
0.0000000001
 40
0.0
 40
0.0
 40
0.0
 40
0.0
 40
1.0
 40
1.0
 40
1.0
 40
1.0
 10
89.822863
 20
79.10349499999998
 30
0.0
 10
89.822863
 20
79.10349499999998
 30
0.0
 10
89.924253
 20
77.499545
 30
0.0
 10
89.574753
 20
76.47137499999998
 30
0.0
  0
SPLINE
  5
65C
330
1F
100
AcDbEntity
  8
0
 62
     7
100
AcDbSpline
210
0.0
220
0.0
230
1.0
 70
     8
 71
     3
 72
     8
 73
     4
 74
     0
 42
0.000000001
 43
0.0000000001
 40
0.0
 40
0.0
 40
0.0
 40
0.0
 40
1.0
 40
1.0
 40
1.0
 40
1.0
 10
89.574753
 20
76.47137499999998
 30
0.0
 10
89.61585300000001
 20
77.10891499999998
 30
0.0
 10
89.29718299999997
 20
78.33240500000002
 30
0.0
 10
88.74189300000002
 20
78.67158499999998
 30
0.0
  0
SPLINE
  5
65D
330
1F
100
AcDbEntity
  8
0
 62
     7
100
AcDbSpline
210
0.0
220
0.0
230
1.0
 70
     8
 71
     3
 72
     8
 73
     4
 74
     0
 42
0.000000001
 43
0.0000000001
 40
0.0
 40
0.0
 40
0.0
 40
0.0
 40
1.0
 40
1.0
 40
1.0
 40
1.0
 10
88.74189300000002
 20
78.67158499999998
 30
0.0
 10
89.256053
 20
77.797605
 30
0.0
 10
89.16348300000001
 20
76.358165
 30
0.0
 10
88.711093
 20
75.412245
 30
0.0
  0
SPLINE
  5
65E
330
1F
100
AcDbEntity
  8
0
 62
     7
100
AcDbSpline
210
0.0
220
0.0
230
1.0
 70
     8
 71
     3
 72
     8
 73
     4
 74
     0
 42
0.000000001
 43
0.0000000001
 40
0.0
 40
0.0
 40
0.0
 40
0.0
 40
1.0
 40
1.0
 40
1.0
 40
1.0
 10
88.711093
 20
75.412245
 30
0.0
 10
88.700793
 20
75.926405
 30
0.0
 10
88.35127299999998
 20
76.975065
 30
0.0
 10
87.71373299999998
 20
77.52003499999998
 30
0.0
  0
SPLINE
  5
65F
330
1F
100
AcDbEntity
  8
0
 62
     7
100
AcDbSpline
210
0.0
220
0.0
230
1.0
 70
     8
 71
     3
 72
     8
 73
     4
 74
     0
 42
0.000000001
 43
0.0000000001
 40
0.0
 40
0.0
 40
0.0
 40
0.0
 40
1.0
 40
1.0
 40
1.0
 40
1.0
 10
87.71373299999998
 20
77.52003499999998
 30
0.0
 10
88.17644300000003
 20
76.831195
 30
0.0
 10
88.244643
 20
74.724295
 30
0.0
 10
88.03242299999999
 20
73.715715
 30
0.0
  0
SPLINE
  5
660
330
1F
100
AcDbEntity
  8
0
 62
     7
100
AcDbSpline
210
0.0
220
0.0
230
1.0
 70
     8
 71
     3
 72
     8
 73
     4
 74
     0
 42
0.000000001
 43
0.0000000001
 40
0.0
 40
0.0
 40
0.0
 40
0.0
 40
1.0
 40
1.0
 40
1.0
 40
1.0
 10
88.03242299999999
 20
73.715715
 30
0.0
 10
88.02212299999998
 20
74.085855
 30
0.0
 10
87.46696300000001
 20
75.648685
 30
0.0
 10
86.603303
 20
76.471215
 30
0.0
  0
SPLINE
  5
661
330
1F
100
AcDbEntity
  8
0
 62
     7
100
AcDbSpline
210
0.0
220
0.0
230
1.0
 70
     8
 71
     3
 72
     8
 73
     4
 74
     0
 42
0.000000001
 43
0.0000000001
 40
0.0
 40
0.0
 40
0.0
 40
0.0
 40
1.0
 40
1.0
 40
1.0
 40
1.0
 10
86.603303
 20
76.471215
 30
0.0
 10
87.02489300000001
 20
75.72061500000002
 30
0.0
 10
87.78566299999999
 20
73.335255
 30
0.0
 10
87.395033
 20
72.194015
 30
0.0
  0
SPLINE
  5
662
330
1F
100
AcDbEntity
  8
0
 62
     7
100
AcDbSpline
210
0.0
220
0.0
230
1.0
 70
     8
 71
     3
 72
     8
 73
     4
 74
     0
 42
0.000000001
 43
0.0000000001
 40
0.0
 40
0.0
 40
0.0
 40
0.0
 40
1.0
 40
1.0
 40
1.0
 40
1.0
 10
87.395033
 20
72.194015
 30
0.0
 10
87.33343299999999
 20
72.708185
 30
0.0
 10
86.55185300000002
 20
74.075535
 30
0.0
 10
85.58544300000001
 20
74.785015
 30
0.0
  0
SPLINE
  5
663
330
1F
100
AcDbEntity
  8
0
 62
     7
100
AcDbSpline
210
0.0
220
0.0
230
1.0
 70
     8
 71
     3
 72
     8
 73
     4
 74
     0
 42
0.000000001
 43
0.0000000001
 40
0.0
 40
0.0
 40
0.0
 40
0.0
 40
1.0
 40
1.0
 40
1.0
 40
1.0
 10
85.58544300000001
 20
74.785015
 30
0.0
 10
86.36686299999999
 20
73.952155
 30
0.0
 10
86.85006300000003
 20
72.101445
 30
0.0
 10
86.716513
 20
70.38443499999998
 30
0.0
  0
SPLINE
  5
664
330
1F
100
AcDbEntity
  8
0
 62
     7
100
AcDbSpline
210
0.0
220
0.0
230
1.0
 70
     8
 71
     3
 72
     8
 73
     4
 74
     0
 42
0.000000001
 43
0.0000000001
 40
0.0
 40
0.0
 40
0.0
 40
0.0
 40
1.0
 40
1.0
 40
1.0
 40
1.0
 10
86.716513
 20
70.38443499999998
 30
0.0
 10
86.64461300000002
 20
71.093915
 30
0.0
 10
85.544313
 20
72.893175
 30
0.0
 10
84.40308299999998
 20
73.54089499999997
 30
0.0
  0
SPLINE
  5
665
330
1F
100
AcDbEntity
  8
0
 62
     7
100
AcDbSpline
210
0.0
220
0.0
230
1.0
 70
     8
 71
     3
 72
     8
 73
     4
 74
     0
 42
0.000000001
 43
0.0000000001
 40
0.0
 40
0.0
 40
0.0
 40
0.0
 40
1.0
 40
1.0
 40
1.0
 40
1.0
 10
84.40308299999998
 20
73.54089499999997
 30
0.0
 10
85.24626299999999
 20
72.738845
 30
0.0
 10
86.109933
 20
70.28154499999999
 30
0.0
 10
86.17154300000001
 20
68.687915
 30
0.0
  0
SPLINE
  5
666
330
1F
100
AcDbEntity
  8
0
 62
     7
100
AcDbSpline
210
0.0
220
0.0
230
1.0
 70
     8
 71
     3
 72
     8
 73
     4
 74
     0
 42
0.000000001
 43
0.0000000001
 40
0.0
 40
0.0
 40
0.0
 40
0.0
 40
1.0
 40
1.0
 40
1.0
 40
1.0
 10
86.17154300000001
 20
68.687915
 30
0.0
 10
86.00703299999997
 20
69.376755
 30
0.0
 10
84.56759299999999
 20
71.412605
 30
0.0
 10
83.37491300000001
 20
71.957425
 30
0.0
  0
SPLINE
  5
667
330
1F
100
AcDbEntity
  8
0
 62
     7
100
AcDbSpline
210
0.0
220
0.0
230
1.0
 70
     8
 71
     3
 72
     8
 73
     4
 74
     0
 42
0.000000001
 43
0.0000000001
 40
0.0
 40
0.0
 40
0.0
 40
0.0
 40
1.0
 40
1.0
 40
1.0
 40
1.0
 10
83.37491300000001
 20
71.957425
 30
0.0
 10
84.290023
 20
71.083445
 30
0.0
 10
85.266753
 20
69.16079499999999
 30
0.0
 10
85.39013299999998
 20
67.82424499999999
 30
0.0
  0
SPLINE
  5
668
330
1F
100
AcDbEntity
  8
0
 62
     7
100
AcDbSpline
210
0.0
220
0.0
230
1.0
 70
     8
 71
     3
 72
     8
 73
     4
 74
     0
 42
0.000000001
 43
0.0000000001
 40
0.0
 40
0.0
 40
0.0
 40
0.0
 40
1.0
 40
1.0
 40
1.0
 40
1.0
 10
85.39013299999998
 20
67.82424499999999
 30
0.0
 10
85.20498299999998
 20
68.36921499999999
 30
0.0
 10
83.601033
 20
70.37411500000001
 30
0.0
 10
82.20272299999997
 20
70.79570499999999
 30
0.0
  0
SPLINE
  5
669
330
1F
100
AcDbEntity
  8
0
 62
     7
100
AcDbSpline
210
0.0
220
0.0
230
1.0
 70
     8
 71
     3
 72
     8
 73
     4
 74
     0
 42
0.000000001
 43
0.0000000001
 40
0.0
 40
0.0
 40
0.0
 40
0.0
 40
1.0
 40
1.0
 40
1.0
 40
1.0
 10
82.20272299999997
 20
70.79570499999999
 30
0.0
 10
83.03557299999999
 20
70.312505
 30
0.0
 10
84.413253
 20
68.687915
 30
0.0
 10
84.61889300000001
 20
67.351355
 30
0.0
  0
SPLINE
  5
66A
330
1F
100
AcDbEntity
  8
0
 62
     7
100
AcDbSpline
210
0.0
220
0.0
230
1.0
 70
     8
 71
     3
 72
     8
 73
     4
 74
     0
 42
0.000000001
 43
0.0000000001
 40
0.0
 40
0.0
 40
0.0
 40
0.0
 40
1.0
 40
1.0
 40
1.0
 40
1.0
 10
84.61889300000001
 20
67.351355
 30
0.0
 10
83.65233299999998
 20
68.708545
 30
0.0
 10
81.462433
 20
70.086375
 30
0.0
 10
81.462433
 20
70.086375
 30
0.0
  0
SPLINE
  5
66B
330
1F
100
AcDbEntity
  8
0
 62
     7
100
AcDbSpline
210
0.0
220
0.0
230
1.0
 70
     8
 71
     3
 72
     8
 73
     4
 74
     0
 42
0.000000001
 43
0.0000000001
 40
0.0
 40
0.0
 40
0.0
 40
0.0
 40
1.0
 40
1.0
 40
1.0
 40
1.0
 10
81.462433
 20
70.086375
 30
0.0
 10
81.462433
 20
70.086375
 30
0.0
 10
83.446843
 20
68.071155
 30
0.0
 10
83.80666299999999
 20
66.909285
 30
0.0
  0
SPLINE
  5
66C
330
1F
100
AcDbEntity
  8
0
 62
     7
100
AcDbSpline
210
0.0
220
0.0
230
1.0
 70
     8
 71
     3
 72
     8
 73
     4
 74
     0
 42
0.000000001
 43
0.0000000001
 40
0.0
 40
0.0
 40
0.0
 40
0.0
 40
1.0
 40
1.0
 40
1.0
 40
1.0
 10
83.80666299999999
 20
66.909285
 30
0.0
 10
83.302823
 20
67.556995
 30
0.0
 10
81.339053
 20
68.533725
 30
0.0
 10
80.04363299999999
 20
69.315135
 30
0.0
  0
SPLINE
  5
66D
330
1F
100
AcDbEntity
  8
0
 62
     7
100
AcDbSpline
210
0.0
220
0.0
230
1.0
 70
     8
 71
     3
 72
     8
 73
     4
 74
     0
 42
0.000000001
 43
0.0000000001
 40
0.0
 40
0.0
 40
0.0
 40
0.0
 40
1.0
 40
1.0
 40
1.0
 40
1.0
 10
80.04363299999999
 20
69.315135
 30
0.0
 10
80.04363299999999
 20
69.315135
 30
0.0
 10
82.377543
 20
67.145725
 30
0.0
 10
83.29265300000001
 20
66.384805
 30
0.0
  0
SPLINE
  5
66E
330
1F
100
AcDbEntity
  8
0
 62
     7
100
AcDbSpline
210
0.0
220
0.0
230
1.0
 70
     8
 71
     3
 72
     8
 73
     4
 74
     0
 42
0.000000001
 43
0.0000000001
 40
0.0
 40
0.0
 40
0.0
 40
0.0
 40
1.0
 40
1.0
 40
1.0
 40
1.0
 10
83.29265300000001
 20
66.384805
 30
0.0
 10
81.62694300000003
 20
66.405405
 30
0.0
 10
79.83799300000002
 20
67.783115
 30
0.0
 10
78.58369300000003
 20
68.749675
 30
0.0
  0
SPLINE
  5
66F
330
1F
100
AcDbEntity
  8
0
 62
     7
100
AcDbSpline
210
0.0
220
0.0
230
1.0
 70
     8
 71
     3
 72
     8
 73
     4
 74
     0
 42
0.000000001
 43
0.0000000001
 40
0.0
 40
0.0
 40
0.0
 40
0.0
 40
1.0
 40
1.0
 40
1.0
 40
1.0
 10
78.58369300000003
 20
68.749675
 30
0.0
 10
79.53949300000002
 20
67.50599499999998
 30
0.0
 10
80.978933
 20
66.08704499999999
 30
0.0
 10
82.75770300000003
 20
65.367395
 30
0.0
  0
LWPOLYLINE
  5
670
330
1F
100
AcDbEntity
  8
0
 62
     7
100
AcDbPolyline
 90
        2
 70
     1
 43
0.0
 10
56.40569300000001
 20
74.33307499999997
 10
56.40569300000001
 20
74.33307499999997
  0
LWPOLYLINE
  5
671
330
1F
100
AcDbEntity
  8
0
 62
     7
100
AcDbPolyline
 90
        2
 70
     1
 43
0.0
 10
82.75770300000003
 20
65.367395
 10
82.75770300000003
 20
65.367395
  0
ENDSEC
  0
SECTION
  2
OBJECTS
  0
DICTIONARY
  5
C
330
0
100
AcDbDictionary
281
     1
  3
ACAD_CIP_PREVIOUS_PRODUCT_INFO
350
10056
  3
ACAD_COLOR
350
10035
  3
ACAD_DETAILVIEWSTYLE
350
1004F
  3
ACAD_GROUP
350
D
  3
ACAD_LAST_SAVED_VERSION_INFO
350
1005F
  3
ACAD_LAYOUT
350
10036
  3
ACAD_MATERIAL
350
10003
  3
ACAD_MLEADERSTYLE
350
1004B
  3
ACAD_MLINESTYLE
350
17
  3
ACAD_PLOTSETTINGS
350
10051
  3
ACAD_PLOTSTYLENAME
350
10001
  3
ACAD_RENDER_ACTIVE_RAPIDRT_SETTINGS
350
1005E
  3
ACAD_RENDER_ACTIVE_SETTINGS
350
103AD
  3
ACAD_RENDER_RAPIDRT_SETTINGS
350
103B5
  3
ACAD_SCALELIST
350
10039
  3
ACAD_SECTIONVIEWSTYLE
350
1004D
  3
ACAD_TABLESTYLE
350
10037
  3
ACAD_VISUALSTYLE
350
1001C
  3
ACDB_RECOMPOSE_DATA
350
103BD
  3
AcDbVariableDictionary
350
10062
  0
DICTIONARY
  5
10060
330
50
100
AcDbDictionary
280
     1
281
     1
  3
ADSK_XREC_LAYER_RECONCILED
360
10061
  0
XRECORD
  5
10056
102
{ACAD_REACTORS
330
C
102
}
330
C
100
AcDbXrecord
280
     1
300
ACD
300
2025
300
87919ACD_2025_0F
  0
DICTIONARY
  5
10035
102
{ACAD_REACTORS
330
C
102
}
330
C
100
AcDbDictionary
281
     1
  0
DICTIONARY
  5
1004F
102
{ACAD_REACTORS
330
C
102
}
330
C
100
AcDbDictionary
281
     1
  3
Metric50
350
10050
  0
DICTIONARY
  5
D
330
C
100
AcDbDictionary
281
     1
  0
XRECORD
  5
1005F
102
{ACAD_REACTORS
330
C
102
}
330
C
100
AcDbXrecord
280
     1
300
{C059F5A5-4C9E-6D46-8AC3-BEE6823B07BF}
301
{35641152-3C24-AE41-85BF-EB2E2EC6AF44}
302
{C059F5A5-4C9E-6D46-8AC3-BEE6823B07BF}
303
\\VBoxSvr\Proyectos\gcodekit5-design\assets\dxf\7997964_889-Ac2018.dxf
  0
DICTIONARY
  5
10036
102
{ACAD_REACTORS
330
C
102
}
330
C
100
AcDbDictionary
281
     1
  3
Model
350
10052
  3
Presentación1
350
10053
  0
DICTIONARY
  5
10003
102
{ACAD_REACTORS
330
C
102
}
330
C
100
AcDbDictionary
281
     1
  3
ByBlock
350
1000C
  3
ByLayer
350
10004
  3
Global
350
10014
  0
DICTIONARY
  5
1004B
102
{ACAD_REACTORS
330
C
102
}
330
C
100
AcDbDictionary
281
     1
  3
Standard
350
1004C
  0
DICTIONARY
  5
17
330
C
100
AcDbDictionary
281
     1
  3
Standard
350
103B2
  0
DICTIONARY
  5
10051
102
{ACAD_REACTORS
330
C
102
}
330
C
100
AcDbDictionary
281
     1
  0
ACDBDICTIONARYWDFLT
  5
10001
102
{ACAD_REACTORS
330
C
102
}
330
C
100
AcDbDictionary
281
     1
  3
Normal
350
10002
100
AcDbDictionaryWithDefault
340
10002
  0
RAPIDRTRENDERSETTINGS
  5
1005E
102
{ACAD_REACTORS
330
C
102
}
330
C
100
AcDbRenderSettings
 90
        2
  1
Medio
290
     1
290
     0
290
     1
290
     1
  1

  1
Aplica 5 niveles de renderización
 90
        0
100
AcDbRapidRTRenderSettings
 90
        3
 70
     0
 90
        5
 90
        1
 70
     1
 70
     2
 40
3.0
 40
3.0
290
     1
  0
MENTALRAYRENDERSETTINGS
  5
103AD
102
{ACAD_XDICTIONARY
360
103AE
102
}
102
{ACAD_REACTORS
330
C
102
}
330
C
100
AcDbRenderSettings
 90
        2
  1
Medio
290
     1
290
     1
290
     1
290
     1
  1

  1

 90
        0
100
AcDbMentalRayRenderSettings
 90
        2
 90
        0
 90
        1
 70
     2
 40
3.0
 40
3.0
 40
0.0500000007450581
 40
0.0500000007450581
 40
0.0500000007450581
 40
0.0500000007450581
 70
     0
290
     0
290
     1
 90
        5
 90
        5
 90
        5
290
     0
 90
      500
290
     0
 40
1.0
 90
    10000
 90
        5
 90
        5
 90
        5
290
     0
 90
      200
290
     0
290
     0
290
     0
 40
1.0
 40
1.0
 40
1500.0
 70
     0
 70
     0
 40
10.0
 70
     0
 70
     0
290
     0
  1

 90
       32
 70
     0
 90
     1048
290
     0
 40
1.0
  0
DICTIONARY
  5
103B5
102
{ACAD_REACTORS
330
C
102
}
330
C
100
AcDbDictionary
281
     1
  3
Alto
350
103B8
  3
Bajo
350
103B6
  3
Calidad un almuerzo
350
103BA
  3
Calidad una noche
350
103BB
  3
Calidad una pausa café
350
103B9
  3
Medio
350
103B7
  0
DICTIONARY
  5
10039
102
{ACAD_REACTORS
330
C
102
}
330
C
100
AcDbDictionary
281
     1
  3
A0
350
1003A
  3
A1
350
1003B
  3
A2
350
1003C
  3
A3
350
1003D
  3
A4
350
1003E
  3
A5
350
1003F
  3
A6
350
10040
  3
A7
350
10041
  3
A8
350
10042
  3
A9
350
10043
  3
B0
350
10044
  3
B1
350
10045
  3
B2
350
10046
  3
B3
350
10047
  3
B4
350
10048
  3
B5
350
10049
  3
B6
350
1004A
  0
DICTIONARY
  5
1004D
102
{ACAD_REACTORS
330
C
102
}
330
C
100
AcDbDictionary
281
     1
  3
Metric50
350
1004E
  0
DICTIONARY
  5
10037
102
{ACAD_REACTORS
330
C
102
}
330
C
100
AcDbDictionary
281
     1
  3
Standard
350
10038
  0
DICTIONARY
  5
1001C
102
{ACAD_REACTORS
330
C
102
}
330
C
100
AcDbDictionary
281
     1
  3
2dWireframe
350
10022
  3
Basic
350
10021
  3
Brighten
350
10028
  3
ColorChange
350
1002C
  3
Conceptual
350
10025
  3
Dim
350
10027
  3
EdgeColorOff
350
10034
  3
Facepattern
350
1002B
  3
Flat
350
1001D
  3
FlatWithEdges
350
1001E
  3
Gouraud
350
1001F
  3
GouraudWithEdges
350
10020
  3
Hidden
350
10024
  3
JitterOff
350
10032
  3
Linepattern
350
1002A
  3
OverhangOff
350
10033
  3
Realistic
350
10026
  3
Shaded
350
10031
  3
Shaded with edges
350
10030
  3
Shades of Gray
350
1002D
  3
Sketchy
350
1002E
  3
Thicken
350
10029
  3
Wireframe
350
10023
  3
X-Ray
350
1002F
  0
XRECORD
  5
103BD
102
{ACAD_REACTORS
330
C
102
}
330
C
100
AcDbXrecord
280
     1
 90
        1
330
10038
  0
DICTIONARY
  5
10062
102
{ACAD_REACTORS
330
C
102
}
330
C
100
AcDbDictionary
281
     1
  3
CANNOSCALE
350
10068
  3
CMLEADERSTYLE
350
10064
  3
CTABLESTYLE
350
10063
  3
CVIEWDETAILSTYLE
350
10065
  3
CVIEWSECTIONSTYLE
350
10066
  3
DIMASSOC
350
100A9
  3
INDEXCTL
350
100A8
  3
LAYEREVAL
350
1006A
  3
LAYERNOTIFY
350
1006B
  3
LIGHTINGUNITS
350
10069
  3
MSLTSCALE
350
10067
  3
SORTENTS
350
100A7
  3
XCLIPFRAME
350
100AA
  0
XRECORD
  5
10061
102
{ACAD_REACTORS
330
10060
102
}
330
10060
100
AcDbXrecord
280
     1
290
     1
  0
ACDBDETAILVIEWSTYLE
  5
10050
102
{ACAD_REACTORS
330
1004F
102
}
330
1004F
100
AcDbModelDocViewStyle
 70
     0
  3
Metric50
290
     0
300
Metric50
 90
        0
100
AcDbDetailViewStyle
 70
     0
 71
     0
 90
        3
 71
     1
340
11
 62
   256
 40
5.0
340
0
 62
   256
 40
5.0
300

 40
0.0
280
     1
 71
     2
340
16
 90
       25
 62
   256
 71
     3
340
11
 62
   256
 40
5.0
 90
        0
 40
15.0
 90
        1
300
%<\AcVar ViewDetailId>% (%<\AcVar ViewScale \f "%sn">%)
 71
     4
340
16
 90
       25
 62
   256
340
16
 90
       25
 62
   256
280
     0
  0
LAYOUT
  5
10052
102
{ACAD_REACTORS
330
10036
102
}
330
10036
100
AcDbPlotSettings
  1

  2
C:\Users\vboxuser\AppData\Roaming\Autodesk\AutoCAD 2025\R25.0\esp\plotters\PublishToWeb PNG.pc3
  4

  6

 40
0.0
 41
0.0
 42
0.0
 43
0.0
 44
0.0
 45
0.0
 46
0.0
 47
0.0
 48
0.0
 49
0.0
140
0.0
141
0.0
142
1.0
143
1.0
 70
  1712
 72
     0
 73
     0
 74
     0
  7

 75
     0
147
1.0
 76
     0
 77
     2
 78
   300
148
0.0
149
0.0
100
AcDbLayout
  1
Model
 70
     1
 71
     0
 10
0.0
 20
0.0
 11
12.0
 21
9.0
 12
0.0
 22
0.0
 32
0.0
 14
0.0
 24
0.0
 34
0.0
 15
0.0
 25
0.0
 35
0.0
146
0.0
 13
0.0
 23
0.0
 33
0.0
 16
1.0
 26
0.0
 36
0.0
 17
0.0
 27
1.0
 37
0.0
 76
     0
330
1F
331
2E
  0
LAYOUT
  5
10053
102
{ACAD_REACTORS
330
10036
102
}
330
10036
100
AcDbPlotSettings
  1

  2
C:\Users\vboxuser\AppData\Roaming\Autodesk\AutoCAD 2025\R25.0\esp\plotters\PublishToWeb PNG.pc3
  4

  6

 40
0.0
 41
0.0
 42
0.0
 43
0.0
 44
0.0
 45
0.0
 46
0.0
 47
0.0
 48
0.0
 49
0.0
140
0.0
141
0.0
142
1.0
143
1.0
 70
   688
 72
     0
 73
     0
 74
     5
  7

 75
    16
147
1.0
 76
     0
 77
     2
 78
   300
148
0.0
149
0.0
100
AcDbLayout
  1
Presentación1
 70
     1
 71
     1
 10
0.0
 20
0.0
 11
12.0
 21
9.0
 12
0.0
 22
0.0
 32
0.0
 14
1.000000000000000E+20
 24
1.000000000000000E+20
 34
1.000000000000000E+20
 15
-1.000000000000000E+20
 25
-1.000000000000000E+20
 35
-1.000000000000000E+20
146
0.0
 13
0.0
 23
0.0
 33
0.0
 16
1.0
 26
0.0
 36
0.0
 17
0.0
 27
1.0
 37
0.0
 76
     0
330
1B
  0
MATERIAL
  5
1000C
102
{ACAD_XDICTIONARY
360
1000D
102
}
102
{ACAD_REACTORS
330
10003
102
}
330
10003
100
AcDbMaterial
  1
ByBlock
 72
     0
 43
0.0208333333333333
 43
0.0
 43
0.0
 43
0.0
 43
0.0
 43
0.0208333333333333
 43
0.0
 43
0.0
 43
0.0
 43
0.0
 43
1.0
 43
0.0
 43
0.0
 43
0.0
 43
0.0
 43
1.0
 77
     0
 47
0.0208333333333333
 47
0.0
 47
0.0
 47
0.0
 47
0.0
 47
0.0208333333333333
 47
0.0
 47
0.0
 47
0.0
 47
0.0
 47
1.0
 47
0.0
 47
0.0
 47
0.0
 47
0.0
 47
1.0
171
     0
 49
0.0208333333333333
 49
0.0
 49
0.0
 49
0.0
 49
0.0
 49
0.0208333333333333
 49
0.0
 49
0.0
 49
0.0
 49
0.0
 49
1.0
 49
0.0
 49
0.0
 49
0.0
 49
0.0
 49
1.0
175
     0
142
0.0208333333333333
142
0.0
142
0.0
142
0.0
142
0.0
142
0.0208333333333333
142
0.0
142
0.0
142
0.0
142
0.0
142
1.0
142
0.0
142
0.0
142
0.0
142
0.0
142
1.0
179
     0
144
0.0208333333333333
144
0.0
144
0.0
144
0.0
144
0.0
144
0.0208333333333333
144
0.0
144
0.0
144
0.0
144
0.0
144
1.0
144
0.0
144
0.0
144
0.0
144
0.0
144
1.0
147
0.0208333333333333
147
0.0
147
0.0
147
0.0
147
0.0
147
0.0208333333333333
147
0.0
147
0.0
147
0.0
147
0.0
147
1.0
147
0.0
147
0.0
147
0.0
147
0.0
147
1.0
  0
MATERIAL
  5
10004
102
{ACAD_XDICTIONARY
360
10005
102
}
102
{ACAD_REACTORS
330
10003
102
}
330
10003
100
AcDbMaterial
  1
ByLayer
 72
     0
 43
0.0208333333333333
 43
0.0
 43
0.0
 43
0.0
 43
0.0
 43
0.0208333333333333
 43
0.0
 43
0.0
 43
0.0
 43
0.0
 43
1.0
 43
0.0
 43
0.0
 43
0.0
 43
0.0
 43
1.0
 77
     0
 47
0.0208333333333333
 47
0.0
 47
0.0
 47
0.0
 47
0.0
 47
0.0208333333333333
 47
0.0
 47
0.0
 47
0.0
 47
0.0
 47
1.0
 47
0.0
 47
0.0
 47
0.0
 47
0.0
 47
1.0
171
     0
 49
0.0208333333333333
 49
0.0
 49
0.0
 49
0.0
 49
0.0
 49
0.0208333333333333
 49
0.0
 49
0.0
 49
0.0
 49
0.0
 49
1.0
 49
0.0
 49
0.0
 49
0.0
 49
0.0
 49
1.0
175
     0
142
0.0208333333333333
142
0.0
142
0.0
142
0.0
142
0.0
142
0.0208333333333333
142
0.0
142
0.0
142
0.0
142
0.0
142
1.0
142
0.0
142
0.0
142
0.0
142
0.0
142
1.0
179
     0
144
0.0208333333333333
144
0.0
144
0.0
144
0.0
144
0.0
144
0.0208333333333333
144
0.0
144
0.0
144
0.0
144
0.0
144
1.0
144
0.0
144
0.0
144
0.0
144
0.0
144
1.0
147
0.0208333333333333
147
0.0
147
0.0
147
0.0
147
0.0
147
0.0208333333333333
147
0.0
147
0.0
147
0.0
147
0.0
147
1.0
147
0.0
147
0.0
147
0.0
147
0.0
147
1.0
  0
MATERIAL
  5
10014
102
{ACAD_XDICTIONARY
360
10015
102
}
102
{ACAD_REACTORS
330
10003
102
}
330
10003
100
AcDbMaterial
  1
Global
 72
     0
 43
0.0208333333333333
 43
0.0
 43
0.0
 43
0.0
 43
0.0
 43
0.0208333333333333
 43
0.0
 43
0.0
 43
0.0
 43
0.0
 43
1.0
 43
0.0
 43
0.0
 43
0.0
 43
0.0
 43
1.0
 77
     0
 47
0.0208333333333333
 47
0.0
 47
0.0
 47
0.0
 47
0.0
 47
0.0208333333333333
 47
0.0
 47
0.0
 47
0.0
 47
0.0
 47
1.0
 47
0.0
 47
0.0
 47
0.0
 47
0.0
 47
1.0
171
     0
 49
0.0208333333333333
 49
0.0
 49
0.0
 49
0.0
 49
0.0
 49
0.0208333333333333
 49
0.0
 49
0.0
 49
0.0
 49
0.0
 49
1.0
 49
0.0
 49
0.0
 49
0.0
 49
0.0
 49
1.0
175
     0
142
0.0208333333333333
142
0.0
142
0.0
142
0.0
142
0.0
142
0.0208333333333333
142
0.0
142
0.0
142
0.0
142
0.0
142
1.0
142
0.0
142
0.0
142
0.0
142
0.0
142
1.0
179
     0
144
0.0208333333333333
144
0.0
144
0.0
144
0.0
144
0.0
144
0.0208333333333333
144
0.0
144
0.0
144
0.0
144
0.0
144
1.0
144
0.0
144
0.0
144
0.0
144
0.0
144
1.0
147
0.0208333333333333
147
0.0
147
0.0
147
0.0
147
0.0
147
0.0208333333333333
147
0.0
147
0.0
147
0.0
147
0.0
147
1.0
147
0.0
147
0.0
147
0.0
147
0.0
147
1.0
  0
MLEADERSTYLE
  5
1004C
102
{ACAD_REACTORS
330
1004B
102
}
330
1004B
100
AcDbMLeaderStyle
179
     2
170
     2
171
     1
172
     0
 90
        2
 40
0.0
 41
0.0
173
     1
 91
-1056964608
340
14
 92
       -2
290
     1
 42
2.0
291
     1
 43
0.36
  3
Standard
 44
4.0
300

342
11
174
     1
178
     6
175
     1
176
     0
 93
-1056964608
 45
4.0
292
     0
297
     0
 46
4.0
 94
-1056964608
 47
1.0
 49
1.0
140
1.0
293
     1
141
0.0
294
     1
177
     0
142
1.0
295
     0
296
     0
143
0.125
271
     0
272
     9
273
     9
298
     0
  0
MLINESTYLE
  5
103B2
102
{ACAD_REACTORS
330
17
102
}
330
17
100
AcDbMlineStyle
  2
STANDARD
 70
     0
  3

 62
   256
 51
90.0
 52
90.0
 71
     2
 49
0.5
 62
   256
  6
BYLAYER
 49
-0.5
 62
   256
  6
BYLAYER
  0
ACDBPLACEHOLDER
  5
10002
102
{ACAD_REACTORS
330
10001
102
}
330
10001
  0
DICTIONARY
  5
103AE
330
103AD
100
AcDbDictionary
280
     1
281
     1
  3
ADSK_XREC_MENTALRAYSETTINGSINFO
360
103AF
  0
RAPIDRTRENDERSETTINGS
  5
103B8
102
{ACAD_REACTORS
330
103B5
102
}
330
103B5
100
AcDbRenderSettings
 90
        2
  1
Alto
290
     1
290
     0
290
     1
290
     1
  1

  1
Aplica 10 niveles de renderización
 90
        2
100
AcDbRapidRTRenderSettings
 90
        3
 70
     0
 90
       10
 90
        1
 70
     2
 70
     2
 40
3.0
 40
3.0
290
     1
  0
RAPIDRTRENDERSETTINGS
  5
103B6
102
{ACAD_REACTORS
330
103B5
102
}
330
103B5
100
AcDbRenderSettings
 90
        2
  1
Bajo
290
     1
290
     0
290
     1
290
     1
  1

  1
Aplica 1 nivel de renderización
 90
        0
100
AcDbRapidRTRenderSettings
 90
        3
 70
     0
 90
        1
 90
        1
 70
     0
 70
     2
 40
3.0
 40
3.0
290
     1
  0
RAPIDRTRENDERSETTINGS
  5
103BA
102
{ACAD_REACTORS
330
103B5
102
}
330
103B5
100
AcDbRenderSettings
 90
        2
  1
Calidad un almuerzo
290
     1
290
     0
290
     1
290
     1
  1

  1
Renderiza durante 60 minutos
 90
        4
100
AcDbRapidRTRenderSettings
 90
        3
 70
     1
 90
        1
 90
       60
 70
     2
 70
     2
 40
3.0
 40
3.0
290
     1
  0
RAPIDRTRENDERSETTINGS
  5
103BB
102
{ACAD_REACTORS
330
103B5
102
}
330
103B5
100
AcDbRenderSettings
 90
        2
  1
Calidad una noche
290
     1
290
     0
290
     1
290
     1
  1

  1
Renderiza durante 12 horas
 90
        5
100
AcDbRapidRTRenderSettings
 90
        3
 70
     1
 90
        1
 90
      720
 70
     2
 70
     2
 40
3.0
 40
3.0
290
     1
  0
RAPIDRTRENDERSETTINGS
  5
103B9
102
{ACAD_REACTORS
330
103B5
102
}
330
103B5
100
AcDbRenderSettings
 90
        2
  1
Calidad una pausa café
290
     1
290
     0
290
     1
290
     1
  1

  1
Renderiza durante 10 minutos
 90
        3
100
AcDbRapidRTRenderSettings
 90
        3
 70
     1
 90
        1
 90
       10
 70
     1
 70
     2
 40
3.0
 40
3.0
290
     1
  0
RAPIDRTRENDERSETTINGS
  5
103B7
102
{ACAD_REACTORS
330
103B5
102
}
330
103B5
100
AcDbRenderSettings
 90
        2
  1
Medio
290
     1
290
     0
290
     1
290
     1
  1

  1
Aplica 5 niveles de renderización
 90
        1
100
AcDbRapidRTRenderSettings
 90
        3
 70
     0
 90
        5
 90
        1
 70
     1
 70
     2
 40
3.0
 40
3.0
290
     1
  0
SCALE
  5
1003A
102
{ACAD_REACTORS
330
10039
102
}
330
10039
100
AcDbScale
 70
     0
300
1:1
140
1.0
141
1.0
290
     1
  0
SCALE
  5
1003B
102
{ACAD_REACTORS
330
10039
102
}
330
10039
100
AcDbScale
 70
     0
300
1:2
140
1.0
141
2.0
290
     0
  0
SCALE
  5
1003C
102
{ACAD_REACTORS
330
10039
102
}
330
10039
100
AcDbScale
 70
     0
300
1:4
140
1.0
141
4.0
290
     0
  0
SCALE
  5
1003D
102
{ACAD_REACTORS
330
10039
102
}
330
10039
100
AcDbScale
 70
     0
300
1:5
140
1.0
141
5.0
290
     0
  0
SCALE
  5
1003E
102
{ACAD_REACTORS
330
10039
102
}
330
10039
100
AcDbScale
 70
     0
300
1:8
140
1.0
141
8.0
290
     0
  0
SCALE
  5
1003F
102
{ACAD_REACTORS
330
10039
102
}
330
10039
100
AcDbScale
 70
     0
300
1:10
140
1.0
141
10.0
290
     0
  0
SCALE
  5
10040
102
{ACAD_REACTORS
330
10039
102
}
330
10039
100
AcDbScale
 70
     0
300
1:16
140
1.0
141
16.0
290
     0
  0
SCALE
  5
10041
102
{ACAD_REACTORS
330
10039
102
}
330
10039
100
AcDbScale
 70
     0
300
1:20
140
1.0
141
20.0
290
     0
  0
SCALE
  5
10042
102
{ACAD_REACTORS
330
10039
102
}
330
10039
100
AcDbScale
 70
     0
300
1:30
140
1.0
141
30.0
290
     0
  0
SCALE
  5
10043
102
{ACAD_REACTORS
330
10039
102
}
330
10039
100
AcDbScale
 70
     0
300
1:40
140
1.0
141
40.0
290
     0
  0
SCALE
  5
10044
102
{ACAD_REACTORS
330
10039
102
}
330
10039
100
AcDbScale
 70
     0
300
1:50
140
1.0
141
50.0
290
     0
  0
SCALE
  5
10045
102
{ACAD_REACTORS
330
10039
102
}
330
10039
100
AcDbScale
 70
     0
300
1:100
140
1.0
141
100.0
290
     0
  0
SCALE
  5
10046
102
{ACAD_REACTORS
330
10039
102
}
330
10039
100
AcDbScale
 70
     0
300
2:1
140
2.0
141
1.0
290
     0
  0
SCALE
  5
10047
102
{ACAD_REACTORS
330
10039
102
}
330
10039
100
AcDbScale
 70
     0
300
4:1
140
4.0
141
1.0
290
     0
  0
SCALE
  5
10048
102
{ACAD_REACTORS
330
10039
102
}
330
10039
100
AcDbScale
 70
     0
300
8:1
140
8.0
141
1.0
290
     0
  0
SCALE
  5
10049
102
{ACAD_REACTORS
330
10039
102
}
330
10039
100
AcDbScale
 70
     0
300
10:1
140
10.0
141
1.0
290
     0
  0
SCALE
  5
1004A
102
{ACAD_REACTORS
330
10039
102
}
330
10039
100
AcDbScale
 70
     0
300
100:1
140
100.0
141
1.0
290
     0
  0
ACDBSECTIONVIEWSTYLE
  5
1004E
102
{ACAD_REACTORS
330
1004D
102
}
330
1004D
100
AcDbModelDocViewStyle
 70
     0
  3
Metric50
290
     0
300
Metric50
 90
        0
100
AcDbSectionViewStyle
 70
     0
 71
     0
 90
      102
 71
     1
340
11
 62
   256
 40
5.0
340
0
340
0
 62
   256
 40
5.0
300
I, O, Q, S, X, Z
 40
10.0
 90
        0
 40
2.5
 90
        0
 71
     2
340
16
 90
       25
 62
   256
340
16
 90
       50
 62
   256
 40
5.0
 40
2.5
 40
5.0
 71
     3
340
11
 62
   256
 40
5.0
 90
        0
 40
15.0
 90
        1
300
%<\AcVar ViewSectionStartId>%-%<\AcVar ViewSectionEndId>% (%<\AcVar ViewScale \f "%sn">%)
 71
     4
 62
   256
 62
   257
300
ANSI31
 40
1.0
 90
        0
290
     0
290
     0
 90
        6
 40
0.0
 40
1.570796326794896
 40
0.2617993877991494
 40
1.308996938995747
 40
-0.2617993877991494
 40
1.832595714594045
  0
TABLESTYLE
  5
10038
102
{ACAD_XDICTIONARY
360
10376
102
}
102
{ACAD_REACTORS
330
10037
102
}
330
10037
100
AcDbTableStyle
280
     0
  3
Standard
 70
     0
 71
     0
 40
1.5
 41
1.5
280
     0
281
     0
  7
STANDARD
140
4.5
170
     2
 62
     0
 63
     7
283
     0
 90
      512
 91
        0
  1

274
    -2
284
     1
 64
     0
275
    -2
285
     1
 65
     0
276
    -2
286
     1
 66
     0
277
    -2
287
     1
 67
     0
278
    -2
288
     1
 68
     0
279
    -2
289
     1
 69
     0
  7
STANDARD
140
6.0
170
     5
 62
     0
 63
     7
283
     0
 90
      512
 91
        0
  1

274
    -2
284
     1
 64
     0
275
    -2
285
     1
 65
     0
276
    -2
286
     1
 66
     0
277
    -2
287
     1
 67
     0
278
    -2
288
     1
 68
     0
279
    -2
289
     1
 69
     0
  7
STANDARD
140
4.5
170
     5
 62
     0
 63
     7
283
     0
 90
      512
 91
        0
  1

274
    -2
284
     1
 64
     0
275
    -2
285
     1
 65
     0
276
    -2
286
     1
 66
     0
277
    -2
287
     1
 67
     0
278
    -2
288
     1
 68
     0
279
    -2
289
     1
 69
     0
  0
VISUALSTYLE
  5
10022
102
{ACAD_REACTORS
330
1001C
102
}
330
1001C
100
AcDbVisualStyle
  2
2dWireframe
 70
     4
177
     3
291
     0
 70
    58
 90
        0
176
     1
 90
        2
176
     1
 90
        0
176
     1
 90
        0
176
     1
 40
0.6
176
     1
 40
30.0
176
     1
 62
     7
420
 16777215
176
     1
 90
        1
176
     1
 90
        4
176
     1
 62
     7
176
     1
 62
   257
176
     1
 90
        1
176
     1
 90
        1
176
     1
 40
1.0
176
     1
 90
        0
176
     1
 62
   257
176
     1
 40
1.0
176
     1
 90
        1
176
     1
 90
        6
176
     1
 90
        2
176
     1
 62
     7
176
     1
 90
        5
176
     1
 90
        0
176
     1
 90
        0
176
     1
290
     0
176
     1
 90
        1
176
     1
 40
0.0
176
     1
 90
        0
176
     1
290
     1
176
     1
290
     1
176
     1
290
     0
176
     1
290
     0
176
     1
290
     0
176
     1
290
     0
176
     1
290
     0
176
     1
290
     0
176
     1
290
     0
176
     1
 90
       50
176
     1
 40
0.0
176
     1
 40
1.0
176
     1
 90
        0
176
     1
 62
    18
420
        0
176
     1
 90
       50
176
     1
 90
        3
176
     1
 62
     5
420
      255
176
     1
290
     0
176
     1
 90
       50
176
     1
 90
       50
176
     1
 90
       50
176
     1
290
     0
176
     1
 90
       50
176
     1
 62
   256
176
     0
 40
1.0
176
     0
 90
        2
176
     1
  1
strokes_ogs.tif
176
     1
290
     0
176
     1
 40
1.0
176
     1
 40
1.0
176
     1
1001
ACAD
1000
AcDbSavedByObjectVersion
1070
     0
  0
VISUALSTYLE
  5
10021
102
{ACAD_REACTORS
330
1001C
102
}
330
1001C
100
AcDbVisualStyle
  2
Basic
 70
     7
177
     3
291
     1
 70
    58
 90
        1
176
     1
 90
        0
176
     1
 90
        1
176
     1
 90
        0
176
     1
 40
0.6
176
     1
 40
30.0
176
     1
 62
     7
420
 16777215
176
     1
 90
        0
176
     1
 90
        4
176
     1
 62
     7
176
     1
 62
   257
176
     1
 90
        1
176
     1
 90
        1
176
     1
 40
1.0
176
     1
 90
        8
176
     1
 62
     7
176
     1
 40
1.0
176
     1
 90
        1
176
     1
 90
        6
176
     1
 90
        2
176
     1
 62
     7
176
     1
 90
        5
176
     1
 90
        0
176
     1
 90
        0
176
     1
290
     0
176
     1
 90
        1
176
     1
 40
0.0
176
     1
 90
        0
176
     1
290
     0
176
     1
290
     1
176
     1
290
     1
176
     1
290
     0
176
     1
290
     0
176
     1
290
     0
176
     1
290
     0
176
     1
290
     0
176
     1
290
     0
176
     1
 90
       50
176
     1
 40
0.0
176
     1
 40
1.0
176
     1
 90
        0
176
     1
 62
    18
420
        0
176
     1
 90
       50
176
     1
 90
        3
176
     1
 62
     5
420
      255
176
     1
290
     0
176
     1
 90
       50
176
     1
 90
       50
176
     1
 90
       50
176
     1
290
     0
176
     1
 90
       50
176
     1
 62
   256
176
     0
 40
1.0
176
     0
 90
        2
176
     1
  1
strokes_ogs.tif
176
     1
290
     0
176
     1
 40
1.0
176
     1
 40
1.0
176
     1
1001
ACAD
1000
AcDbSavedByObjectVersion
1070
     0
  0
VISUALSTYLE
  5
10028
102
{ACAD_REACTORS
330
1001C
102
}
330
1001C
100
AcDbVisualStyle
  2
Brighten
 70
    12
177
     3
291
     1
 70
    58
 90
        2
176
     1
 90
        2
176
     1
 90
        0
176
     1
 90
        0
176
     1
 40
0.6
176
     1
 40
30.0
176
     1
 62
     7
420
 16777215
176
     1
 90
        1
176
     1
 90
        4
176
     1
 62
     7
176
     1
 62
   257
176
     1
 90
        1
176
     1
 90
        1
176
     1
 40
1.0
176
     1
 90
        8
176
     1
 62
     7
176
     1
 40
1.0
176
     1
 90
        1
176
     1
 90
        6
176
     1
 90
        2
176
     1
 62
     7
176
     1
 90
        5
176
     1
 90
        0
176
     1
 90
        0
176
     1
290
     0
176
     1
 90
        1
176
     1
 40
50.0
176
     1
 90
        0
176
     1
290
     0
176
     1
290
     1
176
     1
290
     1
176
     1
290
     0
176
     1
290
     0
176
     1
290
     0
176
     1
290
     0
176
     1
290
     0
176
     1
290
     0
176
     1
 90
       50
176
     1
 40
0.0
176
     1
 40
1.0
176
     1
 90
        0
176
     1
 62
    18
420
        0
176
     1
 90
       50
176
     1
 90
        3
176
     1
 62
     5
420
      255
176
     1
290
     0
176
     1
 90
       50
176
     1
 90
       50
176
     1
 90
       50
176
     1
290
     0
176
     1
 90
       50
176
     1
 62
   256
176
     0
 40
1.0
176
     0
 90
        2
176
     1
  1
strokes_ogs.tif
176
     1
290
     0
176
     1
 40
1.0
176
     1
 40
1.0
176
     1
1001
ACAD
1000
AcDbSavedByObjectVersion
1070
     0
  0
VISUALSTYLE
  5
1002C
102
{ACAD_REACTORS
330
1001C
102
}
330
1001C
100
AcDbVisualStyle
  2
ColorChange
 70
    16
177
     3
291
     1
 70
    58
 90
        2
176
     1
 90
        2
176
     1
 90
        3
176
     1
 90
        0
176
     1
 40
0.6
176
     1
 40
30.0
176
     1
 62
     8
420
  8421504
176
     1
 90
        1
176
     1
 90
        4
176
     1
 62
     7
176
     1
 62
   257
176
     1
 90
        1
176
     1
 90
        1
176
     1
 40
1.0
176
     1
 90
        8
176
     1
 62
     8
420
  8421504
176
     1
 40
1.0
176
     1
 90
        1
176
     1
 90
        6
176
     1
 90
        2
176
     1
 62
     7
176
     1
 90
        5
176
     1
 90
        0
176
     1
 90
        0
176
     1
290
     0
176
     1
 90
        1
176
     1
 40
0.0
176
     1
 90
        0
176
     1
290
     0
176
     1
290
     1
176
     1
290
     1
176
     1
290
     0
176
     1
290
     0
176
     1
290
     0
176
     1
290
     0
176
     1
290
     0
176
     1
290
     0
176
     1
 90
       50
176
     1
 40
0.0
176
     1
 40
1.0
176
     1
 90
        0
176
     1
 62
    18
420
        0
176
     1
 90
       50
176
     1
 90
        3
176
     1
 62
     5
420
      255
176
     1
290
     0
176
     1
 90
       50
176
     1
 90
       50
176
     1
 90
       50
176
     1
290
     0
176
     1
 90
       50
176
     1
 62
   256
176
     0
 40
1.0
176
     0
 90
        2
176
     1
  1
strokes_ogs.tif
176
     1
290
     0
176
     1
 40
1.0
176
     1
 40
1.0
176
     1
1001
ACAD
1000
AcDbSavedByObjectVersion
1070
     0
  0
VISUALSTYLE
  5
10025
102
{ACAD_REACTORS
330
1001C
102
}
330
1001C
100
AcDbVisualStyle
  2
Conceptual
 70
     9
177
     3
291
     0
 70
    58
 90
        3
176
     1
 90
        2
176
     1
 90
        0
176
     1
 90
        0
176
     1
 40
0.6
176
     1
 40
30.0
176
     1
 62
     7
420
 16777215
176
     1
 90
        2
176
     1
 90
        2
176
     1
 62
     7
176
     1
 62
   257
176
     1
 90
        1
176
     1
 90
        1
176
     1
 40
179.0
176
     1
 90
        8
176
     1
 62
     7
176
     1
 40
1.0
176
     1
 90
        1
176
     1
 90
        6
176
     1
 90
        2
176
     1
 62
     7
176
     1
 90
        3
176
     1
 90
        0
176
     1
 90
        0
176
     1
290
     0
176
     1
 90
        1
176
     1
 40
0.0
176
     1
 90
        0
176
     1
290
     0
176
     1
290
     1
176
     1
290
     1
176
     1
290
     0
176
     1
290
     0
176
     1
290
     0
176
     1
290
     0
176
     1
290
     0
176
     1
290
     0
176
     1
 90
       50
176
     1
 40
0.0
176
     1
 40
1.0
176
     1
 90
        0
176
     1
 62
    18
420
        0
176
     1
 90
       50
176
     1
 90
        3
176
     1
 62
     5
420
      255
176
     1
290
     0
176
     1
 90
       50
176
     1
 90
       50
176
     1
 90
       50
176
     1
290
     0
176
     1
 90
       50
176
     1
 62
   256
176
     0
 40
1.0
176
     0
 90
        2
176
     1
  1
strokes_ogs.tif
176
     1
290
     0
176
     1
 40
1.0
176
     1
 40
1.0
176
     1
1001
ACAD
1000
AcDbSavedByObjectVersion
1070
     0
  0
VISUALSTYLE
  5
10027
102
{ACAD_REACTORS
330
1001C
102
}
330
1001C
100
AcDbVisualStyle
  2
Dim
 70
    11
177
     3
291
     1
 70
    58
 90
        2
176
     1
 90
        2
176
     1
 90
        0
176
     1
 90
        0
176
     1
 40
0.6
176
     1
 40
30.0
176
     1
 62
     7
420
 16777215
176
     1
 90
        1
176
     1
 90
        4
176
     1
 62
     7
176
     1
 62
   257
176
     1
 90
        1
176
     1
 90
        1
176
     1
 40
1.0
176
     1
 90
        8
176
     1
 62
     7
176
     1
 40
1.0
176
     1
 90
        1
176
     1
 90
        6
176
     1
 90
        2
176
     1
 62
     7
176
     1
 90
        5
176
     1
 90
        0
176
     1
 90
        0
176
     1
290
     0
176
     1
 90
        1
176
     1
 40
-50.0
176
     1
 90
        0
176
     1
290
     0
176
     1
290
     1
176
     1
290
     1
176
     1
290
     0
176
     1
290
     0
176
     1
290
     0
176
     1
290
     0
176
     1
290
     0
176
     1
290
     0
176
     1
 90
       50
176
     1
 40
0.0
176
     1
 40
1.0
176
     1
 90
        0
176
     1
 62
    18
420
        0
176
     1
 90
       50
176
     1
 90
        3
176
     1
 62
     5
420
      255
176
     1
290
     0
176
     1
 90
       50
176
     1
 90
       50
176
     1
 90
       50
176
     1
290
     0
176
     1
 90
       50
176
     1
 62
   256
176
     0
 40
1.0
176
     0
 90
        2
176
     1
  1
strokes_ogs.tif
176
     1
290
     0
176
     1
 40
1.0
176
     1
 40
1.0
176
     1
1001
ACAD
1000
AcDbSavedByObjectVersion
1070
     0
  0
VISUALSTYLE
  5
10034
102
{ACAD_REACTORS
330
1001C
102
}
330
1001C
100
AcDbVisualStyle
  2
EdgeColorOff
 70
    22
177
     3
291
     1
 70
    58
 90
        2
176
     0
 90
        2
176
     0
 90
        0
176
     0
 90
        0
176
     0
 40
0.6
176
     0
 40
30.0
176
     0
 62
     7
420
 16777215
176
     0
 90
        1
176
     0
 90
        4
176
     0
 62
     7
176
     0
 62
   257
176
     0
 90
        1
176
     0
 90
        1
176
     0
 40
1.0
176
     0
 90
        8
176
     2
 62
     7
176
     0
 40
1.0
176
     0
 90
        1
176
     0
 90
        6
176
     0
 90
        2
176
     0
 62
     7
176
     0
 90
        5
176
     0
 90
        0
176
     0
 90
        0
176
     0
290
     0
176
     0
 90
        1
176
     0
 40
0.0
176
     0
 90
        0
176
     0
290
     0
176
     1
290
     1
176
     1
290
     1
176
     1
290
     0
176
     1
290
     0
176
     1
290
     0
176
     1
290
     0
176
     1
290
     0
176
     1
290
     0
176
     1
 90
       50
176
     0
 40
0.0
176
     0
 40
1.0
176
     0
 90
        0
176
     0
 62
    18
420
        0
176
     0
 90
       50
176
     0
 90
        3
176
     0
 62
     5
420
      255
176
     0
290
     0
176
     1
 90
       50
176
     0
 90
       50
176
     0
 90
       50
176
     0
290
     0
176
     1
 90
       50
176
     0
 62
   256
176
     0
 40
1.0
176
     0
 90
        2
176
     0
  1
strokes_ogs.tif
176
     0
290
     0
176
     1
 40
1.0
176
     0
 40
1.0
176
     0
1001
ACAD
1000
AcDbSavedByObjectVersion
1070
     0
  0
VISUALSTYLE
  5
1002B
102
{ACAD_REACTORS
330
1001C
102
}
330
1001C
100
AcDbVisualStyle
  2
Facepattern
 70
    15
177
     3
291
     1
 70
    58
 90
        2
176
     1
 90
        2
176
     1
 90
        0
176
     1
 90
        0
176
     1
 40
0.6
176
     1
 40
30.0
176
     1
 62
     7
420
 16777215
176
     1
 90
        1
176
     1
 90
        4
176
     1
 62
     7
176
     1
 62
   257
176
     1
 90
        1
176
     1
 90
        1
176
     1
 40
1.0
176
     1
 90
        8
176
     1
 62
     7
176
     1
 40
1.0
176
     1
 90
        1
176
     1
 90
        6
176
     1
 90
        2
176
     1
 62
     7
176
     1
 90
        5
176
     1
 90
        0
176
     1
 90
        0
176
     1
290
     0
176
     1
 90
        1
176
     1
 40
0.0
176
     1
 90
        0
176
     1
290
     0
176
     1
290
     1
176
     1
290
     1
176
     1
290
     0
176
     1
290
     0
176
     1
290
     0
176
     1
290
     0
176
     1
290
     0
176
     1
290
     0
176
     1
 90
       50
176
     1
 40
0.0
176
     1
 40
1.0
176
     1
 90
        0
176
     1
 62
    18
420
        0
176
     1
 90
       50
176
     1
 90
        3
176
     1
 62
     5
420
      255
176
     1
290
     0
176
     1
 90
       50
176
     1
 90
       50
176
     1
 90
       50
176
     1
290
     0
176
     1
 90
       50
176
     1
 62
   256
176
     0
 40
1.0
176
     0
 90
        2
176
     1
  1
strokes_ogs.tif
176
     1
290
     0
176
     1
 40
1.0
176
     1
 40
1.0
176
     1
1001
ACAD
1000
AcDbSavedByObjectVersion
1070
     0
  0
VISUALSTYLE
  5
1001D
102
{ACAD_REACTORS
330
1001C
102
}
330
1001C
100
AcDbVisualStyle
  2
Flat
 70
     0
177
     3
291
     1
 70
    58
 90
        2
176
     1
 90
        1
176
     1
 90
        1
176
     1
 90
        2
176
     1
 40
0.6
176
     1
 40
30.0
176
     1
 62
     7
420
 16777215
176
     1
 90
        0
176
     1
 90
        0
176
     1
 62
     7
176
     1
 62
   257
176
     1
 90
        1
176
     1
 90
        1
176
     1
 40
1.0
176
     1
 90
        8
176
     1
 62
     7
176
     1
 40
1.0
176
     1
 90
        1
176
     1
 90
        6
176
     1
 90
        2
176
     1
 62
     7
176
     1
 90
        5
176
     1
 90
        0
176
     1
 90
        0
176
     1
290
     0
176
     1
 90
       13
176
     1
 40
0.0
176
     1
 90
        0
176
     1
290
     0
176
     1
290
     1
176
     1
290
     1
176
     1
290
     0
176
     1
290
     0
176
     1
290
     0
176
     1
290
     0
176
     1
290
     0
176
     1
290
     0
176
     1
 90
       50
176
     1
 40
0.0
176
     1
 40
1.0
176
     1
 90
        0
176
     1
 62
    18
420
        0
176
     1
 90
       50
176
     1
 90
        3
176
     1
 62
     5
420
      255
176
     1
290
     0
176
     1
 90
       50
176
     1
 90
       50
176
     1
 90
       50
176
     1
290
     0
176
     1
 90
       50
176
     1
 62
   256
176
     0
 40
1.0
176
     0
 90
        2
176
     1
  1
strokes_ogs.tif
176
     1
290
     0
176
     1
 40
1.0
176
     1
 40
1.0
176
     1
1001
ACAD
1000
AcDbSavedByObjectVersion
1070
     0
  0
VISUALSTYLE
  5
1001E
102
{ACAD_REACTORS
330
1001C
102
}
330
1001C
100
AcDbVisualStyle
  2
FlatWithEdges
 70
     1
177
     3
291
     1
 70
    58
 90
        2
176
     1
 90
        1
176
     1
 90
        1
176
     1
 90
        2
176
     1
 40
0.6
176
     1
 40
30.0
176
     1
 62
     7
420
 16777215
176
     1
 90
        1
176
     1
 90
        0
176
     1
 62
     7
176
     1
 62
   257
176
     1
 90
        1
176
     1
 90
        1
176
     1
 40
1.0
176
     1
 90
        0
176
     1
 62
   257
176
     1
 40
1.0
176
     1
 90
        1
176
     1
 90
        6
176
     1
 90
        2
176
     1
 62
     7
176
     1
 90
        5
176
     1
 90
        0
176
     1
 90
        0
176
     1
290
     0
176
     1
 90
       13
176
     1
 40
0.0
176
     1
 90
        0
176
     1
290
     0
176
     1
290
     1
176
     1
290
     1
176
     1
290
     0
176
     1
290
     0
176
     1
290
     0
176
     1
290
     0
176
     1
290
     0
176
     1
290
     0
176
     1
 90
       50
176
     1
 40
0.0
176
     1
 40
1.0
176
     1
 90
        0
176
     1
 62
    18
420
        0
176
     1
 90
       50
176
     1
 90
        3
176
     1
 62
     5
420
      255
176
     1
290
     0
176
     1
 90
       50
176
     1
 90
       50
176
     1
 90
       50
176
     1
290
     0
176
     1
 90
       50
176
     1
 62
   256
176
     0
 40
1.0
176
     0
 90
        2
176
     1
  1
strokes_ogs.tif
176
     1
290
     0
176
     1
 40
1.0
176
     1
 40
1.0
176
     1
1001
ACAD
1000
AcDbSavedByObjectVersion
1070
     0
  0
VISUALSTYLE
  5
1001F
102
{ACAD_REACTORS
330
1001C
102
}
330
1001C
100
AcDbVisualStyle
  2
Gouraud
 70
     2
177
     3
291
     1
 70
    58
 90
        2
176
     1
 90
        2
176
     1
 90
        1
176
     1
 90
        2
176
     1
 40
0.6
176
     1
 40
30.0
176
     1
 62
     7
420
 16777215
176
     1
 90
        0
176
     1
 90
        0
176
     1
 62
     7
176
     1
 62
   257
176
     1
 90
        1
176
     1
 90
        1
176
     1
 40
1.0
176
     1
 90
        0
176
     1
 62
     7
176
     1
 40
1.0
176
     1
 90
        1
176
     1
 90
        6
176
     1
 90
        2
176
     1
 62
     7
176
     1
 90
        5
176
     1
 90
        0
176
     1
 90
        0
176
     1
290
     0
176
     1
 90
       13
176
     1
 40
0.0
176
     1
 90
        0
176
     1
290
     0
176
     1
290
     1
176
     1
290
     1
176
     1
290
     0
176
     1
290
     0
176
     1
290
     0
176
     1
290
     0
176
     1
290
     0
176
     1
290
     0
176
     1
 90
       50
176
     1
 40
0.0
176
     1
 40
1.0
176
     1
 90
        0
176
     1
 62
    18
420
        0
176
     1
 90
       50
176
     1
 90
        3
176
     1
 62
     5
420
      255
176
     1
290
     0
176
     1
 90
       50
176
     1
 90
       50
176
     1
 90
       50
176
     1
290
     0
176
     1
 90
       50
176
     1
 62
   256
176
     0
 40
1.0
176
     0
 90
        2
176
     1
  1
strokes_ogs.tif
176
     1
290
     0
176
     1
 40
1.0
176
     1
 40
1.0
176
     1
1001
ACAD
1000
AcDbSavedByObjectVersion
1070
     0
  0
VISUALSTYLE
  5
10020
102
{ACAD_REACTORS
330
1001C
102
}
330
1001C
100
AcDbVisualStyle
  2
GouraudWithEdges
 70
     3
177
     3
291
     1
 70
    58
 90
        2
176
     1
 90
        2
176
     1
 90
        1
176
     1
 90
        2
176
     1
 40
0.6
176
     1
 40
30.0
176
     1
 62
     7
420
 16777215
176
     1
 90
        1
176
     1
 90
        0
176
     1
 62
     7
176
     1
 62
   257
176
     1
 90
        1
176
     1
 90
        1
176
     1
 40
1.0
176
     1
 90
        0
176
     1
 62
   257
176
     1
 40
1.0
176
     1
 90
        1
176
     1
 90
        6
176
     1
 90
        2
176
     1
 62
     7
176
     1
 90
        5
176
     1
 90
        0
176
     1
 90
        0
176
     1
290
     0
176
     1
 90
       13
176
     1
 40
0.0
176
     1
 90
        0
176
     1
290
     0
176
     1
290
     1
176
     1
290
     1
176
     1
290
     0
176
     1
290
     0
176
     1
290
     0
176
     1
290
     0
176
     1
290
     0
176
     1
290
     0
176
     1
 90
       50
176
     1
 40
0.0
176
     1
 40
1.0
176
     1
 90
        0
176
     1
 62
    18
420
        0
176
     1
 90
       50
176
     1
 90
        3
176
     1
 62
     5
420
      255
176
     1
290
     0
176
     1
 90
       50
176
     1
 90
       50
176
     1
 90
       50
176
     1
290
     0
176
     1
 90
       50
176
     1
 62
   256
176
     0
 40
1.0
176
     0
 90
        2
176
     1
  1
strokes_ogs.tif
176
     1
290
     0
176
     1
 40
1.0
176
     1
 40
1.0
176
     1
1001
ACAD
1000
AcDbSavedByObjectVersion
1070
     0
  0
VISUALSTYLE
  5
10024
102
{ACAD_REACTORS
330
1001C
102
}
330
1001C
100
AcDbVisualStyle
  2
Hidden
 70
     6
177
     3
291
     0
 70
    58
 90
        1
176
     1
 90
        2
176
     1
 90
        2
176
     1
 90
        0
176
     1
 40
0.6
176
     1
 40
30.0
176
     1
 62
     7
420
 16777215
176
     1
 90
        2
176
     1
 90
        2
176
     1
 62
     7
176
     1
 62
   257
176
     1
 90
        2
176
     1
 90
        1
176
     1
 40
40.0
176
     1
 90
        0
176
     1
 62
   257
176
     1
 40
1.0
176
     1
 90
        1
176
     1
 90
        6
176
     1
 90
        2
176
     1
 62
     7
176
     1
 90
        3
176
     1
 90
        0
176
     1
 90
        0
176
     1
290
     0
176
     1
 90
        1
176
     1
 40
0.0
176
     1
 90
        0
176
     1
290
     0
176
     1
290
     1
176
     1
290
     1
176
     1
290
     0
176
     1
290
     0
176
     1
290
     0
176
     1
290
     0
176
     1
290
     0
176
     1
290
     0
176
     1
 90
       50
176
     1
 40
0.0
176
     1
 40
1.0
176
     1
 90
        0
176
     1
 62
    18
420
        0
176
     1
 90
       50
176
     1
 90
        3
176
     1
 62
     5
420
      255
176
     1
290
     0
176
     1
 90
       50
176
     1
 90
       50
176
     1
 90
       50
176
     1
290
     0
176
     1
 90
       50
176
     1
 62
   256
176
     0
 40
1.0
176
     0
 90
        2
176
     1
  1
strokes_ogs.tif
176
     1
290
     0
176
     1
 40
1.0
176
     1
 40
1.0
176
     1
1001
ACAD
1000
AcDbSavedByObjectVersion
1070
     0
  0
VISUALSTYLE
  5
10032
102
{ACAD_REACTORS
330
1001C
102
}
330
1001C
100
AcDbVisualStyle
  2
JitterOff
 70
    20
177
     3
291
     1
 70
    58
 90
        2
176
     0
 90
        2
176
     0
 90
        0
176
     0
 90
        0
176
     0
 40
0.6
176
     0
 40
30.0
176
     0
 62
     7
420
 16777215
176
     0
 90
        1
176
     0
 90
        4
176
     0
 62
     7
176
     0
 62
   257
176
     0
 90
        1
176
     0
 90
        1
176
     0
 40
1.0
176
     0
 90
       10
176
     2
 62
     7
176
     0
 40
1.0
176
     0
 90
        1
176
     0
 90
        6
176
     0
 90
        2
176
     0
 62
     7
176
     0
 90
        5
176
     0
 90
        0
176
     0
 90
        0
176
     0
290
     0
176
     0
 90
        1
176
     0
 40
0.0
176
     0
 90
        0
176
     0
290
     0
176
     1
290
     1
176
     1
290
     1
176
     1
290
     0
176
     1
290
     0
176
     1
290
     0
176
     1
290
     0
176
     1
290
     0
176
     1
290
     0
176
     1
 90
       50
176
     0
 40
0.0
176
     0
 40
1.0
176
     0
 90
        0
176
     0
 62
    18
420
        0
176
     0
 90
       50
176
     0
 90
        3
176
     0
 62
     5
420
      255
176
     0
290
     0
176
     1
 90
       50
176
     0
 90
       50
176
     0
 90
       50
176
     0
290
     0
176
     1
 90
       50
176
     0
 62
   256
176
     0
 40
1.0
176
     0
 90
        2
176
     0
  1
strokes_ogs.tif
176
     0
290
     0
176
     1
 40
1.0
176
     0
 40
1.0
176
     0
1001
ACAD
1000
AcDbSavedByObjectVersion
1070
     0
  0
VISUALSTYLE
  5
1002A
102
{ACAD_REACTORS
330
1001C
102
}
330
1001C
100
AcDbVisualStyle
  2
Linepattern
 70
    14
177
     3
291
     1
 70
    58
 90
        2
176
     1
 90
        2
176
     1
 90
        0
176
     1
 90
        0
176
     1
 40
0.6
176
     1
 40
30.0
176
     1
 62
     7
420
 16777215
176
     1
 90
        1
176
     1
 90
        4
176
     1
 62
     7
176
     1
 62
   257
176
     1
 90
        7
176
     1
 90
        7
176
     1
 40
1.0
176
     1
 90
        8
176
     1
 62
     7
176
     1
 40
1.0
176
     1
 90
        1
176
     1
 90
        6
176
     1
 90
        2
176
     1
 62
     7
176
     1
 90
        5
176
     1
 90
        0
176
     1
 90
        0
176
     1
290
     0
176
     1
 90
        1
176
     1
 40
0.0
176
     1
 90
        0
176
     1
290
     0
176
     1
290
     1
176
     1
290
     1
176
     1
290
     0
176
     1
290
     0
176
     1
290
     0
176
     1
290
     0
176
     1
290
     0
176
     1
290
     0
176
     1
 90
       50
176
     1
 40
0.0
176
     1
 40
1.0
176
     1
 90
        0
176
     1
 62
    18
420
        0
176
     1
 90
       50
176
     1
 90
        3
176
     1
 62
     5
420
      255
176
     1
290
     0
176
     1
 90
       50
176
     1
 90
       50
176
     1
 90
       50
176
     1
290
     0
176
     1
 90
       50
176
     1
 62
   256
176
     0
 40
1.0
176
     0
 90
        2
176
     1
  1
strokes_ogs.tif
176
     1
290
     0
176
     1
 40
1.0
176
     1
 40
1.0
176
     1
1001
ACAD
1000
AcDbSavedByObjectVersion
1070
     0
  0
VISUALSTYLE
  5
10033
102
{ACAD_REACTORS
330
1001C
102
}
330
1001C
100
AcDbVisualStyle
  2
OverhangOff
 70
    21
177
     3
291
     1
 70
    58
 90
        2
176
     0
 90
        2
176
     0
 90
        0
176
     0
 90
        0
176
     0
 40
0.6
176
     0
 40
30.0
176
     0
 62
     7
420
 16777215
176
     0
 90
        1
176
     0
 90
        4
176
     0
 62
     7
176
     0
 62
   257
176
     0
 90
        1
176
     0
 90
        1
176
     0
 40
1.0
176
     0
 90
        9
176
     2
 62
     7
176
     0
 40
1.0
176
     0
 90
        1
176
     0
 90
        6
176
     0
 90
        2
176
     0
 62
     7
176
     0
 90
        5
176
     0
 90
        0
176
     0
 90
        0
176
     0
290
     0
176
     0
 90
        1
176
     0
 40
0.0
176
     0
 90
        0
176
     0
290
     0
176
     1
290
     1
176
     1
290
     1
176
     1
290
     0
176
     1
290
     0
176
     1
290
     0
176
     1
290
     0
176
     1
290
     0
176
     1
290
     0
176
     1
 90
       50
176
     0
 40
0.0
176
     0
 40
1.0
176
     0
 90
        0
176
     0
 62
    18
420
        0
176
     0
 90
       50
176
     0
 90
        3
176
     0
 62
     5
420
      255
176
     0
290
     0
176
     1
 90
       50
176
     0
 90
       50
176
     0
 90
       50
176
     0
290
     0
176
     1
 90
       50
176
     0
 62
   256
176
     0
 40
1.0
176
     0
 90
        2
176
     0
  1
strokes_ogs.tif
176
     0
290
     0
176
     1
 40
1.0
176
     0
 40
1.0
176
     0
1001
ACAD
1000
AcDbSavedByObjectVersion
1070
     0
  0
VISUALSTYLE
  5
10026
102
{ACAD_REACTORS
330
1001C
102
}
330
1001C
100
AcDbVisualStyle
  2
Realistic
 70
     8
177
     3
291
     0
 70
    58
 90
        2
176
     1
 90
        3
176
     1
 90
        0
176
     1
 90
        2
176
     1
 40
0.6
176
     1
 40
30.0
176
     1
 62
     7
420
 16777215
176
     1
 90
        0
176
     1
 90
        0
176
     1
 62
     7
176
     1
 62
   257
176
     1
 90
        1
176
     1
 90
        1
176
     1
 40
1.0
176
     1
 90
        8
176
     1
 62
   257
176
     1
 40
1.0
176
     1
 90
        1
176
     1
 90
        6
176
     1
 90
        2
176
     1
 62
     7
176
     1
 90
        3
176
     1
 90
        0
176
     1
 90
        0
176
     1
290
     0
176
     1
 90
       13
176
     1
 40
0.0
176
     1
 90
        0
176
     1
290
     0
176
     1
290
     1
176
     1
290
     1
176
     1
290
     0
176
     1
290
     0
176
     1
290
     0
176
     1
290
     0
176
     1
290
     0
176
     1
290
     0
176
     1
 90
       50
176
     1
 40
0.0
176
     1
 40
1.0
176
     1
 90
        0
176
     1
 62
    18
420
        0
176
     1
 90
       50
176
     1
 90
        3
176
     1
 62
     5
420
      255
176
     1
290
     0
176
     1
 90
       50
176
     1
 90
       50
176
     1
 90
       50
176
     1
290
     0
176
     1
 90
       50
176
     1
 62
   256
176
     0
 40
1.0
176
     0
 90
        2
176
     1
  1
strokes_ogs.tif
176
     1
290
     0
176
     1
 40
1.0
176
     1
 40
1.0
176
     1
1001
ACAD
1000
AcDbSavedByObjectVersion
1070
     0
  0
VISUALSTYLE
  5
10031
102
{ACAD_REACTORS
330
1001C
102
}
330
1001C
100
AcDbVisualStyle
  2
Shaded
 70
    27
177
     3
291
     0
 70
    58
 90
        2
176
     1
 90
        2
176
     1
 90
        1
176
     1
 90
        2
176
     1
 40
0.6
176
     1
 40
30.0
176
     1
 62
     7
420
 16777215
176
     1
 90
        0
176
     1
 90
        4
176
     1
 62
     7
176
     1
 62
   257
176
     1
 90
        1
176
     1
 90
        1
176
     1
 40
1.0
176
     1
 90
        8
176
     1
 62
   257
176
     1
 40
1.0
176
     1
 90
        1
176
     1
 90
        6
176
     1
 90
        2
176
     1
 62
     8
420
  7895160
176
     1
 90
        3
176
     1
 90
        0
176
     1
 90
        0
176
     1
290
     0
176
     1
 90
        5
176
     1
 40
0.0
176
     1
 90
        0
176
     1
290
     0
176
     1
290
     1
176
     1
290
     1
176
     1
290
     0
176
     1
290
     0
176
     1
290
     0
176
     1
290
     0
176
     1
290
     0
176
     1
290
     0
176
     1
 90
       50
176
     1
 40
0.0
176
     1
 40
1.0
176
     1
 90
        0
176
     1
 62
    18
420
        0
176
     1
 90
       50
176
     1
 90
        3
176
     1
 62
     5
420
      255
176
     1
290
     0
176
     1
 90
       50
176
     1
 90
       50
176
     1
 90
       50
176
     1
290
     0
176
     1
 90
       50
176
     1
 62
   256
176
     0
 40
1.0
176
     0
 90
        2
176
     1
  1
strokes_ogs.tif
176
     1
290
     0
176
     1
 40
1.0
176
     1
 40
1.0
176
     1
1001
ACAD
1000
AcDbSavedByObjectVersion
1070
     0
  0
VISUALSTYLE
  5
10030
102
{ACAD_REACTORS
330
1001C
102
}
330
1001C
100
AcDbVisualStyle
  2
Shaded with edges
 70
    26
177
     3
291
     0
 70
    58
 90
        2
176
     1
 90
        2
176
     1
 90
        1
176
     1
 90
        2
176
     1
 40
0.6
176
     1
 40
30.0
176
     1
 62
     7
420
 16777215
176
     1
 90
        1
176
     1
 90
        2
176
     1
 62
     7
176
     1
 62
   257
176
     1
 90
        2
176
     1
 90
        1
176
     1
 40
1.0
176
     1
 90
        8
176
     1
 62
   257
176
     1
 40
1.0
176
     1
 90
        1
176
     1
 90
        6
176
     1
 90
        2
176
     1
 62
     7
176
     1
 90
        3
176
     1
 90
        0
176
     1
 90
        0
176
     1
290
     0
176
     1
 90
        5
176
     1
 40
0.0
176
     1
 90
        0
176
     1
290
     0
176
     1
290
     1
176
     1
290
     1
176
     1
290
     0
176
     1
290
     0
176
     1
290
     0
176
     1
290
     0
176
     1
290
     0
176
     1
290
     0
176
     1
 90
       50
176
     1
 40
0.0
176
     1
 40
1.0
176
     1
 90
        0
176
     1
 62
    18
420
        0
176
     1
 90
       50
176
     1
 90
        3
176
     1
 62
     5
420
      255
176
     1
290
     0
176
     1
 90
       50
176
     1
 90
       50
176
     1
 90
       50
176
     1
290
     0
176
     1
 90
       50
176
     1
 62
   256
176
     0
 40
1.0
176
     0
 90
        2
176
     1
  1
strokes_ogs.tif
176
     1
290
     0
176
     1
 40
1.0
176
     1
 40
1.0
176
     1
1001
ACAD
1000
AcDbSavedByObjectVersion
1070
     0
  0
VISUALSTYLE
  5
1002D
102
{ACAD_REACTORS
330
1001C
102
}
330
1001C
100
AcDbVisualStyle
  2
Shades of Gray
 70
    23
177
     3
291
     0
 70
    58
 90
        2
176
     1
 90
        2
176
     1
 90
        3
176
     1
 90
        0
176
     1
 40
0.6
176
     1
 40
30.0
176
     1
 62
     7
420
 16777215
176
     1
 90
        2
176
     1
 90
        2
176
     1
 62
     7
176
     1
 62
     7
176
     1
 90
        1
176
     1
 90
        1
176
     1
 40
40.0
176
     1
 90
        8
176
     1
 62
     7
176
     1
 40
1.0
176
     1
 90
        1
176
     1
 90
        6
176
     1
 90
        2
176
     1
 62
     7
176
     1
 90
        3
176
     1
 90
        0
176
     1
 90
        0
176
     1
290
     0
176
     1
 90
        1
176
     1
 40
0.0
176
     1
 90
        0
176
     1
290
     0
176
     1
290
     1
176
     1
290
     1
176
     1
290
     0
176
     1
290
     0
176
     1
290
     0
176
     1
290
     0
176
     1
290
     0
176
     1
290
     0
176
     1
 90
       50
176
     1
 40
0.0
176
     1
 40
1.0
176
     1
 90
        0
176
     1
 62
    18
420
        0
176
     1
 90
       50
176
     1
 90
        3
176
     1
 62
     5
420
      255
176
     1
290
     0
176
     1
 90
       50
176
     1
 90
       50
176
     1
 90
       50
176
     1
290
     0
176
     1
 90
       50
176
     1
 62
   256
176
     0
 40
1.0
176
     0
 90
        2
176
     1
  1
strokes_ogs.tif
176
     1
290
     0
176
     1
 40
1.0
176
     1
 40
1.0
176
     1
1001
ACAD
1000
AcDbSavedByObjectVersion
1070
     0
  0
VISUALSTYLE
  5
1002E
102
{ACAD_REACTORS
330
1001C
102
}
330
1001C
100
AcDbVisualStyle
  2
Sketchy
 70
    24
177
     3
291
     0
 70
    58
 90
        1
176
     1
 90
        2
176
     1
 90
        2
176
     1
 90
        0
176
     1
 40
0.6
176
     1
 40
30.0
176
     1
 62
     7
420
 16777215
176
     1
 90
        2
176
     1
 90
        2
176
     1
 62
     7
176
     1
 62
     7
176
     1
 90
        1
176
     1
 90
        1
176
     1
 40
40.0
176
     1
 90
       11
176
     1
 62
     7
176
     1
 40
1.0
176
     1
 90
        1
176
     1
 90
        6
176
     1
 90
        2
176
     1
 62
     7
176
     1
 90
        6
176
     1
 90
        0
176
     1
 90
        0
176
     1
290
     0
176
     1
 90
        1
176
     1
 40
0.0
176
     1
 90
        0
176
     1
290
     0
176
     1
290
     1
176
     1
290
     1
176
     1
290
     0
176
     1
290
     0
176
     1
290
     0
176
     1
290
     0
176
     1
290
     0
176
     1
290
     0
176
     1
 90
       50
176
     1
 40
0.0
176
     1
 40
1.0
176
     1
 90
        0
176
     1
 62
    18
420
        0
176
     1
 90
       50
176
     1
 90
        3
176
     1
 62
     5
420
      255
176
     1
290
     0
176
     1
 90
       50
176
     1
 90
       50
176
     1
 90
       50
176
     1
290
     0
176
     1
 90
       50
176
     1
 62
   256
176
     0
 40
1.0
176
     0
 90
        2
176
     1
  1
strokes_ogs.tif
176
     1
290
     0
176
     1
 40
1.0
176
     1
 40
1.0
176
     1
1001
ACAD
1000
AcDbSavedByObjectVersion
1070
     0
  0
VISUALSTYLE
  5
10029
102
{ACAD_REACTORS
330
1001C
102
}
330
1001C
100
AcDbVisualStyle
  2
Thicken
 70
    13
177
     3
291
     1
 70
    58
 90
        2
176
     1
 90
        2
176
     1
 90
        0
176
     1
 90
        0
176
     1
 40
0.6
176
     1
 40
30.0
176
     1
 62
     7
420
 16777215
176
     1
 90
        1
176
     1
 90
        4
176
     1
 62
     7
176
     1
 62
   257
176
     1
 90
        1
176
     1
 90
        1
176
     1
 40
1.0
176
     1
 90
       12
176
     1
 62
     7
176
     1
 40
1.0
176
     1
 90
        1
176
     1
 90
        6
176
     1
 90
        2
176
     1
 62
     7
176
     1
 90
        5
176
     1
 90
        0
176
     1
 90
        0
176
     1
290
     0
176
     1
 90
        1
176
     1
 40
0.0
176
     1
 90
        0
176
     1
290
     0
176
     1
290
     1
176
     1
290
     1
176
     1
290
     0
176
     1
290
     0
176
     1
290
     0
176
     1
290
     0
176
     1
290
     0
176
     1
290
     0
176
     1
 90
       50
176
     1
 40
0.0
176
     1
 40
1.0
176
     1
 90
        0
176
     1
 62
    18
420
        0
176
     1
 90
       50
176
     1
 90
        3
176
     1
 62
     5
420
      255
176
     1
290
     0
176
     1
 90
       50
176
     1
 90
       50
176
     1
 90
       50
176
     1
290
     0
176
     1
 90
       50
176
     1
 62
   256
176
     0
 40
1.0
176
     0
 90
        2
176
     1
  1
strokes_ogs.tif
176
     1
290
     0
176
     1
 40
1.0
176
     1
 40
1.0
176
     1
1001
ACAD
1000
AcDbSavedByObjectVersion
1070
     0
  0
VISUALSTYLE
  5
10023
102
{ACAD_REACTORS
330
1001C
102
}
330
1001C
100
AcDbVisualStyle
  2
Wireframe
 70
     5
177
     3
291
     0
 70
    58
 90
        0
176
     1
 90
        2
176
     1
 90
        0
176
     1
 90
        0
176
     1
 40
0.6
176
     1
 40
30.0
176
     1
 62
     7
420
 16777215
176
     1
 90
        1
176
     1
 90
        4
176
     1
 62
     7
176
     1
 62
   257
176
     1
 90
        1
176
     1
 90
        1
176
     1
 40
1.0
176
     1
 90
        0
176
     1
 62
   257
176
     1
 40
1.0
176
     1
 90
        1
176
     1
 90
        6
176
     1
 90
        2
176
     1
 62
     7
176
     1
 90
        3
176
     1
 90
        0
176
     1
 90
        0
176
     1
290
     0
176
     1
 90
        1
176
     1
 40
0.0
176
     1
 90
        0
176
     1
290
     0
176
     1
290
     1
176
     1
290
     1
176
     1
290
     0
176
     1
290
     0
176
     1
290
     0
176
     1
290
     0
176
     1
290
     0
176
     1
290
     0
176
     1
 90
       50
176
     1
 40
0.0
176
     1
 40
1.0
176
     1
 90
        0
176
     1
 62
    18
420
        0
176
     1
 90
       50
176
     1
 90
        3
176
     1
 62
     5
420
      255
176
     1
290
     0
176
     1
 90
       50
176
     1
 90
       50
176
     1
 90
       50
176
     1
290
     0
176
     1
 90
       50
176
     1
 62
   256
176
     0
 40
1.0
176
     0
 90
        2
176
     1
  1
strokes_ogs.tif
176
     1
290
     0
176
     1
 40
1.0
176
     1
 40
1.0
176
     1
1001
ACAD
1000
AcDbSavedByObjectVersion
1070
     0
  0
VISUALSTYLE
  5
1002F
102
{ACAD_REACTORS
330
1001C
102
}
330
1001C
100
AcDbVisualStyle
  2
X-Ray
 70
    25
177
     3
291
     0
 70
    58
 90
        2
176
     1
 90
        2
176
     1
 90
        1
176
     1
 90
        1
176
     1
 40
0.5
176
     1
 40
30.0
176
     1
 62
     7
420
 16777215
176
     1
 90
        1
176
     1
 90
        0
176
     1
 62
     7
176
     1
 62
   257
176
     1
 90
        1
176
     1
 90
        1
176
     1
 40
1.0
176
     1
 90
        8
176
     1
 62
     7
176
     1
 40
1.0
176
     1
 90
        1
176
     1
 90
        6
176
     1
 90
        2
176
     1
 62
     7
176
     1
 90
        3
176
     1
 90
        0
176
     1
 90
        0
176
     1
290
     0
176
     1
 90
       13
176
     1
 40
0.0
176
     1
 90
        0
176
     1
290
     0
176
     1
290
     1
176
     1
290
     1
176
     1
290
     0
176
     1
290
     0
176
     1
290
     0
176
     1
290
     0
176
     1
290
     0
176
     1
290
     0
176
     1
 90
       50
176
     1
 40
0.0
176
     1
 40
1.0
176
     1
 90
        0
176
     1
 62
    18
420
        0
176
     1
 90
       50
176
     1
 90
        3
176
     1
 62
     5
420
      255
176
     1
290
     0
176
     1
 90
       50
176
     1
 90
       50
176
     1
 90
       50
176
     1
290
     0
176
     1
 90
       50
176
     1
 62
   256
176
     0
 40
1.0
176
     0
 90
        2
176
     1
  1
strokes_ogs.tif
176
     1
290
     0
176
     1
 40
1.0
176
     1
 40
1.0
176
     1
1001
ACAD
1000
AcDbSavedByObjectVersion
1070
     0
  0
DICTIONARYVAR
  5
10068
102
{ACAD_REACTORS
330
10062
102
}
330
10062
100
DictionaryVariables
280
     0
  1
1:1
  0
DICTIONARYVAR
  5
10064
102
{ACAD_REACTORS
330
10062
102
}
330
10062
100
DictionaryVariables
280
     0
  1
STANDARD
  0
DICTIONARYVAR
  5
10063
102
{ACAD_REACTORS
330
10062
102
}
330
10062
100
DictionaryVariables
280
     0
  1
STANDARD
  0
DICTIONARYVAR
  5
10065
102
{ACAD_REACTORS
330
10062
102
}
330
10062
100
DictionaryVariables
280
     0
  1
Metric50
  0
DICTIONARYVAR
  5
10066
102
{ACAD_REACTORS
330
10062
102
}
330
10062
100
DictionaryVariables
280
     0
  1
Metric50
  0
DICTIONARYVAR
  5
100A9
102
{ACAD_REACTORS
330
10062
102
}
330
10062
100
DictionaryVariables
280
     0
  1
1
  0
DICTIONARYVAR
  5
100A8
102
{ACAD_REACTORS
330
10062
102
}
330
10062
100
DictionaryVariables
280
     0
  1
0
  0
DICTIONARYVAR
  5
1006A
102
{ACAD_REACTORS
330
10062
102
}
330
10062
100
DictionaryVariables
280
     0
  1
1
  0
DICTIONARYVAR
  5
1006B
102
{ACAD_REACTORS
330
10062
102
}
330
10062
100
DictionaryVariables
280
     0
  1
15
  0
DICTIONARYVAR
  5
10069
102
{ACAD_REACTORS
330
10062
102
}
330
10062
100
DictionaryVariables
280
     0
  1
0
  0
DICTIONARYVAR
  5
10067
102
{ACAD_REACTORS
330
10062
102
}
330
10062
100
DictionaryVariables
280
     0
  1
0
  0
DICTIONARYVAR
  5
100A7
102
{ACAD_REACTORS
330
10062
102
}
330
10062
100
DictionaryVariables
280
     0
  1
127
  0
DICTIONARYVAR
  5
100AA
102
{ACAD_REACTORS
330
10062
102
}
330
10062
100
DictionaryVariables
280
     0
  1
2
  0
DICTIONARY
  5
1000D
330
1000C
100
AcDbDictionary
280
     1
281
     1
  3
BUMPTILE
360
1000F
  3
DIFFUSETILE
360
1000E
  3
OPACITYTILE
360
10012
  3
REFLECTIONTILE
360
10011
  3
REFRACTIONTILE
360
10013
  3
SPECULARTILE
360
10010
  0
DICTIONARY
  5
10005
330
10004
100
AcDbDictionary
280
     1
281
     1
  3
BUMPTILE
360
10007
  3
DIFFUSETILE
360
10006
  3
OPACITYTILE
360
1000A
  3
REFLECTIONTILE
360
10009
  3
REFRACTIONTILE
360
1000B
  3
SPECULARTILE
360
10008
  0
DICTIONARY
  5
10015
330
10014
100
AcDbDictionary
280
     1
281
     1
  3
BUMPTILE
360
10017
  3
DIFFUSETILE
360
10016
  3
OPACITYTILE
360
1001A
  3
REFLECTIONTILE
360
10019
  3
REFRACTIONTILE
360
1001B
  3
SPECULARTILE
360
10018
  0
XRECORD
  5
103AF
102
{ACAD_REACTORS
330
103AE
102
}
330
103AE
100
AcDbXrecord
280
     1
 70
     2
 71
     3
 72
     0
  0
DICTIONARY
  5
10376
330
10038
100
AcDbDictionary
280
     1
281
     1
  3
ACAD_ROUNDTRIP_2008_TABLESTYLE_CELLSTYLEMAP
360
103BC
  0
XRECORD
  5
1000F
102
{ACAD_REACTORS
330
1000D
102
}
330
1000D
100
AcDbXrecord
280
     1
270
     1
271
     1
  0
XRECORD
  5
1000E
102
{ACAD_REACTORS
330
1000D
102
}
330
1000D
100
AcDbXrecord
280
     1
270
     1
271
     1
  0
XRECORD
  5
10012
102
{ACAD_REACTORS
330
1000D
102
}
330
1000D
100
AcDbXrecord
280
     1
270
     1
271
     1
  0
XRECORD
  5
10011
102
{ACAD_REACTORS
330
1000D
102
}
330
1000D
100
AcDbXrecord
280
     1
270
     1
271
     1
  0
XRECORD
  5
10013
102
{ACAD_REACTORS
330
1000D
102
}
330
1000D
100
AcDbXrecord
280
     1
270
     1
271
     1
  0
XRECORD
  5
10010
102
{ACAD_REACTORS
330
1000D
102
}
330
1000D
100
AcDbXrecord
280
     1
270
     1
271
     1
  0
XRECORD
  5
10007
102
{ACAD_REACTORS
330
10005
102
}
330
10005
100
AcDbXrecord
280
     1
270
     1
271
     1
  0
XRECORD
  5
10006
102
{ACAD_REACTORS
330
10005
102
}
330
10005
100
AcDbXrecord
280
     1
270
     1
271
     1
  0
XRECORD
  5
1000A
102
{ACAD_REACTORS
330
10005
102
}
330
10005
100
AcDbXrecord
280
     1
270
     1
271
     1
  0
XRECORD
  5
10009
102
{ACAD_REACTORS
330
10005
102
}
330
10005
100
AcDbXrecord
280
     1
270
     1
271
     1
  0
XRECORD
  5
1000B
102
{ACAD_REACTORS
330
10005
102
}
330
10005
100
AcDbXrecord
280
     1
270
     1
271
     1
  0
XRECORD
  5
10008
102
{ACAD_REACTORS
330
10005
102
}
330
10005
100
AcDbXrecord
280
     1
270
     1
271
     1
  0
XRECORD
  5
10017
102
{ACAD_REACTORS
330
10015
102
}
330
10015
100
AcDbXrecord
280
     1
270
     1
271
     1
  0
XRECORD
  5
10016
102
{ACAD_REACTORS
330
10015
102
}
330
10015
100
AcDbXrecord
280
     1
270
     1
271
     1
  0
XRECORD
  5
1001A
102
{ACAD_REACTORS
330
10015
102
}
330
10015
100
AcDbXrecord
280
     1
270
     1
271
     1
  0
XRECORD
  5
10019
102
{ACAD_REACTORS
330
10015
102
}
330
10015
100
AcDbXrecord
280
     1
270
     1
271
     1
  0
XRECORD
  5
1001B
102
{ACAD_REACTORS
330
10015
102
}
330
10015
100
AcDbXrecord
280
     1
270
     1
271
     1
  0
XRECORD
  5
10018
102
{ACAD_REACTORS
330
10015
102
}
330
10015
100
AcDbXrecord
280
     1
270
     1
271
     1
  0
CELLSTYLEMAP
  5
103BC
102
{ACAD_REACTORS
330
10376
102
}
330
10376
100
AcDbCellStyleMap
 90
        3
300
CELLSTYLE
  1
TABLEFORMAT_BEGIN
 90
        5
170
     1
 91
        0
 92
    32768
 62
   257
 93
        1
300
CONTENTFORMAT
  1
CONTENTFORMAT_BEGIN
 90
        0
 91
        0
 92
      512
 93
        0
300

 40
0.0
140
1.0
 94
        5
 62
     0
340
11
144
6.0
309
CONTENTFORMAT_END
171
     1
301
MARGIN
  1
CELLMARGIN_BEGIN
 40
1.5
 40
1.5
 40
1.5
 40
1.5
 40
0.18
 40
0.18
309
CELLMARGIN_END
 94
        6
 95
        1
302
GRIDFORMAT
  1
GRIDFORMAT_BEGIN
 90
        0
 91
        1
 62
     0
 92
       -2
340
0
 93
        0
 40
1.125
309
GRIDFORMAT_END
 95
        2
302
GRIDFORMAT
  1
GRIDFORMAT_BEGIN
 90
        0
 91
        1
 62
     0
 92
       -2
340
0
 93
        0
 40
1.125
309
GRIDFORMAT_END
 95
        4
302
GRIDFORMAT
  1
GRIDFORMAT_BEGIN
 90
        0
 91
        1
 62
     0
 92
       -2
340
0
 93
        0
 40
1.125
309
GRIDFORMAT_END
 95
        8
302
GRIDFORMAT
  1
GRIDFORMAT_BEGIN
 90
        0
 91
        1
 62
     0
 92
       -2
340
0
 93
        0
 40
1.125
309
GRIDFORMAT_END
 95
       16
302
GRIDFORMAT
  1
GRIDFORMAT_BEGIN
 90
        0
 91
        1
 62
     0
 92
       -2
340
0
 93
        0
 40
1.125
309
GRIDFORMAT_END
 95
       32
302
GRIDFORMAT
  1
GRIDFORMAT_BEGIN
 90
        0
 91
        1
 62
     0
 92
       -2
340
0
 93
        0
 40
1.125
309
GRIDFORMAT_END
309
TABLEFORMAT_END
  1
CELLSTYLE_BEGIN
 90
        1
 91
        1
300
_TITLE
309
CELLSTYLE_END
300
CELLSTYLE
  1
TABLEFORMAT_BEGIN
 90
        5
170
     1
 91
        0
 92
        0
 62
   257
 93
        1
300
CONTENTFORMAT
  1
CONTENTFORMAT_BEGIN
 90
        0
 91
        0
 92
      512
 93
        0
300

 40
0.0
140
1.0
 94
        5
 62
     0
340
11
144
4.5
309
CONTENTFORMAT_END
171
     1
301
MARGIN
  1
CELLMARGIN_BEGIN
 40
1.5
 40
1.5
 40
1.5
 40
1.5
 40
0.18
 40
0.18
309
CELLMARGIN_END
 94
        6
 95
        1
302
GRIDFORMAT
  1
GRIDFORMAT_BEGIN
 90
        0
 91
        1
 62
     0
 92
       -2
340
0
 93
        0
 40
1.125
309
GRIDFORMAT_END
 95
        2
302
GRIDFORMAT
  1
GRIDFORMAT_BEGIN
 90
        0
 91
        1
 62
     0
 92
       -2
340
0
 93
        0
 40
1.125
309
GRIDFORMAT_END
 95
        4
302
GRIDFORMAT
  1
GRIDFORMAT_BEGIN
 90
        0
 91
        1
 62
     0
 92
       -2
340
0
 93
        0
 40
1.125
309
GRIDFORMAT_END
 95
        8
302
GRIDFORMAT
  1
GRIDFORMAT_BEGIN
 90
        0
 91
        1
 62
     0
 92
       -2
340
0
 93
        0
 40
1.125
309
GRIDFORMAT_END
 95
       16
302
GRIDFORMAT
  1
GRIDFORMAT_BEGIN
 90
        0
 91
        1
 62
     0
 92
       -2
340
0
 93
        0
 40
1.125
309
GRIDFORMAT_END
 95
       32
302
GRIDFORMAT
  1
GRIDFORMAT_BEGIN
 90
        0
 91
        1
 62
     0
 92
       -2
340
0
 93
        0
 40
1.125
309
GRIDFORMAT_END
309
TABLEFORMAT_END
  1
CELLSTYLE_BEGIN
 90
        2
 91
        1
300
_HEADER
309
CELLSTYLE_END
300
CELLSTYLE
  1
TABLEFORMAT_BEGIN
 90
        5
170
     1
 91
        0
 92
        0
 62
   257
 93
        1
300
CONTENTFORMAT
  1
CONTENTFORMAT_BEGIN
 90
        0
 91
        0
 92
      512
 93
        0
300

 40
0.0
140
1.0
 94
        2
 62
     0
340
11
144
4.5
309
CONTENTFORMAT_END
171
     1
301
MARGIN
  1
CELLMARGIN_BEGIN
 40
1.5
 40
1.5
 40
1.5
 40
1.5
 40
0.18
 40
0.18
309
CELLMARGIN_END
 94
        6
 95
        1
302
GRIDFORMAT
  1
GRIDFORMAT_BEGIN
 90
        0
 91
        1
 62
     0
 92
       -2
340
0
 93
        0
 40
1.125
309
GRIDFORMAT_END
 95
        2
302
GRIDFORMAT
  1
GRIDFORMAT_BEGIN
 90
        0
 91
        1
 62
     0
 92
       -2
340
0
 93
        0
 40
1.125
309
GRIDFORMAT_END
 95
        4
302
GRIDFORMAT
  1
GRIDFORMAT_BEGIN
 90
        0
 91
        1
 62
     0
 92
       -2
340
0
 93
        0
 40
1.125
309
GRIDFORMAT_END
 95
        8
302
GRIDFORMAT
  1
GRIDFORMAT_BEGIN
 90
        0
 91
        1
 62
     0
 92
       -2
340
0
 93
        0
 40
1.125
309
GRIDFORMAT_END
 95
       16
302
GRIDFORMAT
  1
GRIDFORMAT_BEGIN
 90
        0
 91
        1
 62
     0
 92
       -2
340
0
 93
        0
 40
1.125
309
GRIDFORMAT_END
 95
       32
302
GRIDFORMAT
  1
GRIDFORMAT_BEGIN
 90
        0
 91
        1
 62
     0
 92
       -2
340
0
 93
        0
 40
1.125
309
GRIDFORMAT_END
309
TABLEFORMAT_END
  1
CELLSTYLE_BEGIN
 90
        3
 91
        2
300
_DATA
309
CELLSTYLE_END
  0
ENDSEC
  0
EOF
